DATE,OPEN_7189,CLOSE_7189,OPEN_7327,CLOSE_7327,saya_divide,saya_divide_mean,saya_divide_std,saya_divide_sigma,deviation_rate(%),CORR_3M,COINT_3M,CORR_1Y,COINT_1Y
2020-06-12,736,738,2249.0,2255.0,0.32727272727272727,0.28359837747775013,0.02380230561087001,1.8348789612646594,13.34,0.6008016633432527,0.6586200662583201,0.9210274725928597,0.0532219638041312
2020-06-11,774,759,2334.0,2318.0,0.3274374460742019,0.28280635672029336,0.02331925681318103,1.913915598231293,13.63,0.6145436252037595,0.3724826083496324,0.9243624458013878,0.005947043178334039
2020-06-10,806,791,2352.0,2326.0,0.34006878761822873,0.28198802114972316,0.022810022626564022,2.5462827205119063,17.08,0.6220142124827429,0.273707812001707,0.9295632695216132,0.003012931760082997
2020-06-09,813,801,2430.0,2358.0,0.33969465648854963,0.28102287316214963,0.021842981703115168,2.686070250108411,17.27,0.6219618736955083,0.3497911596779001,0.9347307182286396,0.009036521446531668
2020-06-08,779,794,2367.0,2401.0,0.33069554352353187,0.2800236238470277,0.020826649068199837,2.4330327702056964,15.32,0.6138136157206389,0.3727386966063072,0.9384361680544716,0.014128025258834763
2020-06-05,762,758,2330.0,2317.0,0.32714717306862323,0.27913293846520165,0.020054664006549535,2.3941679894383117,14.68,0.6118017019186097,0.25329715671361075,0.9419359449453716,0.00758752116238107
2020-06-04,775,753,2383.0,2286.0,0.3293963254593176,0.2782778943966137,0.019343794922081093,2.6426268097141463,15.52,0.6158833813899758,0.1729215378576236,0.945478253080832,0.005294788795490321
2020-06-03,772,755,2366.0,2300.0,0.3282608695652174,0.2774147654456273,0.01846803140010786,2.753195671916234,15.49,0.6196150374423482,0.07053624043342185,0.9487018798049752,0.0029610947510096447
2020-06-02,742,762,2284.0,2316.0,0.3290155440414508,0.27662902550020974,0.017517169035525103,2.9905813225299327,15.92,0.6258800780830297,0.10568846640550866,0.9521885974754252,0.003614156293973696
2020-06-01,728,729,2254.0,2245.0,0.3247216035634744,0.275853160753969,0.016434932215262356,2.9734496114394418,15.05,0.6441744793397436,0.015443996580229637,0.9551156584801264,0.0008909040938548319
2020-05-29,719,742,2286.0,2262.0,0.3280282935455349,0.2751001989526171,0.015442450082933386,3.4274415205274082,16.14,0.669157446541524,0.20306018602655884,0.9586509540384912,0.027406090356008696
2020-05-28,711,713,2280.0,2336.0,0.305222602739726,0.27431419180781463,0.014176857151238372,2.180201902451382,10.13,0.6661106928861519,0.08727843633197202,0.9598749424650622,0.008762303625067972
2020-05-27,690,698,2193.0,2233.0,0.31258396775638153,0.2738223832968236,0.013728803109569745,2.823376819537816,12.4,0.6876340923385219,0.2661090258702236,0.9616154494072684,0.022792408261487016
2020-05-26,637,652,2120.0,2143.0,0.30424638357442835,0.27326046708103624,0.012972432184839195,2.388597300173607,10.18,0.7116273187851129,0.3834749573705833,0.9626774028899259,0.030077668430039613
2020-05-25,632,630,2130.0,2112.0,0.29829545454545453,0.27277336409478453,0.01247618777915878,2.0456641806324956,8.56,0.7356891295369502,0.3087657554192431,0.9633103490585492,0.021723418938840867
2020-05-22,642,631,2134.0,2103.0,0.30004755111745124,0.27231801152425933,0.012155482870493527,2.2812371905441267,9.24,0.7603536168512226,0.17671775054920855,0.9637862712048456,0.017556051807751008
2020-05-21,649,643,2134.0,2120.0,0.30330188679245285,0.27188076468508193,0.011732609761530111,2.678101696554946,10.36,0.7803012590589541,0.14082019873890506,0.9645850716544782,0.018324424856193275
2020-05-20,640,644,2126.0,2134.0,0.30178069353327086,0.2714454622692823,0.011149927237084429,2.7206662984395282,10.05,0.8160176968692705,0.10620258043856624,0.9654264695526642,0.01415573676630231
2020-05-19,658,644,2217.0,2146.0,0.3000931966449208,0.2710990180002833,0.010591680323942348,2.7374484272430832,9.66,0.8461491663268711,0.10908404621191993,0.9662498266128766,0.012149400222537922
2020-05-18,623,631,2143.0,2117.0,0.298063297118564,0.27075885816543527,0.010050911741031397,2.7166131448217077,9.16,0.8692874243530295,0.19738862109956445,0.9670313967308244,0.02901686909898453
2020-05-15,614,622,2196.0,2166.0,0.2871652816251154,0.2703994534628498,0.009536920261875859,1.7579918571079494,5.84,0.8917995294055118,0.2386433369215181,0.9667775383962952,0.0510961374227613
2020-05-14,614,607,2219.0,2151.0,0.2821943282194328,0.2701832459834535,0.009336071608248234,1.286524219176698,4.26,0.8941260337965623,0.2089617493810196,0.9663783867908721,0.058431526376374124
2020-05-13,621,627,2193.0,2221.0,0.28230526789734356,0.2700272501209728,0.009231231948288557,1.3300519199549616,4.35,0.904988879899136,0.2842646043043807,0.9659879578966212,0.09002550139721005
2020-05-12,606,612,2281.0,2231.0,0.27431645002241145,0.26986703132663314,0.00912035577516006,0.4878558255256463,1.62,0.9118864803286888,0.29561718887560595,0.9654364215857041,0.1677197638072897
2020-05-11,618,616,2266.0,2281.0,0.27005699254712845,0.2698320158183265,0.009108239264628363,0.02470035341250235,0.08,0.9179698031173706,0.30056675680341843,0.965198166167874,0.16881817256286513
2020-05-08,604,611,2246.0,2263.0,0.26999558108705257,0.26984526658807617,0.009109279766584495,0.016501249585922046,0.06,0.9245108919199811,0.3335095245979914,0.9651891675109944,0.06292818316420146
2020-05-07,603,597,2254.0,2240.0,0.26651785714285714,0.2698650276833187,0.009111191782070581,-0.3673691236582562,-1.26,0.9246244905675224,0.3495961495111325,0.9651292096274182,0.07365457417545679
2020-05-01,621,610,2310.0,2278.0,0.2677787532923617,0.26995073664892627,0.00910953657560739,-0.23842962136849694,-0.81,0.9479046884973052,0.3241430503595447,0.9651821295616696,0.0654819417399654
2020-04-30,628,631,2375.0,2346.0,0.2689684569479966,0.2701158494978973,0.009180621907950676,-0.12497982831718962,-0.43,0.9504303213738978,0.2969526734289762,0.9649916616613096,0.06469600833566758
2020-04-28,614,615,2318.0,2325.0,0.2645161290322581,0.2702810006777814,0.009269475478903711,-0.6219199412786095,-2.18,0.9543566782632462,0.2580503489796116,0.9647836299285014,0.033366341517390326
2020-04-27,608,608,2290.0,2312.0,0.2629757785467128,0.2704585792910251,0.009284894612032642,-0.8059112199954435,-2.85,0.9560018958812287,0.3013423691990951,0.9645641019086786,0.03993321625622906
2020-04-24,600,602,2229.0,2240.0,0.26875,0.27066793805640776,0.009290833598834645,-0.20643336639333884,-0.71,0.9565180166813159,0.3584949066083265,0.9650367629808128,0.04335491950002775
2020-04-23,583,602,2139.0,2232.0,0.26971326164874554,0.2707950220890809,0.009328838960806354,-0.11595874308477319,-0.4,0.9576731207400352,0.359486075146685,0.9651661234514234,0.03951950702671712
2020-04-22,582,588,2077.0,2135.0,0.2754098360655738,0.2709452933545293,0.009400699382191575,0.47491601736589595,1.62,0.9593594370845834,0.30510561126053043,0.9653009809856966,0.038900340814789006
2020-04-21,587,589,2099.0,2116.0,0.2783553875236295,0.2710635457834335,0.009511247239299418,0.7666546307477846,2.62,0.9614539594067684,0.2341297124368001,0.9656052949499976,0.02366291367549831
2020-04-20,620,606,2094.0,2123.0,0.28544512482336315,0.27110118589741194,0.009545553789113096,1.502682740346691,5.03,0.9645970256175094,0.06746749192290549,0.9656403624452521,0.0086484236001221
2020-04-17,608,621,2120.0,2091.0,0.296987087517934,0.2710649075996564,0.009496011913844641,2.7297964822984855,8.73,0.9702939007551182,0.1044180267388109,0.9674627150312328,0.013757935363065393
2020-04-16,588,608,2070.0,2097.0,0.2899380066762041,0.2708821289464118,0.009119780406823775,2.0895105890415944,6.57,0.9736289452346673,0.16101404301878058,0.9682816490602912,0.023362341305484542
2020-04-15,604,600,2213.0,2120.0,0.2830188679245283,0.27079660424619395,0.008969513326258859,1.3626451328806033,4.32,0.9754541881651352,0.19195092337776365,0.9687967252276266,0.02931949110410325
2020-04-14,604,614,2254.0,2227.0,0.27570722945666815,0.2708036645018239,0.008979334196661465,0.5460944929154531,1.78,0.9766112948052724,0.4286691032722208,0.9692309443198311,0.030873570248910742
2020-04-13,615,611,2335.0,2246.0,0.27203918076580585,0.27090970318532104,0.009082975764433197,0.12435105077650718,0.42,0.9773646776255744,0.2348521083786828,0.9689575252814898,0.0324704750535731
2020-04-10,597,624,2288.0,2365.0,0.2638477801268499,0.2710287506675834,0.009155223759481836,-0.7843577316497995,-2.72,0.9774650607597204,0.3083717792454723,0.96959848772051,0.032552183904187286
2020-04-09,591,590,2319.0,2271.0,0.25979744605900484,0.27127146402657587,0.009202804488171932,-1.2467957982067546,-4.42,0.977803098477972,0.2496414751904273,0.9696521546317264,0.026615086952095347
2020-04-08,590,586,2295.0,2329.0,0.2516101331043366,0.27159174834880967,0.00921589853430048,-2.1681678861918736,-7.94,0.9793062468464192,0.010837725289616277,0.9701547218248184,0.03546961967577855
2020-04-07,578,587,2275.0,2264.0,0.2592756183745583,0.2719694306505183,0.008966327624814707,-1.4157203268849243,-4.9,0.9799527613351032,0.0007343625296393082,0.9699794872997658,0.04043270751417544
2020-04-06,528,555,2152.0,2241.0,0.24765729585006693,0.2722635335166353,0.008906694034511517,-2.762667895767442,-9.94,0.9823428987891468,0.7357150038819857,0.9698658536836736,0.05701572886008359
2020-04-03,546,536,2143.0,2143.0,0.2501166588894074,0.27273261335634613,0.008516294668990494,-2.6556096689899547,-9.04,0.9838066440329116,0.8000810173492579,0.9693618649379728,0.07988703709423113
2020-04-02,564,540,2223.0,2123.0,0.25435704192180875,0.2731639583373878,0.008172211845337986,-2.301325121216466,-7.39,0.9844635011421332,0.8146906663289409,0.9692296929865324,0.043296209580137295
2020-04-01,617,584,2346.0,2249.0,0.259670964873277,0.27362096603762864,0.008065394102184209,-1.7296118438370915,-5.37,0.9848843560102148,0.2586572060955888,0.9692303880973666,0.039690430485599976
2020-03-31,649,610,2421.0,2363.0,0.2581464240372408,0.2739983350507406,0.008065986065644327,-1.9652787501107003,-6.14,0.9857329830543872,0.10782197024559298,0.9695268160414188,0.03507256921646741
2020-03-30,619,659,2355.0,2455.0,0.2684317718940937,0.27437476589746446,0.007975691075774576,-0.745138439654725,-2.21,0.9857758660890574,0.13869254339482198,0.9693926491146776,0.027189560708498525
2020-03-27,634,661,2368.0,2527.0,0.26157499010684604,0.27457457007790503,0.008011927647100285,-1.6225283781442865,-4.97,0.986271166773672,0.20558738704232526,0.969115928821246,0.08302918238251711
2020-03-26,585,604,2240.0,2282.0,0.26468010517090274,0.27493201223879926,0.008021994215386562,-1.2779748766501087,-3.87,0.9858736256879844,0.3500991667685521,0.9688136434632848,0.07031716820189687
2020-03-25,600,600,2271.0,2261.0,0.26536930561698363,0.27520105842387493,0.008012020412919572,-1.2271252817875213,-3.7,0.9859126606259782,0.14875172034803713,0.968733480961688,0.05484138305456241
2020-03-24,564,584,2205.0,2171.0,0.2690004606172271,0.2754729689786741,0.008019786297796696,-0.8070674356030212,-2.41,0.9854465733009599,0.07482282331317322,0.9682186152710572,0.06711133862141133
2020-03-23,517,564,2088.0,2155.0,0.2617169373549884,0.2756958199799682,0.00806890280108878,-1.7324390898714968,-5.34,0.985288450560399,0.4655215953017862,0.9676211901090976,0.06011266040483921
2020-03-19,539,507,2010.0,2038.0,0.24877330716388615,0.2759970661919435,0.007962441100162311,-3.4190217152755293,-10.94,0.9861350583307428,0.6931465838409998,0.9668270232836452,0.10105556220537533
2020-03-18,534,526,1944.0,1970.0,0.267005076142132,0.27657205552209435,0.007520576330465519,-1.2721072108804965,-3.58,0.9852607411853918,0.7045509061827577,0.965881609241492,0.08935701106129085
2020-03-17,500,535,1727.0,1927.0,0.2776336274001038,0.27690068588210925,0.007633014750890704,0.09602254704263416,0.26,0.9846278769228634,0.7290175616020091,0.9656159704824032,0.07605922215061937
2020-03-16,494,519,1794.0,1789.0,0.29010620458356623,0.27707135199257177,0.007788997555316701,1.6734955298704626,4.49,0.9845804833033532,0.8125122440038539,0.9657547856450396,0.07143081885480924
2020-03-13,473,492,1750.0,1779.0,0.2765598650927487,0.2771140123059687,0.007868627420526044,-0.07042488906952916,-0.2,0.9829580071476184,0.8252470747333156,0.9657603930983376,0.04209557898048024
2020-03-12,537,524,1961.0,1888.0,0.2775423728813559,0.2773470282517501,0.008104010309853662,0.024104686709033266,0.07,0.9820876195659368,0.648120708936196,0.965621272334616,0.015029953909503747
2020-03-11,558,550,1985.0,1961.0,0.2804691483936767,0.2775741823389827,0.00834158583459527,0.3470522406767859,1.03,0.9812752051211214,0.5634572200386349,0.9658678730145164,0.008311156295028833
2020-03-10,533,560,1905.0,1983.0,0.28240040342914774,0.27778803000445673,0.00861419170200494,0.5354389110724671,1.63,0.9808528497248399,0.4667629501306761,0.966200302317724,0.004930093654665765
2020-03-09,563,550,2016.0,1949.0,0.2821959979476655,0.27801276125370206,0.008945093264297958,0.46765713563431877,1.48,0.9807908881033116,0.5679880115958656,0.9662907384297922,0.010691260752744007
2020-03-06,600,587,2176.0,2122.0,0.2766258246936852,0.27823127785223206,0.009239933446571076,-0.17375159332372225,-0.58,0.9793516513954652,0.6963025623566071,0.9660879741581908,0.02089037750003619
2020-03-05,620,615,2230.0,2220.0,0.27702702702702703,0.2785174216062324,0.009514020162806898,-0.15665245119321347,-0.54,0.9785165673791604,0.4580488973497657,0.9661085466347028,0.012336997446778694
2020-03-04,620,619,2200.0,2210.0,0.28009049773755657,0.2787982159957881,0.009773134450492736,0.13222797131408875,0.46,0.9788893505432597,0.15796543635468996,0.9665744238188398,0.007050004682348761
2020-03-03,640,636,2291.0,2250.0,0.2826666666666667,0.27907154366450543,0.010087070078621106,0.35640904386902994,1.27,0.9810546397275612,0.051960869917672924,0.9670872918011528,0.00819580132818124
2020-03-02,610,626,2200.0,2238.0,0.2797140303842717,0.2792961912483774,0.010348853941227176,0.040375401785284405,0.15,0.9821843693609772,0.04713564286475734,0.967060503679374,0.008774470079398286
2020-02-28,622,620,2258.0,2240.0,0.2767857142857143,0.27965731308817565,0.010819002926661506,-0.2654217603902118,-1.04,0.9841300590649368,0.01301713829594929,0.9670518548368912,0.016789739076476098
2020-02-27,638,637,2400.0,2328.0,0.27362542955326463,0.27987368430819654,0.010921198790135526,-0.5721216942388763,-2.28,0.9855126267746172,0.06392141747576813,0.9670327600887504,0.01834170518517761
2020-02-26,639,652,2403.0,2434.0,0.26787181594083814,0.28007750800835846,0.010945307746316598,-1.1151529358896162,-4.56,0.9851219072910912,0.05583410915934282,0.9667222017961772,0.025146505377676376
2020-02-25,655,651,2484.0,2453.0,0.2653893192009784,0.2803622347237484,0.010901757510625762,-1.3734405216935084,-5.64,0.9808784486339712,0.3906300276027868,0.9659676709148436,0.041613611237665465
2020-02-21,681,679,2561.0,2566.0,0.26461418550272797,0.2807212203919504,0.010845949713641839,-1.485073720096941,-6.09,0.9740234697902892,0.4044767706226494,0.9646819430903996,0.11166862512695752
2020-02-20,694,682,2573.0,2546.0,0.2678711704634721,0.2810918620798787,0.010763852344517297,-1.2282490685726215,-4.94,0.9685787582505824,0.6247112634384278,0.9618829378907982,0.4238936793379003
2020-02-19,683,675,2561.0,2537.0,0.26606227828143475,0.28137852352074255,0.010694004213707874,-1.432227342838991,-5.76,0.9611774466941077,0.7194730487857954,0.9618726203871784,0.10237227379835816
2020-02-18,688,685,2605.0,2559.0,0.26768268855021493,0.2817100771937712,0.010599059930480265,-1.3234559230311553,-5.24,0.9542833672378652,0.7332544579136714,0.9617251476549484,0.09695975672172713
2020-02-17,689,691,2603.0,2610.0,0.2647509578544061,0.2820228312198527,0.010526354679754178,-1.6408219075751265,-6.52,0.9467418168570668,0.7583621547532495,0.9622359452793814,0.047089334252791465
2020-02-14,691,698,2632.0,2645.0,0.26389413988657845,0.2823153277176868,0.010345589823459768,-1.7805836250472908,-6.98,0.9361497452416816,0.9601177856246704,0.9625610801170148,0.04198414256983125
2020-02-13,703,697,2670.0,2650.0,0.2630188679245283,0.28257041514195214,0.010121677333384017,-1.931650908583856,-7.43,0.9223306928277372,0.9757229940588752,0.962837373219131,0.048735943272819215
2020-02-12,719,704,2700.0,2660.0,0.2646616541353383,0.2828667596251401,0.009867068948313603,-1.8450368174343426,-6.88,0.9113872700140612,0.9573695400269248,0.9630551124662524,0.053521182003409516
2020-02-10,723,728,2720.0,2703.0,0.2693303736588975,0.2831601597922244,0.009646060249714499,-1.4337237976236201,-5.13,0.890101673854492,0.9742118649005268,0.9628261746030592,0.06116893562322901
2020-02-07,755,738,2822.0,2725.0,0.2708256880733945,0.28334865410296123,0.009511153143272121,-1.3166611704097146,-4.62,0.8743180839985614,0.9892133413017976,0.9608068077276511,0.069740301601304
2020-02-06,756,757,2815.0,2822.0,0.26824946846208364,0.2835485505023405,0.009402785581567399,-1.6270797528604912,-5.7,0.8515336723359047,0.9912364789917132,0.9587661094814868,0.018561343622969503
2020-02-05,745,744,2780.0,2765.0,0.26907775768535264,0.28377028391042824,0.009233959259469088,-1.5911404644772456,-5.46,0.8410580262619929,0.9558034590347856,0.9568830247283644,0.013080267507107866
2020-02-04,729,739,2700.0,2754.0,0.2683369644153958,0.2839906764266475,0.00907657147198298,-1.7246282982038594,-5.83,0.8312491009180886,0.8094613623422875,0.9552013504401314,0.008688561493939024
2020-02-03,718,731,2688.0,2703.0,0.27044025157232704,0.2841730128360682,0.008895836795960947,-1.5437290025348016,-5.08,0.8173579519550268,0.7434301579299671,0.9542506725058,0.0034979395662027373
2020-01-31,732,733,2758.0,2738.0,0.2677136596055515,0.284332621713259,0.008754274419989515,-1.8983825855127157,-6.21,0.8038836403940179,0.7517183400357039,0.9528455596067164,0.003647502148431737
2020-01-30,720,719,2689.0,2722.0,0.2641440117560617,0.2845176919571015,0.008545205879477442,-2.3842234450980477,-7.71,0.7843149820044829,0.6500754426564868,0.9520303668693932,0.001840895587451551
2020-01-29,724,728,2669.0,2724.0,0.26725403817914833,0.28478405835680665,0.008210797415164095,-2.1349960657028304,-6.56,0.7628084184718849,0.6783517897962829,0.950942143379997,0.0020315481909696483
2020-01-28,720,724,2640.0,2675.0,0.27065420560747666,0.2849582760628543,0.007972148283973492,-1.7942554435588303,-5.28,0.7305730244697726,0.7005569497996793,0.9496766566887042,0.003842584840218553
2020-01-27,736,735,2688.0,2665.0,0.275797373358349,0.2850779022310786,0.007822521145619566,-1.1863859106250556,-3.36,0.6935225654327091,0.6183188389731936,0.9476757041985896,0.2643489770345603
2020-01-24,758,754,2775.0,2746.0,0.2745812090313183,0.2851417516607817,0.0077658485433186215,-1.3598697644636961,-3.85,0.6726995273548153,0.4257163448841527,0.9470330142922484,0.006741957496382747
2020-01-23,764,761,2835.0,2807.0,0.27110794442465264,0.2851851786064988,0.007715616368521543,-1.824511939095231,-5.19,0.6705253899689534,0.3866893905810264,0.946900065802962,0.003791776787239212
2020-01-22,779,776,2852.0,2864.0,0.2709497206703911,0.2852839208535128,0.007581042329128654,-1.8907954290197508,-5.29,0.6903159238575576,0.3911292722913093,0.9468736651276752,0.004591104210549055
2020-01-21,781,782,2894.0,2891.0,0.27049463853337946,0.2853638653890146,0.0074601115523274305,-1.9931641439056202,-5.5,0.6964344079575248,0.34341119159451017,0.9471417619255752,0.003244312020466959
2020-01-20,789,786,2902.0,2908.0,0.2702888583218707,0.28542142881360955,0.007361156137209113,-2.0557328508828707,-5.6,0.7287668492313903,0.3119965812613004,0.9476269478990956,0.002474319389744025
2020-01-17,784,786,2881.0,2893.0,0.2716902868994124,0.28543772680291646,0.00732891635522984,-1.8757807071565287,-5.06,0.7610495991250751,0.20560120895576006,0.9477220175528556,0.004396938242107478
2020-01-16,785,779,2900.0,2874.0,0.2710508002783577,0.2854219462367962,0.007359709753412957,-1.9526783582428726,-5.3,0.7866393669724621,0.2316856873733426,0.9476352855229652,0.06760161663487585
2020-01-15,790,790,2895.0,2910.0,0.27147766323024053,0.2854862658303837,0.00725415562753102,-1.9311141529660119,-5.16,0.8103025503419287,0.1874741611898996,0.9470265123158828,0.10918005650445622
2020-01-14,823,794,2970.0,2909.0,0.27294602956342384,0.2854916872939409,0.007243828727906037,-1.731909767853337,-4.6,0.8324909704371388,0.5318448720878388,0.9468484241171604,0.09605225571341323
2020-01-10,836,829,2969.0,2959.0,0.28016221696519095,0.2854919784183505,0.007243324942082307,-0.7358169757364712,-1.9,0.8507685905580677,0.574546344072548,0.9461240625382884,0.1545014496025432
2020-01-09,831,839,3005.0,2982.0,0.2813547954393025,0.2853192751849927,0.007517569048081158,-0.5273619331374385,-1.41,0.8684509975143317,0.5411689369042324,0.9460479317693041,0.09681420668919244
2020-01-08,828,816,2953.0,2937.0,0.27783452502553624,0.2851204605954862,0.0078112260915435,-0.9327518477333229,-2.62,0.8841008481134838,0.551034607883882,0.9456753740825034,0.1296045540581986
2020-01-07,834,843,3005.0,3025.0,0.2786776859504132,0.2849728879850545,0.008048429044979516,-0.7821653144309122,-2.26,0.8963767788839119,0.5041182911644868,0.9460293735160512,0.07633472127855616
2020-01-06,838,829,2985.0,2979.0,0.27828130245048677,0.2847722464965048,0.008383459072399842,-0.7742560666142703,-2.33,0.909057798198902,0.5150636819795552,0.9462708343078226,0.058304137069815964
2019-12-30,868,857,3075.0,3050.0,0.28098360655737703,0.28468399931004557,0.008485533630572948,-0.43608250391421555,-1.32,0.9195603461436999,0.6562385813345586,0.9459145270978392,0.1167168043889023
2019-12-27,861,877,3065.0,3085.0,0.2842787682333874,0.284482397273484,0.008746651052282924,-0.02328080071783393,-0.07,0.9194945790138116,0.5762712249250572,0.94498983265609,0.10620903655230167
2019-12-26,849,859,3000.0,3055.0,0.2811783960720131,0.28420618373752465,0.009069848108754068,-0.33383002991959343,-1.08,0.9204550062646384,0.6398882591363285,0.9439455124819184,0.1809929716588779
2019-12-25,867,851,3095.0,3010.0,0.28272425249169436,0.2839678911447365,0.009375879270013668,-0.13264234929086272,-0.44,0.9185697843652704,0.7138659255187559,0.9423547553891446,0.22377574438134493
2019-12-24,878,864,3070.0,3050.0,0.28327868852459015,0.2837365478304574,0.009614727609867847,-0.047620621659350215,-0.16,0.9150525669394152,0.7943034662236658,0.9404626134960208,0.27861796282021223
2019-12-23,879,869,3100.0,3065.0,0.2835236541598695,0.28347221618694346,0.009892194424496365,0.005199854624640517,0.02,0.911797525319396,0.7995032227491695,0.9405361714570508,0.22969569795185196
2019-12-20,869,879,3070.0,3100.0,0.2835483870967742,0.2832146280708725,0.010136026444765708,0.032927994783801,0.12,0.9107570149998117,0.7955511645983742,0.9382640090097276,0.3486903819489147
2019-12-19,867,868,3075.0,3060.0,0.28366013071895424,0.2829845923425445,0.01031994648118469,0.06545948446935775,0.24,0.91106400353871,0.5428250784691161,0.9374633403888476,0.19402067253894487
2019-12-18,881,871,3130.0,3100.0,0.28096774193548385,0.2827605871794072,0.010483884889504936,-0.1710096269483201,-0.64,0.9124039848256134,0.5888256700311956,0.9364121256173852,0.2413303220135075
2019-12-17,889,880,3125.0,3120.0,0.28205128205128205,0.28258234842457647,0.010625528756711328,-0.04998023020350739,-0.19,0.9155689283709522,0.5187831560892895,0.9355280620390616,0.2955150790852137
2019-12-16,878,877,3140.0,3090.0,0.28381877022653723,0.28241562899859785,0.0107301349795529,0.13076640979942752,0.49,0.9133019442473312,0.4824105854687613,0.9345676490195872,0.3407390104581932
2019-12-13,873,879,3095.0,3140.0,0.27993630573248407,0.28217295920056973,0.010900117218057608,-0.20519535921873586,-0.8,0.9172924529192048,0.5542480721707788,0.934477195108146,0.24895685045646795
2019-12-12,862,844,3055.0,3000.0,0.2813333333333333,0.2819543527851444,0.011105260805664442,-0.055921194709297295,-0.22,0.9184145301461222,0.5277431795873442,0.9339966013844432,0.3467135848721609
2019-12-11,871,857,3090.0,3030.0,0.28283828382838283,0.2816847528207427,0.011359590557129656,0.10154688250767607,0.41,0.920491044070542,0.3464930817080132,0.9340716646832016,0.2766129295747413
2019-12-10,884,870,3120.0,3080.0,0.2824675324675325,0.2813651886062567,0.011655900583664391,0.09457389013944582,0.39,0.9224077190773564,0.5789832271112271,0.933250342635624,0.3631873211733713
2019-12-09,888,876,3075.0,3035.0,0.2886326194398682,0.28110213955339874,0.01184907139443864,0.6355333372372,2.61,0.9261072388889828,0.21855661739897386,0.9332349050714812,0.28251354991413
2019-12-06,869,874,3025.0,3035.0,0.28797364085667215,0.28080400048552195,0.011936828024364653,0.6006319565395438,2.49,0.9327629429726751,0.1696595612580427,0.9339700708624948,0.1882300112256141
2019-12-05,854,862,3005.0,3010.0,0.28637873754152826,0.28050643411069054,0.012032180218269834,0.4880498234161364,2.05,0.9400357472777472,0.10506029554564096,0.9351849393075584,0.14348482854180195
2019-12-04,835,846,2909.0,2985.0,0.2834170854271357,0.28028295369330253,0.012076609206898984,0.25952083735910864,1.11,0.9473377373456052,0.15250809193495318,0.9365654545264444,0.13739289994420426
2019-12-03,845,849,3005.0,2944.0,0.288383152173913,0.2800792432377651,0.012150655431176527,0.6834124285050074,2.88,0.9515108539554834,0.08398404611417888,0.9383208083702612,0.1229399069941332
2019-12-02,847,856,2958.0,3005.0,0.2848585690515807,0.27978862428365303,0.01220908983533373,0.4152598462544668,1.78,0.9565284320293888,0.07159835343844513,0.94064282841337,0.14041386571132064
2019-11-29,839,845,2948.0,2957.0,0.28576259722691916,0.2795200767358087,0.012315662721125487,0.5068765386374576,2.18,0.9619795577284054,0.048671767226994685,0.9417287205455523,0.2094858523008241
2019-11-28,843,842,2948.0,2947.0,0.2857142857142857,0.2792626613677115,0.012384068174416125,0.5209616303552349,2.26,0.9645409907391688,0.032482170337610285,0.942710170420438,0.20830304397763247
2019-11-27,839,839,2904.0,2951.0,0.28431040325313456,0.2790577280641866,0.01240276847828031,0.42350828350512404,1.85,0.967329147156904,0.09376744634366202,0.943839550106889,0.11304876293202835
2019-11-26,854,843,2926.0,2888.0,0.2918975069252078,0.2788141805637909,0.012476355741430767,1.0486496724336327,4.48,0.9674720752427683,0.1146003741500039,0.9450233966034562,0.07770198966776429
2019-11-25,856,849,2960.0,2911.0,0.2916523531432497,0.2784430710569887,0.01249560749571552,1.0571140371358678,4.53,0.9681857203674772,0.10251447563822276,0.9460302664748036,0.07993618405459069
2019-11-22,853,844,2908.0,2906.0,0.2904335856847901,0.27809467006888927,0.01248672548007473,0.988162640044441,4.25,0.968852932806446,0.09110756757891414,0.9460248019564528,0.07994083993117551
2019-11-21,844,850,2891.0,2898.0,0.29330572808833677,0.27768843463908865,0.01257399373489666,1.2420312733181482,5.32,0.9688710073812874,0.09486466137711652,0.9468665047353518,0.07215092303762506
2019-11-20,862,848,2915.0,2884.0,0.29403606102635227,0.2773164179318179,0.012519060113699994,1.3355350116289932,5.69,0.968972843758694,0.100888353267986,0.9473540223025056,0.08153489034416211
2019-11-19,882,864,2952.0,2933.0,0.29457892942379815,0.27700128520480904,0.012391040784422158,1.4185768996166548,5.97,0.9683967755257832,0.09428581602593894,0.9479644931726358,0.0819673625291732
2019-11-18,890,883,2963.0,2978.0,0.29650772330423103,0.2766819577542167,0.012241634883519802,1.6195357677841362,6.69,0.9670778206981198,0.08868123842875131,0.948750209784142,0.07324306176244863
2019-11-15,869,884,2893.0,2954.0,0.2992552471225457,0.2763810410272654,0.012026079183572362,1.9020501816191666,7.64,0.9657752618886556,0.0777862596896172,0.950011635001926,0.06497894567123368
2019-11-14,885,865,2955.0,2897.0,0.29858474283741804,0.27604816737102134,0.011730204591220702,1.9212431710921622,7.55,0.9648917104619222,0.10434684336615392,0.9513194605133354,0.0680735556066568
2019-11-13,894,888,2971.0,2979.0,0.2980866062437059,0.2758279704111289,0.01145690817055434,1.9428134974306994,7.47,0.9624398811777154,0.09377579783109664,0.9524045620772924,0.06604117839814297
2019-11-12,869,888,2898.0,2979.0,0.2980866062437059,0.27559642527082234,0.011176777718229499,2.0122240541835006,7.54,0.9596590488205492,0.06894295069440623,0.9534749777010232,0.06033736271047339
2019-11-11,868,866,2919.0,2881.0,0.30059007289135714,0.27533283254895374,0.010872233773720411,2.3230957748032792,8.4,0.958150381576278,0.07677881705090843,0.9543563377990176,0.0790863736655556
2019-11-08,883,865,2893.0,2888.0,0.2995152354570637,0.2750627012109527,0.010486170536359259,2.331884090700739,8.16,0.9564573619385941,0.010360651336530935,0.9551732100836896,0.07373222268141841
2019-11-07,885,871,2853.0,2839.0,0.3067981683691441,0.2748638075953347,0.010156781391160859,3.1441417850738533,10.41,0.9600182004452246,0.195958580369934,0.9547014370998892,0.16876989399343506
2019-11-06,839,843,2855.0,2877.0,0.2930135557872784,0.2745677071213578,0.009525577978070151,1.9364545341381634,6.3,0.9575955834146028,0.21708985522706287,0.9532029813125208,0.2348353451558572
2019-11-05,823,826,2834.0,2859.0,0.2889122070654075,0.2744562041513665,0.009356448979566096,1.5450309135027605,5.0,0.9547566211035832,0.1984695585395811,0.95158161262852,0.24584291640460945
2019-11-01,799,800,2724.0,2766.0,0.28922631959508316,0.2743613616060015,0.009244819484734037,1.607923011761144,5.14,0.9472830870118965,0.3811767641123112,0.9475125913314448,0.4383893331649221
2019-10-31,808,810,2782.0,2771.0,0.29231324431613137,0.2742602849396704,0.009122373975627788,1.97897602364176,6.18,0.9274275073733904,0.9157584679555768,0.9462725170881536,0.2846406587922625
2019-10-30,820,817,2803.0,2794.0,0.29241231209735147,0.27407954753956737,0.008894340989886779,2.061171769626236,6.27,0.9193652259428079,0.7120083010380559,0.9438129284865612,0.5242584324766113
2019-10-29,816,814,2800.0,2813.0,0.28937077852826165,0.27392735059522283,0.00867427515590978,1.7803709999350459,5.34,0.9165392400775212,0.389904342048979,0.9415863231477968,0.5431877351350223
2019-10-28,805,805,2778.0,2767.0,0.2909288037585833,0.2738160151769805,0.008527691425038612,2.0067316848915326,5.88,0.9179642379671079,0.29240192689013705,0.9390389108460464,0.5919084589168048
2019-10-25,796,805,2774.0,2765.0,0.2911392405063291,0.27371481921138285,0.008367546644450179,2.0823811369492753,5.98,0.9224225038076808,0.3656889651046081,0.9358780596971544,0.7328167633795413
2019-10-24,789,799,2787.0,2787.0,0.2866881951919627,0.2735838277232016,0.00816827301655768,1.604300865335621,4.57,0.9246079968085984,0.43855932005888826,0.9343077826037012,0.4826352128031552
2019-10-23,788,782,2768.0,2763.0,0.2830256967064785,0.273497250696695,0.008062647379491403,1.1818011580192083,3.37,0.9243472054030136,0.3691666469589932,0.9324340457285962,0.5746295768962586
2019-10-21,783,781,2722.0,2738.0,0.2852447041636231,0.27346805789972595,0.008031999939096845,1.4662159304275777,4.13,0.928202247744506,0.21262738112640311,0.9286288693079188,0.7440716130787743
2019-10-18,776,774,2722.0,2700.0,0.2866666666666667,0.27339775568086483,0.007951283672574234,1.6687759526891626,4.63,0.9326929816470584,0.3151062802550765,0.9278273901860248,0.6792755814417677
2019-10-17,794,775,2775.0,2734.0,0.2834674469641551,0.2733222097941514,0.007851141327438173,1.2921990251975375,3.58,0.9310590569133536,0.3717823542945241,0.9255669309733284,0.840181314299897
2019-10-16,791,788,2788.0,2757.0,0.28581791802684076,0.2732694707692065,0.007795905608888861,1.6096202144015925,4.39,0.9327635435121392,0.32907566490748336,0.926462005302966,0.4260882886461768
2019-10-15,781,780,2744.0,2738.0,0.28487947406866326,0.2731573633313995,0.0076741535992543,1.5274792960102856,4.11,0.9352580030045632,0.2445733525555093,0.9272634781730714,0.3527540792730633
2019-10-11,751,762,2650.0,2668.0,0.2856071964017991,0.27302673150154566,0.007555981594874527,1.6649676474579012,4.4,0.9409123381350212,0.2261197817825716,0.9288594578913164,0.3713617234782473
2019-10-10,743,740,2635.0,2624.0,0.2820121951219512,0.27287470491368354,0.007414716564369201,1.2323451785300998,3.24,0.9451913140650614,0.1905412981270393,0.929769175474528,0.3641681170555858
2019-10-09,732,745,2585.0,2638.0,0.2824109173616376,0.2728155582772244,0.007359075629973125,1.3038810262163605,3.4,0.9491730898756856,0.15223001983536946,0.930982394877619,0.39241291249318505
2019-10-08,744,742,2630.0,2635.0,0.28159392789373816,0.2727862647623135,0.007325116427744055,1.202392237489282,3.13,0.9527289953372714,0.08129292764916529,0.9317212410784904,0.4418049397119582
2019-10-07,736,739,2637.0,2601.0,0.28412149173394846,0.27272645817352953,0.007271073055780292,1.5671735757571863,4.01,0.9579486745401996,0.11673666790524673,0.931373360125648,0.4417149108293163
2019-10-04,738,735,2634.0,2622.0,0.2803203661327231,0.27262611487948823,0.007164269847579532,1.0739756342140556,2.74,0.9610474614957012,0.13851774744810094,0.9331288030841064,0.3493595174033357
2019-10-03,751,748,2665.0,2675.0,0.2796261682242991,0.27263628342130247,0.007175715478200594,0.9741028367458937,2.5,0.9633806756801316,0.11201621805345746,0.9346026314799052,0.3592313152800123
2019-10-02,758,766,2727.0,2730.0,0.2805860805860806,0.2726005977121073,0.007147464683335559,1.1172469159017415,2.85,0.9650635591403168,0.13752173908633594,0.9347351055173958,0.5043780413264775
2019-10-01,752,766,2710.0,2757.0,0.27783822996010155,0.2726053934109225,0.00715293962276007,0.7315644791029126,1.88,0.9658920879891536,0.12518249026400394,0.0,0.0
2019-09-30,754,757,2705.0,2718.0,0.27851361295069904,0.27262489555840447,0.007169155671701316,0.821396223203662,2.11,0.9670257092551956,0.13453026211164115,0.0,0.0
2019-09-27,752,758,2761.0,2737.0,0.27694556083302885,0.27264471405239515,0.007187438295087583,0.5983838196667657,1.55,0.9666013481389802,0.1838371896668698,0.0,0.0
2019-09-26,764,767,2823.0,2791.0,0.2748118953780007,0.2727127903353052,0.007251743563577841,0.28946211684019535,0.76,0.9664279228843068,0.1525265815531795,0.0,0.0
2019-09-25,749,751,2728.0,2766.0,0.27151120751988433,0.27286012123834913,0.007403552122078306,-0.18219817949848258,-0.5,0.9663393745660273,0.14533452015775294,0.0,0.0
2019-09-24,741,742,2722.0,2743.0,0.27050674444039374,0.27306816975059567,0.007579863759655007,-0.33792498010788885,-0.95,0.9666467415147868,0.15061424613939212,0.0,0.0
2019-09-20,748,749,2720.0,2715.0,0.2758747697974217,0.2732842569809009,0.007733219585306898,0.3349850328112697,0.94,0.9669083736996754,0.15352012431715584,0.0,0.0
2019-09-19,737,733,2670.0,2696.0,0.27188427299703266,0.27347532242843625,0.007968315036677642,-0.19967200394061885,-0.59,0.9671280545397828,0.16258475918472898,0.0,0.0
2019-09-18,721,722,2668.0,2645.0,0.2729678638941399,0.2736576386134212,0.00808539402599413,-0.08531120648711578,-0.25,0.9676016330553108,0.13588735416114872,0.0,0.0
2019-09-17,706,722,2690.0,2702.0,0.26720947446336046,0.27381462869941714,0.008184180876304131,-0.8070635700612078,-2.47,0.9683637426765244,0.12150200532008515,0.0,0.0
2019-09-13,714,717,2692.0,2691.0,0.26644370122630995,0.27402559555821815,0.008215071422807176,-0.9229249438853191,-2.85,0.9697112324323112,0.09799486623841623,0.0,0.0
2019-09-12,712,712,2679.0,2669.0,0.2667665792431622,0.2742278835801245,0.008212676695823127,-0.9085106614213886,-2.8,0.9707781029883872,0.05790816372430116,0.0,0.0
2019-09-11,704,706,2640.0,2678.0,0.26362957430918593,0.2745088784044423,0.00831250753161372,-1.3087872767490143,-4.13,0.9727545629552672,0.14710776702397838,0.0,0.0
2019-09-10,672,696,2524.0,2562.0,0.2716627634660422,0.274803341223177,0.008313067928465614,-0.3777880542008882,-1.16,0.9736865543426548,0.15912360647551133,0.0,0.0
2019-09-09,652,662,2471.0,2490.0,0.26586345381526105,0.27505565298560725,0.00849901286323708,-1.0815608022088692,-3.46,0.9738033815803128,0.15057252023928785,0.0,0.0
2019-09-06,661,651,2504.0,2470.0,0.2635627530364372,0.2754064757550291,0.008653971554133269,-1.3685881267930804,-4.49,0.9732076851610592,0.17632248930265942,0.0,0.0
2019-09-05,650,653,2427.0,2480.0,0.2633064516129032,0.2758071178705614,0.008790852015525425,-1.422008496512156,-4.75,0.9718066976125176,0.2479992869382957,0.0,0.0
2019-09-04,651,643,2460.0,2423.0,0.26537350392075937,0.2761741111231726,0.008835744356400029,-1.2223766065153265,-4.07,0.9701500156744788,0.2460972777139224,0.0,0.0
2019-09-03,652,656,2466.0,2490.0,0.26345381526104417,0.2764940747846059,0.008873254971118561,-1.469613976607943,-4.95,0.9658716669595582,0.4914722676665338,0.0,0.0
2019-09-02,662,651,2483.0,2464.0,0.26420454545454547,0.276867882070487,0.008906499052908618,-1.4218085625693797,-4.79,0.96293081849888,0.3342656951596247,0.0,0.0
2019-08-30,655,670,2446.0,2516.0,0.26629570747217807,0.27727848813109307,0.009022341314422633,-1.2172872069646175,-4.12,0.9611578465709107,0.3059082778289284,0.0,0.0
2019-08-29,650,645,2444.0,2417.0,0.26685974348365743,0.27767778925269243,0.009188603379499283,-1.1773329767580534,-4.05,0.9594689546413074,0.23370307196189666,0.0,0.0
2019-08-28,655,650,2434.0,2429.0,0.26759983532317827,0.27810385273799637,0.00941516385499321,-1.1156489230134248,-3.93,0.9573619985222792,0.2127271193313786,0.0,0.0
2019-08-27,652,655,2450.0,2430.0,0.26954732510288065,0.27850896573572714,0.00960621186935606,-0.9329005808662456,-3.32,0.9541400339119722,0.2897948244850823,0.0,0.0
2019-08-26,632,642,2424.0,2417.0,0.2656185353744311,0.2787518010373444,0.00960679998029967,-1.36708016091157,-4.94,0.950026788438494,0.2530518127835735,0.0,0.0
2019-08-23,648,652,2480.0,2474.0,0.2635408245755861,0.2790604879453645,0.009551636218661463,-1.6248172579538702,-5.89,0.9438214942583736,0.34873340087387844,0.0,0.0
2019-08-22,646,652,2529.0,2497.0,0.26111333600320386,0.27943207759932154,0.009482494303720966,-1.9318484155513111,-7.02,0.935553527359305,0.4383509015105408,0.0,0.0
2019-08-21,644,642,2476.0,2480.0,0.25887096774193546,0.27970661271969943,0.009243201163737828,-2.2541589876356545,-8.05,0.9243199093943708,0.576315027556321,0.0,0.0
2019-08-20,670,660,2517.0,2512.0,0.2627388535031847,0.2799956838389341,0.008920448285378984,-1.934525013057258,-6.57,0.9146443997932064,0.5384721297312579,0.0,0.0
2019-08-19,675,675,2547.0,2535.0,0.26627218934911245,0.2802331272917184,0.00869203255608516,-1.606176444062224,-5.24,0.9061824495670814,0.5051464618818658,0.0,0.0
2019-08-16,665,666,2475.0,2507.0,0.2656561627443159,0.2804453885113558,0.008541589758520957,-1.731437142867508,-5.57,0.8933445923684851,0.6179923395646975,0.0,0.0
2019-08-15,664,670,2436.0,2485.0,0.26961770623742454,0.28064299834341866,0.008366805635749333,-1.3177421092329098,-4.09,0.8735178668042444,0.7325164814124695,0.0,0.0
2019-08-14,675,680,2533.0,2536.0,0.26813880126182965,0.28084900057096185,0.008282590113835954,-1.5345681887481046,-4.74,0.8508601733428737,0.7894649018820663,0.0,0.0
2019-08-13,658,667,2495.0,2502.0,0.2665867306155076,0.2810793303385986,0.00816529594224516,-1.7749019540259416,-5.44,0.8213049877471691,0.8091956880828233,0.0,0.0
2019-08-09,681,670,2557.0,2531.0,0.26471750296325564,0.2813059351244217,0.007993982290122393,-2.075114950112316,-6.27,0.7949039335217309,0.513753143674678,0.0,0.0
2019-08-08,683,676,2535.0,2537.0,0.2664564446196295,0.28152988612809454,0.007757909553642405,-1.9429772162512464,-5.66,0.7727063006731015,0.5757804298501163,0.0,0.0
2019-08-07,679,691,2550.0,2556.0,0.27034428794992177,0.2817770344742261,0.007566670267264994,-1.5109349450265832,-4.23,0.7720381914893409,0.5170751193120114,0.0,0.0
2019-08-06,670,684,2563.0,2571.0,0.2660443407234539,0.2820043110259007,0.00747530275043932,-2.135026611665838,-6.0,0.7642533885630236,0.3251173719748261,0.0,0.0
2019-08-05,709,690,2700.0,2613.0,0.26406429391504016,0.2823654500961528,0.007348727727627599,-2.4903843031643866,-6.93,0.7304933374335619,0.2676430658727984,0.0,0.0
2019-08-02,748,727,2885.0,2738.0,0.26552227903579256,0.28275732749641297,0.007143122886283594,-2.4128170178502155,-6.49,0.7251206956911257,0.041171790569673655,0.0,0.0
2019-08-01,765,763,2920.0,2935.0,0.2599659284497445,0.2831867732565207,0.007061764545772763,-3.288249651523206,-8.93,0.7701156550188945,0.1067749131454554,0.0,0.0
2019-07-31,771,771,2872.0,2905.0,0.2654044750430293,0.2836470387708818,0.006646013224234473,-2.744888267951623,-6.87,0.7971908587887617,0.2188156019768112,0.0,0.0
2019-07-30,783,782,2880.0,2892.0,0.27040110650069155,0.28415248914380203,0.006680837999837846,-2.058332000183847,-5.09,0.8123410906477689,0.1906365555629626,0.0,0.0
2019-07-29,782,774,2865.0,2860.0,0.27062937062937065,0.28465891750423195,0.0070487000704541015,-1.9903736482800107,-5.18,0.8251471345711409,0.2668139919555608,0.0,0.0
2019-07-26,780,781,2845.0,2851.0,0.2739389687828832,0.28511458995990435,0.007229355653021522,-1.5458668397854065,-4.08,0.8324463583309458,0.2528520395738899,0.0,0.0
2019-07-25,776,782,2778.0,2851.0,0.27428972290424414,0.285438260852323,0.007265093753476943,-1.5345346290601358,-4.06,0.8699334594352983,0.5050879620773336,0.0,0.0
2019-07-24,776,774,2760.0,2744.0,0.2820699708454811,0.2857710994248604,0.007318339461316291,-0.5057333837741421,-1.31,0.8908964667099072,0.4934241031911433,0.0,0.0
2019-07-23,779,779,2772.0,2775.0,0.28072072072072074,0.28590390081609357,0.007340309388990841,-0.7061255623838797,-1.85,0.9075575932665388,0.4305190052058308,0.0,0.0
2019-07-22,780,774,2780.0,2781.0,0.2783171521035599,0.2861716245398173,0.007510582187851503,-1.0457874289641842,-2.82,0.9224662763922892,0.4754757366060421,0.0,0.0
2019-07-19,758,781,2698.0,2786.0,0.2803302225412778,0.2865135553802326,0.0077258855706373265,-0.8003396869421537,-2.21,0.9331385868223101,0.4927392220766093,0.0,0.0
2019-07-18,792,765,2763.0,2688.0,0.2845982142857143,0.28680863959250275,0.007904658581058946,-0.2796357722628325,-0.78,0.9400393341342808,0.490971954575412,0.0,0.0
2019-07-17,794,796,2806.0,2797.0,0.28459063282087954,0.2870059646068458,0.008030730527635902,-0.3007611546240347,-0.85,0.9465438455061692,0.4733109492570352,0.0,0.0
2019-07-16,795,803,2832.0,2821.0,0.2846508330379298,0.2872156556401335,0.008169056882547349,-0.31396801847264305,-0.9,0.9529182960822856,0.4709883654192,0.0,0.0
2019-07-12,802,802,2865.0,2846.0,0.2817990161630358,0.28747544136808106,0.008390175203516478,-0.6765562181188003,-2.01,0.9615209664105672,0.4637132090335422,0.0,0.0
2019-07-11,789,801,2833.0,2844.0,0.28164556962025317,0.2877571555644897,0.008548077828458314,-0.7149661089759646,-2.17,0.96218658408078,0.5419034302375789,0.0,0.0
2019-07-10,787,790,2853.0,2834.0,0.27875793930839804,0.28807595537696046,0.008757497094915797,-1.0640044715483872,-3.34,0.9631902358567124,0.5848712594990012,0.0,0.0
2019-07-09,807,800,2865.0,2847.0,0.2809975412715139,0.28834287296497896,0.008774485770112672,-0.8371238937425223,-2.61,0.9627678749579972,0.7247163918511161,0.0,0.0
2019-07-08,825,804,2893.0,2861.0,0.2810206221600839,0.28857791847067177,0.008810610589873922,-0.8577494412559236,-2.69,0.9642019969914204,0.5970007989757992,0.0,0.0
2019-07-05,815,818,2902.0,2887.0,0.28333910633875997,0.28877139800263074,0.008801854067612485,-0.6171758384247202,-1.92,0.9620469873424681,0.8220607266251132,0.0,0.0
2019-07-04,811,813,2899.0,2890.0,0.28131487889273354,0.288929658655878,0.008809462816536608,-0.8643863901497414,-2.71,0.9585602535601556,0.9191935292034038,0.0,0.0
2019-07-03,796,805,2823.0,2873.0,0.28019491820396797,0.28904526096820005,0.008765557085576886,-1.009672594431528,-3.16,0.957642810601014,0.8084473417308586,0.0,0.0
2019-07-02,805,806,2857.0,2870.0,0.2808362369337979,0.28916298726206585,0.008704984575181221,-0.956549693609838,-2.96,0.958969507549444,0.5674438735846623,0.0,0.0
2019-07-01,796,801,2808.0,2861.0,0.2799720377490388,0.28918696717680087,0.008684466570570227,-1.0610818008085243,-3.29,0.9598702187029624,0.6105525960556271,0.0,0.0
2019-06-28,767,775,2742.0,2758.0,0.2810007251631617,0.28922077052187684,0.008653411236673833,-0.9499196483206447,-2.93,0.9589664923970564,0.5506533852934291,0.0,0.0
2019-06-27,760,779,2724.0,2787.0,0.2795120200932903,0.28927973072669844,0.008612169386438034,-1.1341753970596298,-3.49,0.9564463121855108,0.6292694083419721,0.0,0.0
2019-06-26,752,754,2725.0,2718.0,0.27740986019131714,0.2894211208463848,0.008537370336912079,-1.406904020918003,-4.33,0.9547513653891864,0.5358179844774813,0.0,0.0
2019-06-25,759,754,2763.0,2741.0,0.2750820868296242,0.2895634079818184,0.008424177886643132,-1.7190189175794712,-5.26,0.9547299528226328,0.4136908256340155,0.0,0.0
2019-06-24,757,759,2760.0,2768.0,0.27420520231213874,0.2896969839778628,0.008271542040583847,-1.8729012788322335,-5.65,0.9535129694408228,0.511120049995476,0.0,0.0
2019-06-21,779,765,2802.0,2756.0,0.27757619738751815,0.2898686843282631,0.008079610993898645,-1.5214206414179718,-4.43,0.9517134142992758,0.6071443828496902,0.0,0.0
2019-06-20,783,786,2812.0,2805.0,0.2802139037433155,0.28995410414953204,0.007982481702573827,-1.2201970225720606,-3.48,0.950882016146358,0.5647294005005447,0.0,0.0
2019-06-19,777,782,2770.0,2822.0,0.27710843373493976,0.2899405395219071,0.007999867152022128,-1.6040398600523995,-4.63,0.9499206235428512,0.53196393107309,0.0,0.0
2019-06-18,786,767,2820.0,2773.0,0.2765957446808511,0.2899828496073192,0.007940056049708762,-1.6860214641632336,-4.84,0.9475785870067479,0.6602978938503531,0.0,0.0
2019-06-17,795,789,2871.0,2807.0,0.28108300676879233,0.2899578276932224,0.007985033698686549,-1.111431868583085,-3.16,0.9468424842151116,0.4048858098472815,0.0,0.0
2019-06-14,796,799,2885.0,2885.0,0.27694974003466205,0.2897596280695488,0.008377689671081667,-1.5290478088612265,-4.63,0.9476884059019208,0.4696152220406186,0.0,0.0
2019-06-13,809,808,2892.0,2876.0,0.2809457579972184,0.2898456882733419,0.008278219109043972,-1.0751020429503153,-3.17,0.9476778442149626,0.3857812832501482,0.0,0.0
2019-06-12,827,815,2975.0,2918.0,0.27930089102124744,0.2898472904154267,0.008276507938692026,-1.2742571471327464,-3.78,0.9483720980199803,0.3622324599721497,0.0,0.0
2019-06-11,828,833,2925.0,2975.0,0.28,0.2900307929860105,0.008192790560801928,-1.224343880338205,-3.58,0.9496386399363688,0.3909399421245176,0.0,0.0
2019-06-10,834,825,2950.0,2925.0,0.28205128205128205,0.2902069619151205,0.008116909229098558,-1.0047765268337514,-2.89,0.9495644889375459,0.4546618396145765,0.0,0.0
2019-06-07,831,831,2906.0,2907.0,0.28586171310629516,0.2903462271079845,0.008065223216185118,-0.5560309840761677,-1.57,0.9470080886382879,0.5749646738180635,0.0,0.0
2019-06-06,816,820,2851.0,2856.0,0.28711484593837533,0.2904652079475488,0.008064010144992844,-0.41547095662495154,-1.17,0.9439974430339756,0.6068865297172377,0.0,0.0
2019-06-05,809,820,2791.0,2860.0,0.2867132867132867,0.29067462755656276,0.00817743131978751,-0.48442361523605865,-1.38,0.9422370326479808,0.5752752370613625,0.0,0.0
2019-06-04,786,794,2754.0,2736.0,0.2902046783625731,0.29107355151376896,0.00868828057837693,-0.1000051901360438,-0.3,0.940266964337538,0.4903276146630722,0.0,0.0
2019-06-03,781,783,2751.0,2742.0,0.2855579868708972,0.2914736688109404,0.009307946178701775,-0.6355517991261425,-2.07,0.9371906833062956,0.4910024493976911,0.0,0.0
2019-05-31,804,795,2836.0,2792.0,0.28474212034383956,0.2919311584105336,0.009834281592365041,-0.7310181225922302,-2.52,0.9339811549596444,0.4937510439946042,0.0,0.0
2019-05-30,793,814,2826.0,2876.0,0.28303198887343534,0.29239611877808197,0.010296882124469761,-0.9094141111311247,-3.31,0.932122386461182,0.4569023380720097,0.0,0.0
2019-05-29,797,795,2782.0,2823.0,0.281615302869288,0.29278796402197754,0.01049044142992176,-1.0650325086246524,-3.97,0.9292461727896282,0.5649936717005892,0.0,0.0
2019-05-28,807,812,2835.0,2821.0,0.2878411910669975,0.2932343094585684,0.010715326554198193,-0.5033088225816015,-1.87,0.9252516485025116,0.5377514559224785,0.0,0.0
2019-05-27,816,808,2827.0,2828.0,0.2857142857142857,0.29357534064902757,0.010942858318760277,-0.7183730891649209,-2.75,0.9214075434131784,0.5729494425416364,0.0,0.0
2019-05-24,803,818,2750.0,2815.0,0.2905861456483126,0.29395196402565094,0.0111499496185585,-0.3018684830410463,-1.16,0.910310729304755,0.6712567362786321,0.0,0.0
2019-05-23,811,814,2762.0,2786.0,0.2921751615218952,0.29427716002248183,0.011399910326924051,-0.18438728378609864,-0.72,0.9025338605318736,0.683886322490893,0.0,0.0
2019-05-22,813,818,2802.0,2786.0,0.29361091170136394,0.29467302389243644,0.011827516730124239,-0.08980010050354319,-0.36,0.8932323072507468,0.6648905570307956,0.0,0.0
2019-05-21,808,812,2778.0,2792.0,0.29083094555873923,0.2949175408768795,0.011991459301584973,-0.34079216010015695,-1.41,0.8738486928019721,0.7416667513536614,0.0,0.0
2019-05-20,837,814,2837.0,2813.0,0.28937077852826165,0.2951320381226791,0.012060126051016529,-0.477711391244689,-1.99,0.8421031670580337,0.8562345169082526,0.0,0.0
2019-05-17,840,822,2830.0,2820.0,0.29148936170212764,0.2953601223183949,0.012110664452019864,-0.31961587504983735,-1.33,0.8295887743420788,0.4236351303700471,0.0,0.0
2019-05-16,822,826,2794.0,2800.0,0.295,0.29553787950710475,0.012150321236946728,-0.04426874784752032,-0.18,0.8034701607168918,0.42890828833950506,0.0,0.0
2019-05-15,844,828,2851.0,2795.0,0.2962432915921288,0.2956676504994712,0.012195773924610121,0.04720004619764397,0.19,0.7664237219862113,0.4973708560496344,0.0,0.0
2019-05-14,832,857,2776.0,2868.0,0.2988145048814505,0.295825400400396,0.012278436732042187,0.24344340784474908,1.0,0.7307432428074464,0.4268438991705532,0.0,0.0
2019-05-13,848,857,2870.0,2876.0,0.2979833101529903,0.2959707785798241,0.012377119456153697,0.16260096545853148,0.68,0.6823098143388957,0.22335124847608284,0.0,0.0
2019-05-10,863,844,2971.0,2933.0,0.2877599727241732,0.2961985224786389,0.01256773442514307,-0.6714455819167794,-2.93,0.6082691628573152,0.1735997502131062,0.0,0.0
2019-05-09,872,864,3035.0,2992.0,0.2887700534759358,0.29651452242368764,0.012649273793129802,-0.6122461316283688,-2.68,0.5343563700201764,0.23669522539535184,0.0,0.0
2019-05-08,882,899,3115.0,3085.0,0.2914100486223663,0.2968794449174262,0.012814301744834314,-0.4268196897474103,-1.88,0.4829206451641773,0.07001662030952235,0.0,0.0
2019-05-07,917,893,3215.0,3170.0,0.2817034700315457,0.2971083821786443,0.012867810223170443,-1.1971665636908233,-5.47,0.4957481077832601,0.06822245411222969,0.0,0.0
2019-04-26,912,916,3265.0,3265.0,0.2805513016845329,0.29753624395753403,0.012881966295775715,-1.3185054115978294,-6.05,0.3707557662758344,0.02228913882614884,0.0,0.0
2019-04-25,913,923,3260.0,3290.0,0.2805471124620061,0.2978508594742441,0.012750777983900853,-1.3570738220119396,-6.17,0.3838667553777269,0.014955623356800025,0.0,0.0
2019-04-24,949,927,3360.0,3285.0,0.2821917808219178,0.29811442418020145,0.01259371015312808,-1.2643330015284417,-5.64,0.3816438468201748,0.009318434938791831,0.0,0.0
2019-04-23,943,941,3330.0,3355.0,0.2804769001490313,0.29847936575195455,0.01252339252728502,-1.4375070943197559,-6.42,0.3997784805252384,0.005627888633729669,0.0,0.0
2019-04-22,941,945,3305.0,3315.0,0.2850678733031674,0.2989414281359324,0.012489914247078942,-1.1107806313409745,-4.87,0.4129785566864551,0.004206234708416468,0.0,0.0
2019-04-19,954,949,3380.0,3325.0,0.28541353383458645,0.2993755588532301,0.012565779990723043,-1.111114871416768,-4.89,0.4167633767088586,0.0031708323132234066,0.0,0.0
2019-04-18,968,950,3435.0,3350.0,0.2835820895522388,0.2998336109602418,0.012674155792082495,-1.2822567178916395,-5.73,0.4328530312492218,0.004769564405570582,0.0,0.0
2019-04-17,965,967,3400.0,3435.0,0.28151382823871907,0.30034038993595963,0.012773699978195916,-1.4738534433544381,-6.69,0.4388922910292416,0.0035316939570940007,0.0,0.0
2019-04-16,965,959,3380.0,3365.0,0.2849925705794948,0.30093629751346634,0.012923136686354862,-1.2337350691961684,-5.59,0.44510696150593215,0.0060789985378433215,0.0,0.0
2019-04-15,990,980,3380.0,3410.0,0.2873900293255132,0.30135970280546875,0.012914034077464664,-1.0817435819170549,-4.86,0.4396889317499704,0.004633154709349986,0.0,0.0
2019-04-12,977,960,3300.0,3275.0,0.2931297709923664,0.3018430647147814,0.01305973684574581,-0.6671875417806228,-2.97,0.4333001326992204,0.0051005874890143145,0.0,0.0
2019-04-11,976,964,3305.0,3285.0,0.29345509893455096,0.30225751892125635,0.013268208372448447,-0.6634218983916241,-3.0,0.4361179836991788,0.008010476297708922,0.0,0.0
2019-04-10,983,984,3300.0,3305.0,0.29773071104387294,0.30271663840336166,0.013548473719145354,-0.3680065712821291,-1.67,0.4183154929762335,0.011076413782575822,0.0,0.0
2019-04-09,1007,988,3310.0,3355.0,0.29448584202682565,0.3030605020638996,0.013743438642246895,-0.6239093621530593,-2.91,0.4118247853358071,0.0056353534281905725,0.0,0.0
2019-04-08,1030,1007,3365.0,3320.0,0.3033132530120482,0.30352524173507883,0.014031923443584454,-0.015107602595106458,-0.07,0.3975637604043213,0.0013495882083610206,0.0,0.0
2019-04-05,1023,1030,3305.0,3340.0,0.3083832335329341,0.3038094527631674,0.014239093850692728,0.32121290987517503,1.48,0.4063010875264408,0.0007362530065653263,0.0,0.0
2019-04-04,1005,1015,3375.0,3330.0,0.3048048048048048,0.3041025842915218,0.014553067142680608,0.048252406616304325,0.23,0.4072434785803865,0.0011077452919434326,0.0,0.0
2019-04-03,996,1002,3295.0,3360.0,0.2982142857142857,0.3043841992398034,0.014766719043156119,-0.417825619048211,-2.07,0.4162030052212446,0.0008921167527034895,0.0,0.0
2019-04-02,999,1001,3385.0,3345.0,0.2992526158445441,0.3046754450310492,0.014857289551400523,-0.36499451449365633,-1.81,0.4118680403069749,0.0019348483774498273,0.0,0.0
2019-04-01,954,971,3205.0,3325.0,0.2920300751879699,0.3049251105276538,0.014921256575264363,-0.8642057238705063,-4.42,0.4153203071800784,0.0008530207516584877,0.0,0.0
2019-03-29,959,940,3160.0,3125.0,0.3008,0.3052647095251475,0.014913746983577655,-0.2993687320875048,-1.48,0.4017436671354644,0.0015238346354284787,0.0,0.0
2019-03-28,973,959,3175.0,3155.0,0.3039619651347068,0.3054762650807031,0.014961373820962872,-0.1012139636451395,-0.5,0.3940804949714432,0.0024594781836131405,0.0,0.0
2019-03-27,983,983,3225.0,3250.0,0.30246153846153845,0.3057537458395641,0.015122830446318469,-0.21769783042347865,-1.09,0.4118188232379541,0.0021580580626346267,0.0,0.0
2019-03-26,961,994,3190.0,3320.0,0.2993975903614458,0.3061605649663832,0.015435947272209113,-0.4381314917493579,-2.26,0.4196085376343059,0.0024780985286391483,0.0,0.0
2019-03-25,963,946,3205.0,3150.0,0.3003174603174603,0.30662625475255495,0.015748578605353832,-0.4005945293977145,-2.1,0.459674260073945,0.01924727512983025,0.0,0.0
2019-03-22,986,993,3245.0,3265.0,0.3041347626339969,0.3069339234531101,0.015847414081971677,-0.1766320236623064,-0.92,0.5178528475649901,0.05300320479639524,0.0,0.0
2019-03-20,977,983,3265.0,3245.0,0.3029275808936826,0.30703893723427444,0.01585461120101713,-0.2593161250354777,-1.36,0.5420049181506047,0.02085808733263105,0.0,0.0
2019-03-19,987,990,3270.0,3240.0,0.3055555555555556,0.30720292065500615,0.015874829428708947,-0.10377214488184558,-0.54,0.5419176859418487,0.02240059359768335,0.0,0.0
2019-03-18,986,977,3310.0,3270.0,0.29877675840978596,0.30723141068349613,0.0158737647355912,-0.532617965211092,-2.83,0.5052115588829494,0.02320382556836584,0.0,0.0
2019-03-15,960,978,3255.0,3275.0,0.29862595419847326,0.30722955526709683,0.01587476095668966,-0.5419672832930433,-2.88,0.4117667561196348,0.6790874672545897,0.0,0.0
2019-03-14,967,959,3260.0,3245.0,0.29553158705701077,0.3072514601071745,0.01586400394763033,-0.7387714406055981,-3.97,0.4149741945591519,0.6564324038360909,0.0,0.0
2019-03-13,967,955,3330.0,3235.0,0.29520865533230295,0.30736108362916686,0.015810956807062092,-0.768608025760714,-4.12,0.3964367491872188,0.7587207274654805,0.0,0.0
2019-03-12,959,970,3295.0,3345.0,0.28998505231689087,0.307587484607436,0.01575680042598759,-1.1171324009101218,-6.07,0.3844148531424637,0.9523920074458324,0.0,0.0
2019-03-11,946,948,3320.0,3280.0,0.2890243902439024,0.30792842465061826,0.015648507276390233,-1.208040746176308,-6.54,0.3955344935603237,0.9020028816910362,0.0,0.0
2019-03-08,960,944,3440.0,3340.0,0.28263473053892213,0.30817944221870897,0.015493483053650559,-1.6487391241421352,-9.04,0.4020628372608887,0.9488663892882944,0.0,0.0
2019-03-07,967,969,3375.0,3430.0,0.2825072886297376,0.30852223288897307,0.015206263258434353,-1.7108045426483012,-9.21,0.41738317617523996,0.9557995598690676,0.0,0.0
2019-03-06,998,979,3425.0,3430.0,0.28542274052478134,0.3087703758728747,0.01492903667655012,-1.5639076957166844,-8.18,0.4533807982730464,0.9639028836549514,0.0,0.0
2019-03-05,989,998,3380.0,3440.0,0.29011627906976745,0.3089663673341723,0.01471620868515605,-1.2809065614446327,-6.5,0.4988473953433061,0.9717550879029452,0.0,0.0
2019-03-04,1005,991,3510.0,3440.0,0.2880813953488372,0.30890079769266443,0.014810703531180134,-1.4056997562605533,-7.23,0.5490322225291482,0.965312527960368,0.0,0.0
2019-03-01,992,995,3460.0,3490.0,0.2851002865329513,0.30877225809735154,0.015031029034369413,-1.574873650384999,-8.3,0.6819143383809159,0.9795329668167012,0.0,0.0
2019-02-28,999,989,3475.0,3445.0,0.28708272859216255,0.3086574820479231,0.01524272372843512,-1.415413271285177,-7.52,0.7367276137676467,0.9425468566424592,0.0,0.0
2019-02-27,987,984,3485.0,3465.0,0.283982683982684,0.30847470210841205,0.015578822817848115,-1.5721353540055922,-8.62,0.762880679393357,0.6152081365000104,0.0,0.0
2019-02-26,1000,973,3565.0,3485.0,0.27919655667144905,0.3082877838129292,0.015951212436416104,-1.823762755178774,-10.42,0.7918792753925041,0.4128023946322066,0.0,0.0
2019-02-25,991,995,3560.0,3550.0,0.2802816901408451,0.3082322397280766,0.016059301669938773,-1.740458592888373,-9.97,0.8167508355856752,0.17122963484709242,0.0,0.0
2019-02-22,986,978,3670.0,3560.0,0.2747191011235955,0.308028812266757,0.016502584978891625,-2.0184541504114533,-12.13,0.8409654491217373,0.0043499022246005214,0.0,0.0
2019-02-21,1005,989,3530.0,3715.0,0.2662180349932705,0.30789805466113246,0.01680212861328918,-2.480639246797354,-15.66,0.886495957147744,0.09991730735798048,0.0,0.0
2019-02-20,1009,999,3580.0,3525.0,0.2834042553191489,0.30782968069223193,0.01698108161003647,-1.4383904355448505,-8.62,0.8995294767972584,0.053535178850858366,0.0,0.0
2019-02-19,1020,1002,3495.0,3565.0,0.28106591865357644,0.3074728453414436,0.01775419307401435,-1.4873628205900968,-9.4,0.9167439780675932,0.26922637480323514,0.0,0.0
2019-02-18,1001,1014,3480.0,3460.0,0.2930635838150289,0.30728650263953144,0.01810034238446731,-0.7857817560792582,-4.85,0.9238996278307722,0.20817000861804694,0.0,0.0
2019-02-15,955,972,3265.0,3315.0,0.29321266968325793,0.3069160705032528,0.01866317026780305,-0.7342482881183073,-4.67,0.9338233517438578,0.0926454519361644,0.0,0.0
2019-02-14,949,955,3260.0,3265.0,0.29249617151607965,0.3064815085749382,0.0193442068372061,-0.722972886743517,-4.78,0.9433951697094992,0.07654798028895675,0.0,0.0
2019-02-13,981,961,3205.0,3260.0,0.29478527607361965,0.3061350407571353,0.019818482101156512,-0.5726858709756261,-3.85,0.9496290502948,0.16753221976428254,0.0,0.0
2019-02-12,920,966,3025.0,3190.0,0.3028213166144201,0.3058096807463047,0.020198795212252076,-0.1479476424451281,-0.99,0.9526535397819972,0.29736872694790195,0.0,0.0
2019-02-08,954,929,2989.0,2934.0,0.3166325835037491,0.3052338368917516,0.020879921096227626,0.5459190463155981,3.6,0.9517771864781434,0.4270631707007097,0.0,0.0
2019-02-07,977,960,3060.0,2998.0,0.3202134756504336,0.30481222523972656,0.020964574612989763,0.7346321447020613,4.81,0.9426231790598584,0.7582888265562183,0.0,0.0
2019-02-06,997,982,3120.0,3070.0,0.3198697068403909,0.3043603895992666,0.020992932716046468,0.7387875458329545,4.85,0.9293424527629792,0.7528504929851494,0.0,0.0
2019-02-05,967,994,3110.0,3110.0,0.31961414790996784,0.3038443880499717,0.021080811722685902,0.7480622694915328,4.93,0.9165029162382844,0.7495789812463054,0.0,0.0
2019-02-04,965,981,3050.0,3140.0,0.3124203821656051,0.3033710565540293,0.02111992270371137,0.42847342476237205,2.9,0.9019022566470424,0.6514651141309643,0.0,0.0
2019-02-01,969,950,3110.0,3015.0,0.3150912106135987,0.30301280830338734,0.021191144819088504,0.5699740345944592,3.83,0.8848094566244769,0.8373520629629598,0.0,0.0
2019-01-31,982,981,3130.0,3130.0,0.3134185303514377,0.3025769712748913,0.021274228036290033,0.5096099871662848,3.46,0.8741336327539284,0.7193737150434003,0.0,0.0
2019-01-30,985,967,3135.0,3080.0,0.31396103896103894,0.3021084518021051,0.021416759609864663,0.5534257924562256,3.78,0.8531772416003408,0.9570000086928324,0.0,0.0
2019-01-29,998,978,3105.0,3105.0,0.314975845410628,0.3017607310297268,0.021433201606240918,0.6165721119822459,4.2,0.8322469990856387,0.891000652209595,0.0,0.0
2019-01-28,1007,1001,3180.0,3110.0,0.3218649517684887,0.30137543495418445,0.021451904217282342,0.9551374370671143,6.37,0.8081016153335064,0.9297644312810096,0.0,0.0
2019-01-25,967,992,3160.0,3180.0,0.3119496855345912,0.3006720775952325,0.021632613022633924,0.5213243507642398,3.62,0.7797096736989448,0.9405270786577544,0.0,0.0
2019-01-24,961,976,3135.0,3180.0,0.3069182389937107,0.3000160685078921,0.022023152950508267,0.3134051923141777,2.25,0.7623505584488454,0.8085641127264407,0.0,0.0
2019-01-23,967,970,3190.0,3165.0,0.30647709320695105,0.29919951454436694,0.02287110719495317,0.3181996656545777,2.37,0.7457919167020141,0.8185545786514186,0.0,0.0
2019-01-22,990,980,3280.0,3215.0,0.3048211508553655,,,,,0.7280033396705923,0.8404307572584238,0.0,0.0
2019-01-21,990,998,3270.0,3275.0,0.3047328244274809,,,,,0.7222952593442242,0.7209579246570674,0.0,0.0
2019-01-18,978,992,3250.0,3220.0,0.30807453416149067,,,,,0.720242800886065,0.6867599069004181,0.0,0.0
2019-01-17,989,988,3145.0,3190.0,0.30971786833855797,,,,,0.7080428201959723,0.7663297827745758,0.0,0.0
2019-01-16,995,983,3145.0,3120.0,0.31506410256410255,,,,,0.7111555173713354,0.7211371338652324,0.0,0.0
2019-01-15,984,992,3100.0,3185.0,0.31145996860282577,,,,,0.7126143742310063,0.7277112921790572,0.0,0.0
2019-01-11,1002,999,3245.0,3160.0,0.31613924050632913,,,,,0.7258363241137071,0.7086601623873503,0.0,0.0
2019-01-10,993,989,3140.0,3205.0,0.30858034321372857,,,,,0.7313363421580454,0.7366589123075721,0.0,0.0
2019-01-09,1000,1001,3250.0,3190.0,0.3137931034482759,,,,,0.7459375302559597,0.7399201346001806,0.0,0.0
2019-01-08,969,990,3200.0,3255.0,0.30414746543778803,,,,,0.7561206859093841,0.6421406792641612,0.0,0.0
2019-01-07,985,955,3220.0,3180.0,0.300314465408805,,,,,0.7479726878446474,0.6735008410764954,0.0,0.0
2019-01-04,934,955,2982.0,3085.0,0.3095623987034036,,,,,0.7582272227789776,0.7801578898580106,0.0,0.0
2018-12-28,961,958,3005.0,3040.0,0.31513157894736843,,,,,0.0,0.0,0.0,0.0
2018-12-27,956,964,3025.0,3035.0,0.3176276771004942,,,,,0.0,0.0,0.0,0.0
2018-12-26,937,935,2891.0,2924.0,0.31976744186046513,,,,,0.0,0.0,0.0,0.0
2018-12-25,916,922,2850.0,2867.0,0.3215905127310778,,,,,0.0,0.0,0.0,0.0
2018-12-21,979,946,3075.0,2900.0,0.32620689655172413,,,,,0.0,0.0,0.0,0.0
2018-12-20,1002,974,3120.0,3075.0,0.3167479674796748,,,,,0.0,0.0,0.0,0.0
2018-12-19,1035,1013,3190.0,3130.0,0.32364217252396166,,,,,0.0,0.0,0.0,0.0
2018-12-18,1056,1031,3240.0,3180.0,0.3242138364779874,,,,,0.0,0.0,0.0,0.0
2018-12-17,1076,1064,3290.0,3245.0,0.32788906009244995,,,,,0.0,0.0,0.0,0.0
2018-12-14,1089,1066,3330.0,3295.0,0.32352048558421853,,,,,0.0,0.0,0.0,0.0
2018-12-13,1091,1100,3370.0,3340.0,0.32934131736526945,,,,,0.0,0.0,0.0,0.0
2018-12-12,1099,1094,3320.0,3370.0,0.32462908011869435,,,,,0.0,0.0,0.0,0.0
2018-12-11,1099,1077,3355.0,3260.0,0.3303680981595092,,,,,0.0,0.0,0.0,0.0
2018-12-10,1109,1100,3415.0,3375.0,0.32592592592592595,,,,,0.0,0.0,0.0,0.0
2018-12-07,1120,1109,3540.0,3465.0,0.32005772005772004,,,,,0.0,0.0,0.0,0.0
2018-12-06,1140,1132,3555.0,3560.0,0.31797752808988766,,,,,0.0,0.0,0.0,0.0
2018-12-05,1156,1143,3620.0,3600.0,0.3175,,,,,0.0,0.0,0.0,0.0
2018-12-04,1226,1178,3920.0,3720.0,0.31666666666666665,,,,,0.0,0.0,0.0,0.0
2018-12-03,1253,1252,3755.0,3855.0,0.32477302204928665,,,,,0.0,0.0,0.0,0.0
2018-11-30,1235,1232,3685.0,3700.0,0.33297297297297296,,,,,0.0,0.0,0.0,0.0
2018-11-29,1206,1237,3720.0,3700.0,0.33432432432432435,,,,,0.0,0.0,0.0,0.0
2018-11-28,1169,1182,3705.0,3655.0,0.32339261285909715,,,,,0.0,0.0,0.0,0.0
2018-11-27,1160,1156,3680.0,3705.0,0.31201079622132255,,,,,0.0,0.0,0.0,0.0
2018-11-26,1150,1149,3630.0,3645.0,0.31522633744855966,,,,,0.0,0.0,0.0,0.0
2018-11-22,1096,1120,3635.0,3640.0,0.3076923076923077,,,,,0.0,0.0,0.0,0.0
2018-11-21,1078,1096,3650.0,3670.0,0.29863760217983654,,,,,0.0,0.0,0.0,0.0
2018-11-20,1110,1117,3665.0,3720.0,0.3002688172043011,,,,,0.0,0.0,0.0,0.0
2018-11-19,1161,1133,3790.0,3730.0,0.3037533512064343,,,,,0.0,0.0,0.0,0.0
2018-11-16,1206,1191,3820.0,3815.0,0.31218872870249015,,,,,0.0,0.0,0.0,0.0
2018-11-15,1177,1207,3860.0,3825.0,0.31555555555555553,,,,,0.0,0.0,0.0,0.0
2018-11-14,1201,1196,3915.0,3885.0,0.30785070785070784,,,,,0.0,0.0,0.0,0.0
2018-11-13,1172,1201,4000.0,3895.0,0.30834403080872913,,,,,0.0,0.0,0.0,0.0
2018-11-12,1215,1212,4165.0,4025.0,0.30111801242236025,,,,,0.0,0.0,0.0,0.0
2018-11-09,1215,1229,4120.0,4095.0,0.3001221001221001,,,,,0.0,0.0,0.0,0.0
2018-11-08,1177,1185,4210.0,4155.0,0.2851985559566787,,,,,0.0,0.0,0.0,0.0
2018-11-07,1134,1143,4080.0,4105.0,0.2784409257003654,,,,,0.0,0.0,0.0,0.0
2018-11-06,1120,1135,4050.0,4105.0,0.27649208282582216,,,,,0.0,0.0,0.0,0.0
2018-11-05,1119,1114,4085.0,4075.0,0.27337423312883435,,,,,0.0,0.0,0.0,0.0
2018-11-02,1112,1119,4190.0,4145.0,0.26996381182147167,,,,,0.0,0.0,0.0,0.0
2018-11-01,1077,1118,4070.0,4065.0,0.27503075030750307,,,,,0.0,0.0,0.0,0.0
2018-10-31,1056,1076,4045.0,4060.0,0.2650246305418719,,,,,0.0,0.0,0.0,0.0
2018-10-30,1040,1057,3945.0,3990.0,0.2649122807017544,,,,,0.0,0.0,0.0,0.0
2018-10-29,1033,1030,4020.0,3945.0,0.26108998732572875,,,,,0.0,0.0,0.0,0.0
2018-10-26,1058,1024,3935.0,3990.0,0.25664160401002506,,,,,0.0,0.0,0.0,0.0
2018-10-25,1057,1051,3970.0,3935.0,0.2670902160101652,,,,,0.0,0.0,0.0,0.0
2018-10-24,1101,1085,4175.0,4090.0,0.265281173594132,,,,,0.0,0.0,0.0,0.0
2018-10-23,1122,1092,4260.0,4190.0,0.2606205250596659,,,,,0.0,0.0,0.0,0.0
2018-10-22,1134,1142,4285.0,4285.0,0.26651108518086347,,,,,0.0,0.0,0.0,0.0
2018-10-19,1161,1164,4350.0,4305.0,0.27038327526132405,,,,,0.0,0.0,0.0,0.0
2018-10-18,1220,1132,4325.0,4360.0,0.25963302752293577,,,,,0.0,0.0,0.0,0.0
2018-10-17,1218,1217,4250.0,4270.0,0.28501170960187355,,,,,0.0,0.0,0.0,0.0
2018-10-16,1197,1204,4220.0,4205.0,0.28632580261593343,,,,,0.0,0.0,0.0,0.0
2018-10-15,1218,1202,4320.0,4275.0,0.28116959064327485,,,,,0.0,0.0,0.0,0.0
2018-10-12,1252,1243,4380.0,4375.0,0.2841142857142857,,,,,0.0,0.0,0.0,0.0
2018-10-11,1286,1255,4550.0,4395.0,0.285551763367463,,,,,0.0,0.0,0.0,0.0
2018-10-10,1299,1316,4750.0,4660.0,0.28240343347639485,,,,,0.0,0.0,0.0,0.0
2018-10-09,1342,1294,4745.0,4650.0,0.2782795698924731,,,,,0.0,0.0,0.0,0.0
2018-10-05,1340,1366,4700.0,4745.0,0.287881981032666,,,,,0.0,0.0,0.0,0.0
2018-10-04,1349,1346,4905.0,4705.0,0.2860786397449522,,,,,0.0,0.0,0.0,0.0
2018-10-03,1335,1320,4920.0,4905.0,0.2691131498470948,,,,,0.0,0.0,0.0,0.0
2018-10-02,1335,1319,5200.0,5020.0,0.26274900398406376,,,,,0.0,0.0,0.0,0.0
2018-10-01,1302,1307,5000.0,5320.0,0.2456766917293233,,,,,0.0,0.0,0.0,0.0
