DATE,OPEN_2267,CLOSE_2267,OPEN_7846,CLOSE_7846,saya_divide,saya_divide_mean,saya_divide_std,saya_divide_sigma,deviation_rate(%)
2019-09-27,6320,6170,4070,4020,1.5348258706467661,1.584689708969497,0.0562754144544497,-0.8860679002744873,-3.25
2019-09-26,6320,6320,4100,4085,1.547123623011016,1.5847259599750967,0.05624414893547311,-0.6685555329003303,-2.43
2019-09-25,6300,6290,4025,4020,1.564676616915423,1.584773265677237,0.05621398650648195,-0.35750264321668146,-1.28
2019-09-24,6350,6270,4040,4035,1.553903345724907,1.5850330229962526,0.05616551292152224,-0.5542489626123748,-2.0
2019-09-20,6390,6360,4035,4015,1.5840597758405977,1.5851162558268463,0.05612392956244877,-0.018824055879286816,-0.07
2019-09-19,6220,6370,3945,3980,1.600502512562814,1.5849646960680617,0.05614192298015986,0.27675960619025,0.97
2019-09-18,6340,6250,3940,3940,1.5862944162436547,1.58433211158928,0.056230504389517946,0.034897511158385686,0.12
2019-09-17,6370,6350,4005,3945,1.6096324461343472,1.5834521220787248,0.05670732089190687,0.4616745006438634,1.63
2019-09-13,6190,6320,3940,4025,1.5701863354037267,1.5820634377380622,0.05732113660152579,-0.20720284067115724,-0.76
2019-09-12,6200,6140,3905,3905,1.5723431498079385,1.5819971851500705,0.05733769523469285,-0.16837152771167982,-0.61
2019-09-11,6030,6170,3760,3860,1.5984455958549222,1.5825774260109542,0.05745713396143229,0.2761740579441257,0.99
2019-09-10,5990,6030,3780,3730,1.616621983914209,1.5828378517740869,0.0575726150207188,0.5868090606612925,2.09
2019-09-09,6030,6000,3690,3745,1.6021361815754338,1.5827543264316384,0.05752806791159207,0.33691128256872893,1.21
2019-09-06,6060,6010,3695,3695,1.6265223274695535,1.583283057940981,0.057884897955794275,0.746987056306011,2.66
2019-09-05,6000,6110,3655,3690,1.6558265582655827,1.5832648153174247,0.05787148211877985,1.2538428305538594,4.38
2019-09-04,6090,6040,3625,3610,1.6731301939058172,1.5826658556723139,0.057347476209450014,1.577477235495084,5.41
2019-09-03,6010,6020,3650,3630,1.6584022038567494,1.5818744682570547,0.05649685043446415,1.354548705125894,4.61
2019-09-02,6070,6020,3710,3655,1.6470588235294117,1.5817174490972468,0.056299963932021836,1.1605935398299712,3.97
2019-08-30,6100,6120,3685,3725,1.6429530201342282,1.582259762676954,0.05711672842062893,1.0626178903368981,3.69
2019-08-29,6000,6040,3585,3615,1.6708160442600277,1.5835347714778714,0.059475940102225504,1.467505559931291,5.22
2019-08-28,6050,6000,3555,3570,1.680672268907563,1.5844874647708993,0.061407297865965646,1.566341582829574,5.72
2019-08-27,6010,6070,3540,3550,1.7098591549295774,1.586511310958589,0.06680780852936512,1.846308787643756,7.21
2019-08-26,5790,5910,3470,3485,1.6958393113342898,1.5866543653634495,0.06708269943107545,1.62761705919457,6.44
2019-08-23,5970,5960,3580,3575,1.6671328671328671,1.5871071069943923,0.0679273277321527,1.1781084698934134,4.8
2019-08-22,5950,5940,3590,3580,1.6592178770949721,1.587483319928745,0.06844566444741644,1.0480511475104077,4.32
2019-08-21,5910,5930,3590,3555,1.6680731364275667,1.5876525497322727,0.06863823640969262,1.1716586978615555,4.82
2019-08-20,5970,6010,3610,3640,1.651098901098901,1.5872956325509198,0.06828782739172697,0.9343285763358606,3.86
2019-08-19,5860,5960,3630,3590,1.66016713091922,1.5869494529089654,0.06802882308295989,1.0762743597808107,4.41
2019-08-16,5820,5840,3575,3625,1.6110344827586207,1.5868403228814374,0.0679177559145934,0.3562273156905756,1.5
2019-08-15,5760,5820,3465,3590,1.6211699164345403,1.5872604479066441,0.06816312848787359,0.4974752374214868,2.09
2019-08-14,5880,5890,3465,3535,1.6661951909476662,1.5873775949826712,0.06822882389283075,1.1551949963082528,4.73
2019-08-13,6000,5850,3595,3430,1.7055393586005831,1.5864833093406818,0.06762679043755028,1.760486465343098,6.98
2019-08-09,6150,6070,3785,3715,1.6339165545087484,1.5853398541564103,0.06631641209774904,0.7324989216958392,2.97
2019-08-08,6070,6070,3705,3700,1.6405405405405404,1.5850559323052165,0.06615321458434154,0.8387288294899758,3.38
2019-08-07,6000,6070,3675,3705,1.6383265856950067,1.5854439631932473,0.06656162042226753,0.7944912122972895,3.23
2019-08-06,5980,6060,3625,3720,1.6290322580645162,1.5854844638694958,0.06659470143891116,0.6539228084830112,2.67
2019-08-05,6170,6110,3890,3805,1.6057818659658345,1.585874891772599,0.06693383987041976,0.29741270233075234,1.24
2019-08-02,6220,6210,4000,3895,1.5943517329910142,1.5869558954644833,0.0678944183983589,0.10893145122971704,0.46
2019-08-01,6130,6300,4060,4120,1.529126213592233,1.588283542139868,0.06899076713056469,-0.8574673250940962,-3.87
2019-07-31,6230,6170,4100,4120,1.4975728155339805,1.5903626255754963,0.06952417861791328,-1.3346408671933316,-6.2
2019-07-30,6580,6400,4115,4150,1.5421686746987953,1.5924962729934713,0.069097983558058,-0.7283511862888071,-3.26
2019-07-29,6500,6530,4175,4105,1.5907429963459196,1.593667955238145,0.06897960228948526,-0.04240324378720267,-0.18
2019-07-26,6360,6460,4135,4175,1.547305389221557,1.5945218942029757,0.06933362625160278,-0.6810044062901921,-3.05
2019-07-25,6420,6340,4145,4165,1.5222088835534213,1.5964710895278715,0.07003025179407574,-1.0604303721885586,-4.88
2019-07-24,6350,6440,4130,4160,1.5480769230769231,1.5987118442368349,0.070306344195499,-0.7202041542526029,-3.27
2019-07-23,6220,6320,3995,4120,1.5339805825242718,1.6009028712851618,0.07124844865254544,-0.9392806443723056,-4.36
2019-07-22,6240,6220,4005,4000,1.555,1.603459830296321,0.07223518014981782,-0.670861901303686,-3.12
2019-07-19,6190,6330,3920,4010,1.5785536159600997,1.605874013079787,0.07358826051199549,-0.3712602652869328,-1.73
2019-07-18,6240,6170,4065,3905,1.5800256081946222,1.6077386788359436,0.07463673135632003,-0.3713060598677285,-1.75
2019-07-17,6250,6290,4035,4080,1.5416666666666667,1.6094402200068592,0.07543593136288447,-0.8984253540155527,-4.4
2019-07-16,6320,6280,4080,4045,1.5525339925834363,1.612156269389575,0.07660495740883662,-0.7783083343802124,-3.84
2019-07-12,6340,6320,4145,4105,1.5395858708891597,1.6147175863999503,0.07777121519748248,-0.9660607117943395,-4.88
2019-07-11,6340,6370,4190,4135,1.5405078597339783,1.6169878552605939,0.07802966395366802,-0.9801400089589951,-4.96
2019-07-10,6370,6370,4180,4160,1.53125,1.6191736763900668,0.07815269357519244,-1.1250242617098474,-5.74
2019-07-09,6470,6440,4180,4235,1.5206611570247934,1.6213675814601856,0.07796299990394083,-1.2917207465012088,-6.62
2019-07-08,6530,6450,4170,4180,1.5430622009569377,1.6235984193376305,0.0774414690381039,-1.0399624307367696,-5.22
2019-07-05,6590,6580,4150,4160,1.5817307692307692,1.625581633707385,0.07725795919590876,-0.5675902513218074,-2.77
2019-07-04,6570,6540,4190,4175,1.5664670658682636,1.6263773401354285,0.07710940561883935,-0.7769515766119149,-3.82
2019-07-03,6530,6530,4235,4190,1.558472553699284,1.6272110841612362,0.07679453315063108,-0.8950966643305551,-4.41
2019-07-02,6520,6450,4245,4250,1.5176470588235293,1.6278159016561082,0.07642853721738134,-1.4414621402373817,-7.26
2019-07-01,6450,6500,4225,4290,1.5151515151515151,1.628801066092253,0.07547233316143717,-1.505843879208539,-7.5
2019-06-28,6400,6350,4245,4165,1.524609843937575,1.6301062313090902,0.07433347801116814,-1.4192311485232125,-6.92
2019-06-27,6360,6320,4160,4185,1.5101553166069295,1.6305520308101535,0.07379777796092107,-1.6314409123128208,-7.97
2019-06-26,6340,6340,4145,4135,1.5332527206771462,1.6316244055037739,0.07261535875237782,-1.3546952947251865,-6.42
2019-06-25,6450,6380,4025,4095,1.557997557997558,1.6315886624562181,0.07266441408418259,-1.0127530151609556,-4.72
2019-06-24,6380,6380,4095,4015,1.5890410958904109,1.6307893200162507,0.07379057010947923,-0.5657663853782416,-2.63
2019-06-21,6500,6440,4220,4095,1.5726495726495726,1.6291315171690846,0.0760713076491212,-0.7424868359044756,-3.59
2019-06-20,6600,6480,4290,4235,1.5301062573789848,1.627870691525789,0.07776186746677761,-1.2572284762653414,-6.39
2019-06-19,6330,6530,4240,4270,1.5292740046838407,1.6267545249231787,0.07973294230134743,-1.2225877714497777,-6.37
2019-06-18,6350,6330,4155,4135,1.5308343409915357,1.6256522307506953,0.0816220582169436,-1.1616699190204536,-6.19
2019-06-17,6430,6370,4205,4170,1.5275779376498801,1.6245523472697685,0.08342816479196075,-1.162370164340867,-6.35
2019-06-14,6420,6420,4300,4255,1.508813160987074,1.6232796063802621,0.08559775468309487,-1.3372599061385733,-7.59
2019-06-13,6420,6410,4170,4290,1.494172494172494,1.6220065420115455,0.08796790998145279,-1.453189553622497,-8.56
2019-06-12,6480,6460,4295,4210,1.5344418052256532,1.6210155397991695,0.08980197744727655,-0.9640515391138728,-5.64
2019-06-11,6420,6430,4180,4225,1.5218934911242603,1.61925334292747,0.09273246508206903,-1.0499003959082227,-6.4
2019-06-10,6410,6450,4100,4195,1.537544696066746,1.6170512462842699,0.09688624607340958,-0.8206175121831292,-5.17
2019-06-07,6410,6350,4080,4095,1.5506715506715507,1.6149029950768907,0.10034965632076884,-0.6400763765450621,-4.14
2019-06-06,6380,6400,4080,4040,1.5841584158415842,1.611707784286743,0.10600006160222256,-0.25989955127140446,-1.74
2019-06-05,6290,6420,4030,4115,1.560145808019441,1.6080065966497312,0.11159594203138275,-0.428875707835603,-3.07
2019-06-04,6220,6220,3995,3955,1.572692793931732,1.6051348112729642,0.11549387557877505,-0.2808981617307018,-2.06
2019-06-03,6110,6220,3965,4005,1.5530586766541823,1.60196006023608,0.11954361220663184,-0.4090673075644672,-3.15
2019-05-31,6200,6180,4110,4065,1.5202952029520296,1.598841787105783,0.12375459337594236,-0.6346963131715374,-5.17
2019-05-30,6230,6180,3990,4105,1.5054811205846528,1.5968640192907217,0.12615605036275937,-0.7243639797163842,-6.07
2019-05-29,6440,6300,3965,4025,1.565217391304348,1.5947995956915844,0.12887215208639072,-0.22954691070422836,-1.89
2019-05-28,6460,6520,4000,4035,1.6158612143742255,1.5918954815298554,0.13192406464149145,0.1816630870910312,1.48
2019-05-27,6560,6480,4050,4005,1.6179775280898876,1.5885050909502518,0.1345067426365025,0.21911494220987493,1.82
2019-05-24,6570,6530,4000,4055,1.6103575832305794,1.5854448777552073,0.13639898418891513,0.18264582851194555,1.55
2019-05-23,6590,6600,4000,4020,1.6417910447761195,1.5824093407480304,0.1383304301054282,0.4292743395855232,3.62
2019-05-22,6470,6590,4080,4055,1.625154130702836,1.5788714318369872,0.14014769685490744,0.33024230796860404,2.85
2019-05-21,6500,6500,3995,4035,1.61090458488228,1.5756523224973833,0.14181056379183024,0.24858699833282558,2.19
2019-05-20,6660,6560,4020,4065,1.6137761377613775,1.5723393125990162,0.14383629713646337,0.28808323063995833,2.57
2019-05-17,6830,6710,4105,4075,1.6466257668711657,1.5694685298682005,0.14512350343006408,0.531666030514125,4.69
2019-05-16,6800,6810,3985,4035,1.687732342007435,1.5663370490550164,0.1459563467871022,0.831723290042952,7.19
2019-05-15,6720,6850,3950,3940,1.7385786802030456,1.562806382239278,0.14617967542284005,1.2024400618986728,10.11
2019-05-14,6870,6760,3650,3880,1.7422680412371134,1.5587699872579543,0.14544816435061106,1.2616044678076968,10.53
2019-05-13,6980,7000,3870,3820,1.8324607329842932,1.5544710444180498,0.14472408413390922,1.9208253431338158,15.17
2019-05-10,7130,7020,4060,4080,1.7205882352941178,1.5490281336348248,0.14181390953683123,1.2097551094925294,9.97
2019-05-09,7200,7170,4240,4145,1.729794933655006,1.5448619410456035,0.14130148612430898,1.3087830686133695,10.69
2019-05-08,7410,7290,4375,4300,1.6953488372093024,1.5401468602418111,0.1409515129789067,1.101101887361203,9.15
2019-05-07,7480,7440,4550,4450,1.6719101123595506,1.5363085642192074,0.14059200887561799,0.9645039517168443,8.11
2019-04-26,7500,7550,4600,4600,1.641304347826087,1.5331629971057428,0.14016142572542717,0.7715485923508685,6.59
2019-04-25,7500,7500,4545,4615,1.6251354279523293,1.5301303748400965,0.14024936564196,0.6774009470728694,5.85
2019-04-24,7500,7500,4585,4540,1.6519823788546255,1.5275738474330023,0.140241827266843,0.887100046014851,7.53
2019-04-23,7420,7490,4575,4560,1.6425438596491229,1.5246207747882998,0.1399225588268286,0.8427739304479657,7.18
2019-04-22,7330,7400,4525,4540,1.6299559471365639,1.5220322600367555,0.1395122267653657,0.7735787006060513,6.62
2019-04-19,7390,7300,4580,4565,1.5991237677984667,1.5196488081203612,0.1391746455506195,0.5710448146907582,4.97
2019-04-18,7410,7370,4605,4550,1.6197802197802198,1.5181018431050497,0.13892725238716183,0.7318821536311196,6.28
2019-04-17,7460,7410,4515,4595,1.6126224156692057,1.5165516746805094,0.13843181670618257,0.6939932110593013,5.96
2019-04-16,7420,7480,4505,4480,1.6696428571428572,1.5144892948080353,0.13813707520472987,1.123185517753813,9.29
2019-04-15,7400,7460,4500,4545,1.6413641364136413,1.5117313222905344,0.137072636008917,0.9457235076056602,7.9
2019-04-12,7400,7280,4415,4390,1.6583143507972664,1.5093390925070842,0.13635310437112416,1.0925696116511086,8.98
2019-04-11,7290,7380,4300,4375,1.6868571428571428,1.5065732637362201,0.13540374740394606,1.3314541331200165,10.69
2019-04-10,7250,7250,4300,4280,1.6939252336448598,1.5037502170973243,0.1338133963589258,1.421195647986034,11.23
2019-04-09,7290,7330,4390,4350,1.6850574712643678,1.5006394331601418,0.13205655813981987,1.3965079864414338,10.94
2019-04-08,7230,7310,4495,4410,1.657596371882086,1.4980004736233292,0.1303109167231891,1.2247316055474917,9.63
2019-04-05,7390,7270,4510,4460,1.6300448430493273,1.4960267248967853,0.1289930666119994,1.0389559816858798,8.22
2019-04-04,7440,7430,4525,4490,1.6547884187082404,1.4938702584448598,0.12808327682327678,1.256355741783589,9.72
2019-04-03,7700,7680,4520,4535,1.6934950385887542,1.491213044624736,0.12677790025954866,1.5955619516484512,11.94
2019-04-02,7920,7640,4590,4520,1.6902654867256637,1.488115092758868,0.12461748215814186,1.622167214951937,11.96
2019-04-01,7850,7800,4555,4555,1.712403951701427,1.4851847010840074,0.1223936667216628,1.8564624845674582,13.27
2019-03-29,7680,7740,4440,4485,1.725752508361204,1.4815291853376893,0.11961542297744551,2.0417377370271477,14.15
2019-03-28,7630,7630,4440,4395,1.7360637087599544,1.4774402194681144,0.1163952801817459,2.221941378447745,14.9
2019-03-27,7650,7750,4525,4510,1.7184035476718404,1.4735644120347884,0.11249324835466241,2.176478492870407,14.25
2019-03-26,7630,7710,4370,4515,1.7076411960132891,1.470073148378153,0.1088444541330932,2.182638054711008,13.91
2019-03-25,7610,7540,4385,4320,1.7453703703703705,1.467083540342886,0.10529975530076541,2.6428060467246093,15.94
2019-03-22,7730,7720,4465,4425,1.7446327683615819,1.4635471109947122,0.10022586316976487,2.804522190951454,16.11
2019-03-20,7700,7720,4445,4515,1.7098560354374308,1.4601204408676767,0.09480380288498112,2.6342360429648695,14.61
2019-03-19,7820,7670,4570,4500,1.7044444444444444,1.4573460010571162,0.09039703807922586,2.7334794218674063,14.5
2019-03-18,7850,7860,4600,4635,1.6957928802588997,1.4546551014008926,0.08589307243193872,2.80741824725252,14.22
2019-03-15,7710,7790,4510,4615,1.6879739978331527,1.4514084872612802,0.08119023645994214,2.9137187042014565,14.01
2019-03-14,7740,7740,4700,4575,1.6918032786885246,1.4479464563344606,0.0764251200261723,3.1907941036998517,14.41
2019-03-13,7550,7690,4660,4685,1.6414087513340447,1.444847265386576,0.07099331034331968,2.768732504469905,11.98
2019-03-12,7600,7640,4725,4690,1.628997867803838,1.4421551724269146,0.06721630383946522,2.7797228455638607,11.47
2019-03-11,7500,7530,4745,4695,1.6038338658146964,1.4390832195042156,0.06378414995694284,2.5829402198147178,10.27
2019-03-08,7580,7520,4720,4725,1.5915343915343916,1.4363700562326942,0.06098491490589098,2.5443068263871416,9.75
2019-03-07,7650,7670,4865,4755,1.6130389064143007,1.4339840965134012,0.058309481374403366,3.070766634866706,11.1
2019-03-06,7730,7650,4895,4910,1.5580448065173116,1.4313872801630851,0.054489140054537574,2.3244544918025194,8.13
2019-03-05,7700,7770,5020,4885,1.5905834186284544,1.4292332324504564,0.05260007479647467,3.0674896718742297,10.14
2019-03-04,7730,7760,5150,5070,1.5305719921104537,1.4277521320856186,0.04950905920009408,2.076788807666128,6.72
2019-03-01,7440,7670,5100,5120,1.498046875,1.4271636736977442,0.048536187396934036,1.4604196395272155,4.73
2019-02-28,7390,7470,5050,5100,1.464705882352941,1.4262875478190096,0.04783678937880475,0.8031127304491235,2.62
2019-02-27,7380,7420,5070,5020,1.4780876494023905,1.4237623554635863,0.05065766659337433,1.0724002424918149,3.68
2019-02-26,7420,7420,5150,5130,1.446393762183236,1.42127236790725,0.05248298188131209,0.47865790729643976,1.74
2019-02-25,7390,7450,5190,5150,1.4466019417475728,1.4193247109290454,0.05419701910232575,0.503297621720248,1.89
2019-02-22,7480,7430,5190,5130,1.4483430799220274,1.4171520696544624,0.056285850730944394,0.5541536613999696,2.15
2019-02-21,7420,7490,5230,5230,1.4321223709369024,1.4146438836897628,0.05896749146632008,0.2964088655038456,1.22
2019-02-20,7400,7420,5270,5250,1.4133333333333333,1.4124001673867168,0.06141064213184486,0.015195508697223378,0.07
2019-02-19,7410,7440,5280,5240,1.4198473282442747,1.4108220654598307,0.06286979979505379,0.14355481986367158,0.64
2019-02-18,7250,7390,5370,5270,1.4022770398481974,1.4094967795588174,0.06370762858924546,-0.11332614116229599,-0.51
2019-02-15,7220,7150,5240,5270,1.3567362428842504,1.408758936034311,0.0641061821027116,-0.8115082109664427,-3.83
2019-02-14,7230,7240,5290,5260,1.376425855513308,1.4083906384498626,0.06448224436560743,-0.49571449088089553,-2.32
2019-02-13,7190,7250,5540,5530,1.3110307414104883,1.4082591526053907,0.06455730030292003,-1.5060792619685281,-7.42
2019-02-12,7150,7160,5350,5480,1.3065693430656935,1.4085842549404064,0.06412681052782811,-1.5908309026291443,-7.81
2019-02-08,7040,7060,5230,5250,1.3447619047619048,1.4092749631257173,0.06329791873480207,-1.0191971498162753,-4.8
2019-02-07,7140,7100,5370,5320,1.3345864661654134,1.4096056739607759,0.06302419801890145,-1.1903238780263983,-5.62
2019-02-06,7300,7150,5350,5420,1.3191881918819188,1.4096509810268907,0.06297145097223433,-1.4365682821070636,-6.86
2019-02-05,7270,7340,5400,5350,1.37196261682243,1.4100328196278853,0.06250686779005674,-0.6090563189523852,-2.77
2019-02-04,7000,7280,5310,5390,1.3506493506493507,1.4098570330829756,0.06263209757821846,-0.9453249168237275,-4.38
2019-02-01,7080,7020,5280,5210,1.3474088291746642,1.4101506525070298,0.06240505036384033,-1.0053965659279456,-4.66
2019-01-31,7370,7230,5290,5310,1.3615819209039548,1.4101692333874953,0.06238657117288292,-0.7788104325993092,-3.57
2019-01-30,7170,7220,5220,5200,1.3884615384615384,1.4102350189368302,0.06233788438239951,-0.34928167182778735,-1.57
2019-01-29,7170,7190,5170,5200,1.3826923076923077,1.41000847876081,0.06244737527608575,-0.437427048738798,-1.98
2019-01-28,7060,7130,5150,5180,1.3764478764478765,1.4097994262976714,0.06256460438264227,-0.5330737751623645,-2.42
2019-01-25,7140,7140,5220,5160,1.3837209302325582,1.4095035891408476,0.06277371606852229,-0.4107237952926942,-1.86
2019-01-24,7200,7180,5180,5270,1.362428842504744,1.4089982610797258,0.06313076277360569,-0.7376660209537664,-3.42
2019-01-23,7340,7300,5170,5220,1.3984674329501916,1.4087782796137711,0.06332111040457007,-0.16283426803007145,-0.74
2019-01-22,7570,7440,5320,5270,1.411764705882353,1.4083067665497402,0.06352746208389548,0.05443219702443381,0.24
2019-01-21,7650,7570,5330,5320,1.4229323308270676,1.407981735636474,0.06357128519592004,0.23517843228302415,1.05
2019-01-18,7550,7610,5230,5300,1.4358490566037736,1.4075721788102769,0.06357259305374005,0.44479667157187297,1.97
2019-01-17,7480,7440,5290,5240,1.4198473282442747,1.4072005308571958,0.06348761724107825,0.19920100858496448,0.89
2019-01-16,7270,7520,5160,5280,1.4242424242424243,1.4069859780612002,0.06347170366579132,0.2718762091543583,1.21
2019-01-15,7240,7280,5270,5170,1.4081237911025144,1.4066247710544237,0.06344955228227918,0.023625384170115275,0.11
2019-01-11,7550,7390,5370,5370,1.3761638733705772,1.4066733165848215,0.06345207340772169,-0.48082657627593806,-2.22
2019-01-10,7660,7530,5290,5350,1.4074766355140187,1.4069276395430552,0.06336744786085799,0.008663690735485454,0.04
2019-01-09,7700,7740,5370,5390,1.4359925788497216,1.406470385102922,0.06348545838860631,0.46502292802374834,2.06
2019-01-08,7660,7550,5370,5340,1.4138576779026217,1.4061524982825722,0.06339646555189396,0.1215395772141651,0.54
2019-01-07,7590,7640,5280,5330,1.4333958724202627,1.4057963948122396,0.06342718721892956,0.4351363952615278,1.93
2019-01-04,7570,7410,5180,5180,1.4305019305019304,1.4052140241971058,0.06337159725358596,0.39904164327172037,1.77
2018-12-28,7920,7720,5460,5330,1.448405253283302,1.4044213084959043,0.06342214568469706,0.6935108283164017,3.04
2018-12-27,7710,7880,5200,5430,1.4511970534069982,1.40327895559023,0.06339121375167629,0.7559107166567073,3.3
2018-12-26,7560,7460,4990,5030,1.4831013916500995,1.4017368240792387,0.06361319449550505,1.2790517473007903,5.49
2018-12-25,7650,7480,5230,4975,1.5035175879396985,1.3994690032174792,0.06370385258796248,1.633316989401051,6.92
2018-12-21,8030,7800,5480,5350,1.4579439252336448,1.3971707359247312,0.06301419145653603,0.9644365484056375,4.17
2018-12-20,8230,8060,5610,5510,1.4627949183303086,1.3950561869324034,0.06359756318542553,1.0651152026124908,4.63
2018-12-19,8240,8260,5700,5650,1.4619469026548673,1.3921925917074833,0.06529556317912842,1.0682856162220948,4.77
2018-12-18,8490,8270,5710,5700,1.4508771929824562,1.3895676912064765,0.06638660945361596,0.9235221120731644,4.23
2018-12-17,8540,8600,5910,5830,1.4751286449399656,1.386836418580467,0.06800224186435676,1.2983722880138888,5.99
2018-12-14,8670,8530,5860,5840,1.4606164383561644,1.3836138831253262,0.06945304608926926,1.1086994677219113,5.27
2018-12-13,8720,8670,5800,5830,1.4871355060034306,1.3808475926684178,0.0704555008335017,1.508582184181603,7.15
2018-12-12,8490,8680,5720,5750,1.5095652173913043,1.3776645544992003,0.07097245095508141,1.8584769317827867,8.74
2018-12-11,8280,8340,5740,5680,1.4683098591549295,1.3738852135964035,0.07139374314763265,1.3225899272891264,6.43
2018-12-10,8560,8340,5780,5730,1.455497382198953,1.3704936970379933,0.07285435828174214,1.1667618405508935,5.84
2018-12-07,8560,8650,5900,5920,1.4611486486486487,1.367540056728332,0.07383218971801836,1.2678560974261879,6.41
2018-12-06,8410,8470,5850,5760,1.4704861111111112,1.3648513236914976,0.07404581235094272,1.4266139308318173,7.18
2018-12-05,8210,8500,5810,5910,1.4382402707275803,1.3615457180472135,0.07478641955359068,1.0255144334782444,5.33
2018-12-04,8580,8330,5920,5870,1.4190800681431006,1.3587585060649325,0.07576511957465322,0.7961653385728742,4.25
2018-12-03,8640,8600,6020,5950,1.4453781512605042,1.3560728519853786,0.07713682807448541,1.1577517705147264,6.18
2018-11-30,8600,8550,5730,5870,1.4565587734241907,1.3528539083957665,0.07837034543628389,1.323266657191624,7.12
2018-11-29,8600,8500,5890,5730,1.4834205933682374,1.3499400470078315,0.07852293528534872,1.699892469319234,9.0
2018-11-28,8510,8570,5750,5790,1.4801381692573403,1.3462894701521557,0.07859685757989987,1.7029777427057677,9.04
2018-11-27,8470,8420,5650,5660,1.4876325088339222,1.3422489510506075,0.07939734486536404,1.8310884076771714,9.77
2018-11-26,8670,8470,5690,5640,1.50177304964539,1.3394717021724911,0.07789207895969193,2.0836694775714952,10.81
2018-11-22,8210,8580,5640,5710,1.5026269702276707,1.3364850985475896,0.0758800478979376,2.1895330364518233,11.06
2018-11-21,8090,8220,5680,5660,1.452296819787986,1.3332531273788149,0.07387034165109353,1.6115221582626709,8.2
2018-11-20,8180,8170,5600,5720,1.4283216783216783,1.330299426191898,0.07347918301423441,1.3340139085486504,6.86
2018-11-19,8090,8260,5700,5660,1.459363957597173,1.3280397030640076,0.07303460709525107,1.7981099612392455,9.0
2018-11-16,8050,8090,5750,5620,1.4395017793594307,1.3251852905476176,0.07202273448073993,1.5872278334889276,7.94
2018-11-15,8000,8000,5730,5720,1.3986013986013985,1.322637896222411,0.07130959299483242,1.0652634405653159,5.43
2018-11-14,8070,8080,5830,5770,1.4003466204506065,1.3208690896013493,0.0710482276274035,1.1186419915505752,5.68
2018-11-13,7980,8080,5610,5720,1.4125874125874125,1.3194391806390193,0.07051143676784455,1.3210372135101878,6.59
2018-11-12,7900,8070,5690,5690,1.4182776801405976,1.3167549165463046,0.07074591197847602,1.4350336401795296,7.16
2018-11-09,8290,7960,5680,5700,1.3964912280701753,1.3144246340578498,0.07024006438296855,1.1683729895928827,5.88
2018-11-08,8390,8300,5560,5610,1.4795008912655971,1.3128478497621405,0.06970542601667436,2.3908187787790185,11.26
2018-11-07,8110,8220,5770,5530,1.4864376130198915,1.3100259331166944,0.06713838123968291,2.6275831595255537,11.87
2018-11-06,8060,8150,6020,5690,1.4323374340949033,1.307324476714273,0.06398802580625366,1.9536929887343468,8.73
2018-11-05,8090,8060,6340,6320,1.2753164556962024,1.3047686496797284,0.06276010747087576,-0.4692820833232866,-2.31
2018-11-02,8170,8200,6290,6350,1.2913385826771653,1.3038992380640213,0.06360800353829314,-0.19746973160844902,-0.97
2018-11-01,7980,8140,6240,6260,1.3003194888178913,1.3035098692593936,0.0637728670028204,-0.050027238721464896,-0.25
2018-10-31,7850,8010,6130,6240,1.2836538461538463,1.3028607292341965,0.06404922246359397,-0.2998769124990949,-1.5
2018-10-30,7770,7700,6200,6110,1.260229132569558,1.3017453446188119,0.06509386416677916,-0.6377899450381951,-3.29
2018-10-29,7990,7760,6180,6140,1.263843648208469,1.3007825557408461,0.06622498822904557,-0.557778997326815,-2.92
2018-10-26,8200,7990,6280,6170,1.2949756888168558,1.2995748714545021,0.06769711397929774,-0.06793764707684322,-0.36
2018-10-25,8330,8200,6170,6210,1.320450885668277,1.2980220275595336,0.06910586700480578,0.3245579439323691,1.7
2018-10-24,8530,8580,6300,6370,1.346938775510204,1.296447761782369,0.06991707966979263,0.7221556444619261,3.75
2018-10-23,8770,8400,6500,6320,1.3291139240506329,1.2945656756145685,0.07043058660741996,0.4905290456919849,2.6
2018-10-22,8690,8910,6370,6520,1.366564417177914,1.29277748996056,0.0712287382484993,1.0359151240322404,5.4
2018-10-19,8650,8560,6330,6410,1.3354134165366616,1.2902283567534436,0.07195975033027636,0.6279212973340013,3.38
2018-10-18,8820,8680,6490,6390,1.3583724569640063,1.2881051711548788,0.07293777481903475,0.9633867496433375,5.17
2018-10-17,8700,8820,6530,6440,1.3695652173913044,1.2859848944191294,0.07317526390152168,1.1421936664916754,6.1
2018-10-16,8630,8630,6340,6450,1.337984496124031,1.2833650504949379,0.07365181278327973,0.7415899699551284,4.08
2018-10-15,8800,8680,6450,6440,1.3478260869565217,1.2811856345717745,0.07441775141671957,0.895491346030848,4.94
2018-10-12,8780,8900,6440,6550,1.3587786259541985,1.2790519662534459,0.07476972969344726,1.0662959466033728,5.87
2018-10-11,8710,8840,6550,6440,1.3726708074534162,1.276236505208977,0.0756846260169207,1.2741597246299332,7.03
2018-10-10,9020,9010,6740,6680,1.348802395209581,1.2730383944429315,0.07660426213856145,0.9890311407165279,5.62
2018-10-09,9200,9060,6670,6630,1.3665158371040724,1.270205877658319,0.0776705901156279,1.239979756847183,7.05
2018-10-05,9210,9230,6700,6730,1.3714710252600297,1.2670662697210604,0.07846908789237718,1.3305208247375544,7.61
2018-10-04,9160,9200,6890,6730,1.3670133729569094,1.2639276687091543,0.07893661013104214,1.3059302151007397,7.54
2018-10-03,9290,9060,6840,6690,1.3542600896860986,1.260677711255656,0.07964009447827518,1.1750661402840337,6.91
2018-10-02,9250,9340,6940,6940,1.345821325648415,1.2581417433931747,0.07964800488452985,1.1008383999367504,6.51
2018-10-01,9210,9260,6790,6880,1.3459302325581395,1.2560388309697381,0.07938693548286892,1.1323198337565157,6.68
2018-09-28,9290,9310,6760,6830,1.363103953147877,1.2541791160410058,0.07889152485507574,1.3806912378353293,7.99
2018-09-27,9320,9240,6670,6660,1.3873873873873874,1.2518417428401256,0.07822379370220826,1.7327930305102979,9.77
2018-09-26,9100,9300,6560,6680,1.3922155688622755,1.2488987998971826,0.07721439813449642,1.8560886625763198,10.29
2018-09-25,8940,9180,6440,6520,1.4079754601226995,1.2456757314709284,0.07620333561733159,2.1298244668289543,11.53
2018-09-21,8910,8970,6370,6390,1.403755868544601,1.2419742674663248,0.07496210375656902,2.158178505817336,11.52
2018-09-20,8910,8830,6350,6320,1.3971518987341771,1.2388927017054912,0.07297220862915291,2.168759860798023,11.33
2018-09-19,8790,8880,6390,6290,1.411764705882353,1.2360235725638988,0.07089408885288365,2.4789250579571536,12.45
2018-09-18,8600,8790,6160,6300,1.3952380952380952,1.2330974790495701,0.06805212395151908,2.382594499240544,11.62
2018-09-14,8670,8500,6180,6190,1.3731825525040389,1.2306310565831475,0.06543268908788363,2.1785975467006753,10.38
2018-09-13,8480,8600,6070,6090,1.4121510673234812,1.2288673053920482,0.06331497936008859,2.8947930455611615,12.98
2018-09-12,8420,8420,6070,6070,1.3871499176276771,1.2273814477446985,0.06022868627931899,2.652697240348726,11.52
2018-09-11,8300,8380,6010,6030,1.3897180762852404,1.2257657931147288,0.05748389745068423,2.852142781570564,11.8
2018-09-10,8250,8240,6010,6010,1.3710482529118135,1.2241811364246793,0.05450326986928648,2.6946478044227646,10.71
2018-09-07,8070,8190,6000,6010,1.362728785357737,1.2226175798872556,0.05188684626758057,2.7003222502274977,10.28
2018-09-06,8020,8080,6050,6050,1.3355371900826447,1.2208358226153733,0.049273535101249835,2.3278493664312307,8.59
2018-09-05,8080,7970,6110,6070,1.3130148270181219,1.2193005899054994,0.04743530541700565,1.9756220875733155,7.14
2018-09-04,8070,8120,6210,6100,1.3311475409836067,1.218075353708074,0.046168746199970113,2.4491067352313305,8.49
2018-09-03,7960,8030,6260,6180,1.2993527508090614,1.2163956482073988,0.044277325550477635,1.8735797966633914,6.38
2018-08-31,7970,7900,6250,6330,1.2480252764612954,1.215666920937231,0.043345963666762514,0.7465136955503088,2.59
2018-08-30,7920,7970,6400,6300,1.265079365079365,1.215676776119834,0.043353402962481684,1.13953197635453,3.91
2018-08-29,7800,7850,6330,6300,1.246031746031746,1.2155085048040217,0.04318549291803293,0.7067938598190401,2.45
2018-08-28,7970,7820,6390,6340,1.2334384858044165,1.2159596690849732,0.04367598232847411,0.40019287003072523,1.42
2018-08-27,7850,7970,6270,6360,1.2531446540880504,1.2162391559409145,0.04385364279297448,0.841560604699602,2.95
2018-08-24,7680,7840,6380,6280,1.2484076433121019,1.2163523904086115,0.04395962654977059,0.7291975710302662,2.57
2018-08-23,7700,7700,6270,6280,1.2261146496815287,1.2154058798956329,0.04402343441672697,0.24325157561598584,0.87
2018-08-22,7600,7660,6250,6310,1.213946117274168,1.2156658717010487,0.044143326192099167,-0.03895842418844674,-0.14
2018-08-21,7810,7700,6270,6240,1.233974358974359,1.2164063303971335,0.04457195401848551,0.3941498407258395,1.42
2018-08-20,7910,7960,6440,6320,1.259493670886076,1.2173927072464545,0.04575274839565827,0.9201843630363559,3.34
2018-08-17,7810,7910,6370,6470,1.222565687789799,1.2183467424636854,0.047339192496519696,0.08912161580330792,0.35
2018-08-16,7960,7830,6440,6370,1.2291993720565149,1.2195696761502977,0.04860030936405722,0.1981406298071619,0.78
2018-08-15,7850,8000,6500,6570,1.21765601217656,1.2205716555373702,0.04955381744227614,-0.0588379162555243,-0.24
2018-08-14,7810,7910,6350,6570,1.203957382039574,1.2217430311346154,0.05050036766779995,-0.3521885070627302,-1.48
2018-08-13,7760,7750,6340,6260,1.2380191693290734,1.2229347104851989,0.05111736426085876,0.29509461338609977,1.22
2018-08-10,7750,7790,6490,6440,1.2096273291925466,1.223993203472074,0.05222861921028489,-0.27505751629555747,-1.19
2018-08-09,7720,7710,6250,6550,1.1770992366412214,1.2252433701562864,0.052986460802930735,-0.9086119885252285,-4.09
2018-08-08,7800,7740,6080,6050,1.2793388429752066,1.2269811461001692,0.05351362089600723,0.9783994429527374,4.09
2018-08-07,7680,7820,6110,6120,1.2777777777777777,1.227066152003357,0.05360171426633336,0.946082163015299,3.97
2018-08-06,7730,7700,6240,6110,1.260229132569558,1.2274427158581818,0.054053948308907154,0.6065498957450559,2.6
2018-08-03,7830,7680,6270,6240,1.2307692307692308,1.2282050760018506,0.054907446887024106,0.04669958107242143,0.21
2018-08-02,7940,7830,6380,6220,1.2588424437299035,1.229011430141538,0.055381208682820086,0.538648655344704,2.37
2018-08-01,7980,7920,6540,6360,1.2452830188679245,1.2297900826159438,0.05619964800846869,0.27567674889433563,1.24
2018-07-31,8140,8040,6360,6440,1.2484472049689441,1.2311692150139442,0.05780901758027151,0.29888053245340784,1.38
2018-07-30,8280,8140,6330,6430,1.265940902021773,1.2325811739164594,0.05948279251012168,0.5608298921009294,2.64
2018-07-27,7820,8250,6390,6380,1.293103448275862,1.233792414150809,0.06105392296626934,0.9714532865942272,4.59
2018-07-26,7800,7740,6260,6390,1.2112676056338028,1.2345057059294637,0.06204710917981337,-0.3745234967888133,-1.92
2018-07-25,7730,7660,6120,6160,1.2435064935064934,1.2362432599665574,0.0631862469684678,0.11494959565426778,0.58
2018-07-24,7830,7810,6260,6110,1.2782324058919803,1.2373894427021441,0.06408095014608194,0.6373651310838654,3.2
2018-07-23,7780,7810,6060,6160,1.2678571428571428,1.237871427568958,0.06452077532428815,0.46474511717308875,2.37
2018-07-20,7670,7780,6120,6060,1.283828382838284,1.2389564441991194,0.06568955600739732,0.6830909107394707,3.5
2018-07-19,7660,7630,6290,6150,1.240650406504065,1.2398444304336405,0.06673199789459604,0.012077805188714725,0.06
2018-07-18,7850,7660,6280,6330,1.2101105845181674,1.2409977594711465,0.06747926404832338,-0.45772839091517237,-2.55
2018-07-17,7700,7800,6120,6180,1.2621359223300972,1.2428142816153187,0.06845011542559386,0.28227331093081,1.53
2018-07-13,7450,7660,6190,6120,1.2516339869281046,1.2437559570248453,0.06919123803151586,0.1138587793395299,0.63
2018-07-12,7210,7320,6070,6100,1.2,1.2453095129982241,0.07064352070205969,-0.6413824303762811,-3.78
2018-07-11,7120,7140,6020,6010,1.1880199667221298,1.247651664673709,0.07200141265604615,-0.8282017776018142,-5.02
2018-07-10,7150,7110,6130,6060,1.1732673267326732,1.2500336206729696,0.0729381801760991,-1.0524843607964292,-6.54
2018-07-09,7070,7130,5910,6050,1.1785123966942148,1.2521381053689309,0.07296990117647585,-1.0089873699657914,-6.25
2018-07-06,7160,7070,5890,5880,1.2023809523809523,1.253898173802546,0.07276451148848223,-0.7079992755774679,-4.28
2018-07-05,7170,7090,5970,5880,1.2057823129251701,1.2553330944374668,0.0727955608462822,-0.6806841095287376,-4.11
2018-07-04,6940,7170,5890,6000,1.195,1.2576033831038047,0.07386214260419756,-0.8475706349228883,-5.24
2018-07-03,7030,6970,5940,5930,1.1753794266441822,1.2597441238445455,0.07434181819579579,-1.1348215479230015,-7.18
2018-07-02,7300,7010,6170,5960,1.1761744966442953,1.2615639235796852,0.07392371666144162,-1.1551019184608817,-7.26
2018-06-29,7300,7400,6240,6170,1.1993517017828201,1.2628877182710612,0.07326881834294459,-0.8671631114733165,-5.3
2018-06-28,7430,7320,6400,6240,1.1730769230769231,1.2642022983203496,0.07300105693920504,-1.248274738259136,-7.77
2018-06-27,7410,7470,6240,6360,1.1745283018867925,1.266709420827472,0.0730572955796941,-1.2617647314924816,-7.85
2018-06-26,7270,7400,6240,6230,1.187800963081862,1.268788173903764,0.07262158584286876,-1.1151947438483925,-6.82
2018-06-25,7240,7230,6340,6300,1.1476190476190475,1.2703002253197007,0.07209831647541698,-1.7015817247616751,-10.69
2018-06-22,7200,7250,6370,6400,1.1328125,1.2726004739332024,0.07088947350193699,-1.9719144046031438,-12.34
2018-06-21,7250,7250,6350,6380,1.1363636363636365,1.2746054518093084,0.06900905120497046,-2.0032417926608863,-12.17
2018-06-20,7240,7250,6380,6410,1.1310452418096724,1.2769391086625381,0.06723118210334504,-2.170032748027599,-12.9
2018-06-19,7220,7180,6440,6320,1.1360759493670887,1.2796049843116486,0.06533048379799732,-2.1969688053796377,-12.63
2018-06-18,7430,7290,6410,6490,1.12326656394453,1.282273797437393,0.06347469942835655,-2.505049018346803,-14.16
2018-06-15,7470,7450,6310,6400,1.1640625,1.2853291102759143,0.06122245574749889,-1.9807537740082963,-10.42
2018-06-14,7500,7390,6170,6220,1.1881028938906752,1.2882551108732858,0.06059774106538909,-1.6527384556222897,-8.43
2018-06-13,7430,7480,6230,6200,1.206451612903226,1.290969695633444,0.06061061515510259,-1.394443572531582,-7.01
2018-06-12,7410,7400,6250,6230,1.187800963081862,1.293959099918822,0.06188402897917136,-1.7154367384950029,-8.94
2018-06-11,7220,7280,6190,6240,1.1666666666666667,1.2972385111551654,0.06268330308281639,-2.083040268570225,-11.19
2018-06-08,7120,7110,6260,6180,1.1504854368932038,1.300209525647919,0.061697061577725594,-2.4267620681755413,-13.01
2018-06-07,7150,7110,6200,6290,1.1303656597774245,1.3032597019335885,0.0598466561735102,-2.888950748641688,-15.3
2018-06-06,7210,7200,6040,6140,1.1726384364820848,1.3064479637247917,0.056845143139306,-2.3539306940399505,-11.41
2018-06-05,7210,7210,5990,6100,1.181967213114754,1.3094996532585659,0.055712008559169544,-2.2891373591092954,-10.79
2018-06-04,7040,7130,5880,5980,1.1923076923076923,1.3135282524108052,0.05724740134522782,-2.117485811663273,-10.17
2018-06-01,7130,7080,5830,5850,1.2102564102564102,1.3192841498467025,0.0658289072541896,-1.6562289142867912,-9.01
2018-05-31,7290,7160,5660,5770,1.240901213171577,1.324877780003713,0.07368233847203574,-1.1397109344460765,-6.77
2018-05-30,7260,7310,5750,5620,1.300711743772242,1.3297332087048752,0.07973811158785515,-0.36395977224338333,-2.23
2018-05-29,7380,7330,5860,5790,1.2659758203799654,1.3341822168116273,0.08697508140840723,-0.7842061809794285,-5.39
2018-05-28,7480,7460,5950,5870,1.2708688245315163,1.3392852404706994,0.09378470030357369,-0.7295050868395866,-5.38
2018-05-25,7320,7460,5930,5950,1.253781512605042,1.3440789094269148,0.09919729888074874,-0.9102808024079859,-7.2
2018-05-24,7400,7350,6100,5980,1.2290969899665551,1.3492855975468088,0.10443138333766136,-1.1508859093788304,-9.78
2018-05-23,7420,7420,6020,6080,1.2203947368421053,1.3547681412777104,0.10868462806726675,-1.2363607147133917,-11.01
2018-05-22,7450,7400,6110,6060,1.221122112211221,1.3609731060927053,0.11399079534430027,-1.2268621642569935,-11.45
2018-05-21,7640,7460,6140,6190,1.2051696284329563,1.366331214614509,0.11670354755513403,-1.380948476355575,-13.37
2018-05-18,7660,7630,6120,6130,1.2446982055464926,1.3710136279169773,0.1171875304065512,-1.0778913245484973,-10.15
2018-05-17,7640,7580,6150,6070,1.2487644151565074,1.3753294339626214,0.11841008829776654,-1.0688702341631588,-10.14
2018-05-16,7810,7640,6120,6100,1.2524590163934426,1.3796857544899606,0.11967694240529508,-1.063084797618366,-10.16
2018-05-15,7800,7820,6270,6110,1.2798690671031097,1.384423285625916,0.1215646337176674,-0.8600710200438099,-8.17
2018-05-14,7760,7840,6270,6250,1.2544,1.3892193776876274,0.12440756322155663,-1.0836911695435145,-10.75
2018-05-11,7530,7860,6190,6230,1.261637239165329,1.3934635237079744,0.12516309727263247,-1.0532360369406575,-10.45
2018-05-10,7780,7300,6280,6200,1.1774193548387097,1.3975632976824786,0.12581211320592714,-1.7497833653222319,-18.7
2018-05-09,7820,7810,6260,6270,1.2456140350877194,1.4027962725928729,0.12470401086066146,-1.260442518410909,-12.62
2018-05-08,7680,7820,6000,6160,1.2694805194805194,1.4070825398411964,0.12475245329789168,-1.1030005160067053,-10.84
2018-05-07,7850,7730,5820,5910,1.3079526226734348,1.4105370852957415,0.12448123221559415,-0.8240958158627194,-7.84
2018-05-02,7830,7760,5970,5830,1.3310463121783878,1.4135902094859216,0.12473558813307503,-0.6617509769503097,-6.2
2018-05-01,7770,7820,6000,5950,1.3142857142857143,1.4163260171109826,0.12514464474491524,-0.8153789004176651,-7.76
2018-04-27,7850,7800,5990,5980,1.3043478260869565,1.4192947000796656,0.12532956277020343,-0.91715690577704,-8.81
2018-04-26,7830,7820,6050,5990,1.3055091819699498,1.4223557766842205,0.12528835137043384,-0.9326213764980928,-8.95
2018-04-25,7670,7760,5870,6000,1.2933333333333332,1.4252306777321329,0.1250477522411118,-1.0547758119192796,-10.2
2018-04-24,7740,7720,5930,5860,1.31740614334471,1.428952244021141,0.12522026607991057,-0.8907991028005551,-8.47
2018-04-23,7700,7690,5950,5900,1.3033898305084746,1.432637587732222,0.12594837715416615,-1.0261962888616074,-9.92
2018-04-20,7740,7740,5910,5920,1.3074324324324325,1.4360923899921088,0.1259094180780307,-1.0218453831622112,-9.84
2018-04-19,7800,7650,6020,5950,1.2857142857142858,1.4397892836070352,0.12614775807423756,-1.2213851458388718,-11.98
2018-04-18,7750,7810,5890,5980,1.306020066889632,1.4433311111488627,0.1254995572021543,-1.094115766783547,-10.51
2018-04-17,7670,7720,5920,5860,1.31740614334471,1.4467734475686345,0.12522648906260028,-1.0330666074911214,-9.82
2018-04-16,7580,7670,5850,5940,1.2912457912457913,1.4504587912797153,0.12543204420224813,-1.269316792582979,-12.33
2018-04-13,7920,7640,5880,5800,1.3172413793103448,1.4541910858392604,0.12480208236782485,-1.097335107961488,-10.4
2018-04-12,7920,7890,5900,5850,1.3487179487179488,1.4570595221247147,0.12409175365800998,-0.8730763343497365,-8.03
2018-04-11,8050,7950,5980,5870,1.354344122657581,1.4599451176708609,0.12405513437616995,-0.8512424378427424,-7.8
2018-04-10,8120,8100,6030,5970,1.35678391959799,1.4623850709595307,0.12375339553610885,-0.8533192233156004,-7.78
2018-04-09,8140,8120,6060,6030,1.3466003316749586,1.465135569338078,0.12366818173637167,-0.9584942221905202,-8.8
2018-04-06,8040,8130,6040,6060,1.3415841584158417,1.4684648488663625,0.12379325044140146,-1.0249402935790983,-9.46
2018-04-05,7930,8030,6040,6040,1.3294701986754967,1.4718410006079308,0.12373970086375144,-1.150566883050713,-10.71
2018-04-04,7950,7860,5870,5980,1.31438127090301,1.475418269467304,0.12344992256701814,-1.3044722525189967,-12.25
2018-04-03,7810,7920,5760,5870,1.3492333901192504,1.4794698463146059,0.1230841426756041,-1.058109138710108,-9.65
2018-04-02,7910,7900,5940,5850,1.3504273504273505,1.4829024549163554,0.12299403218343932,-1.0770856287679473,-9.81
2018-03-30,8000,7870,5960,5930,1.327150084317032,1.4863385314023394,0.12284475067910884,-1.2958506261381435,-11.99
2018-03-29,7850,7930,5890,5890,1.3463497453310695,1.4901397955842348,0.12226965764007044,-1.1760076295988755,-10.68
2018-03-28,7930,7770,5840,5830,1.332761578044597,1.4935017864720033,0.12173515607248635,-1.3204091045950168,-12.06
2018-03-27,7950,7990,5720,5840,1.3681506849315068,1.496900786326931,0.12075459881413252,-1.0662128205452324,-9.41
2018-03-26,7750,7800,5740,5670,1.3756613756613756,1.499682497544074,0.12015817829891998,-1.0321488194849993,-9.02
2018-03-23,7790,7790,5880,5700,1.3666666666666667,1.5023526915476013,0.11959633006664643,-1.1345333490193388,-9.93
2018-03-22,7810,7960,6000,5980,1.3311036789297659,1.5057201181239004,0.1192836295651586,-1.4638759721739552,-13.12
2018-03-20,7930,7850,5980,5990,1.310517529215359,1.510227708169248,0.11898716262420381,-1.6784178607958904,-15.24
2018-03-19,8100,7860,5920,6000,1.31,1.5148335361981091,0.11784775613110401,-1.7381199517302184,-15.64
2018-03-16,7980,8160,5870,5930,1.376053962900506,1.5196995655161463,0.11681965373256947,-1.2296355795102971,-10.44
2018-03-15,7800,7930,5920,5850,1.3555555555555556,1.523633212740485,0.11688359252732163,-1.437991881928519,-12.4
2018-03-14,7600,7740,5940,5900,1.311864406779661,1.5280432958273742,0.11669839315639355,-1.8524581461717362,-16.48
2018-03-13,7700,7640,5850,5990,1.2754590984974958,1.5328407009852587,0.11509750932585869,-2.236204797091448,-20.18
2018-03-12,7890,7580,5850,5840,1.297945205479452,1.53794840081017,0.11202114504054758,-2.1424811828503056,-18.49
2018-03-09,7720,7840,5850,5760,1.3611111111111112,1.5424943165889626,0.10906834660335257,-1.6630233346938448,-13.33
2018-03-08,7550,7650,5850,5750,1.3304347826086957,1.546046474251212,0.1074291381551548,-2.0070131376379345,-16.21
2018-03-07,7550,7560,5750,5810,1.3012048192771084,1.54990979029961,0.10478326733556106,-2.373517999071754,-19.11
2018-03-06,7350,7670,5660,5810,1.3201376936316696,1.5538937260425818,0.10085828137936186,-2.3176682094321768,-17.71
2018-03-05,7330,7250,5630,5650,1.2831858407079646,1.5584582575721369,0.09787852430799243,-2.8123883028515833,-21.45
2018-03-02,7410,7370,5530,5620,1.311387900355872,1.5632016204039956,0.09291788821199118,-2.710067188285783,-19.2
2018-03-01,7600,7560,5720,5680,1.3309859154929577,1.567677232712976,0.08866788928198875,-2.6694141378202145,-17.78
2018-02-28,7710,7670,5610,5740,1.3362369337979094,1.5714674770035784,0.08444429639808243,-2.785629737463365,-17.6
2018-02-27,7700,7560,5650,5590,1.3524150268336315,1.576191235000167,0.08099211508728857,-2.762938193740991,-16.55
2018-02-26,7690,7720,5550,5580,1.3835125448028673,1.5799981151021554,0.07699595567421133,-2.5518946882179945,-14.2
2018-02-23,7810,7710,5480,5540,1.391696750902527,1.5830950204510388,0.07362814438558346,-2.599525916966989,-13.75
2018-02-22,7810,7840,5430,5480,1.4306569343065694,1.5862200243212234,0.07033861684348326,-2.211631348407254,-10.87
2018-02-21,7780,7900,5530,5510,1.4337568058076224,1.5889542891317534,0.06819133928710584,-2.2759119405281565,-10.82
2018-02-20,7750,7670,5590,5520,1.3894927536231885,1.591268596293411,0.06578795303671948,-3.0670637002127354,-14.52
2018-02-19,7500,7710,5490,5590,1.3792486583184258,1.594271506688768,0.061510308535538426,-3.495720530260547,-15.59
2018-02-16,7450,7450,5330,5440,1.369485294117647,1.597452205206128,0.05625227757552445,-4.052580996074551,-16.65
2018-02-15,7490,7400,5400,5280,1.4015151515151516,1.6009890915918878,0.04977389312276001,-4.00760172777249,-14.23
2018-02-14,8130,7940,5200,5350,1.4841121495327103,1.6040690073573158,0.04416638737733642,-2.716021502953178,-8.08
2018-02-13,8160,8120,5000,5000,1.624,1.6061360219045397,0.04208245798291362,0.424499398364837,1.1
2018-02-09,8030,8100,4960,4970,1.6297786720321932,1.606329211352981,0.042197125187568595,0.5557122807532028,1.44
2018-02-08,8260,8250,5070,5140,1.605058365758755,1.6054291967935008,0.04240671646552339,-0.008744629758056698,-0.02
2018-02-07,8400,8270,5160,5060,1.634387351778656,1.6049299606948908,0.04262796476897371,0.6910344240784737,1.8
2018-02-06,8310,8260,5160,5010,1.6487025948103793,1.60475064437996,0.042531851828140024,1.0333890611680288,2.67
2018-02-05,8910,8690,5410,5330,1.6303939962476548,1.6040440313686541,0.04223497039150507,0.6238897443219364,1.62
2018-02-02,9120,9060,5510,5510,1.644283121597096,1.6038030292930814,0.04213537705478549,0.9607150839395949,2.46
2018-02-01,9190,9120,5410,5560,1.6402877697841727,1.603031215122767,0.04191640929559749,0.8888298231527845,2.27
2018-01-31,9030,9120,5550,5410,1.6857670979667283,1.602127072381914,0.041834291728621506,1.9993173573341683,4.96
2018-01-30,8720,9040,5590,5570,1.622980251346499,1.6007488044589617,0.04074461066630765,0.5456291402465366,1.37
2018-01-29,8850,8700,5620,5590,1.556350626118068,1.5998836709489448,0.04095171183556622,-1.0630335797847832,-2.8
2018-01-26,8880,8830,5680,5630,1.5683836589698046,1.5998027910004509,0.04104349740214305,-0.7655081564517393,-2.0
2018-01-25,9010,8870,5620,5630,1.5754884547069272,1.599694068154276,0.04113727461264175,-0.5884107217912338,-1.54
2018-01-24,9200,9100,5650,5660,1.607773851590106,1.5993491330329928,0.04144609309187654,0.20326930546716848,0.52
2018-01-23,8820,9280,5570,5660,1.6395759717314489,1.5983280273621379,0.042163137683648405,0.9782939941233946,2.52
2018-01-22,8710,8760,5560,5570,1.5727109515260322,1.5965661469955574,0.04315199592339372,-0.5528178931021989,-1.52
2018-01-19,8790,8740,5590,5570,1.5691202872531418,1.5957453665266355,0.04417133541114791,-0.6027682664711572,-1.7
2018-01-18,8810,8760,5650,5580,1.5698924731182795,1.5952293393759345,0.04470224174571994,-0.5667918490929119,-1.61
2018-01-17,8510,8760,5550,5590,1.5670840787119857,1.5945116804400916,0.04552767746998925,-0.602437972949213,-1.75
2018-01-16,8480,8560,5540,5600,1.5285714285714285,1.5937563784924327,0.04643723995027294,-1.4037214526704676,-4.26
2018-01-15,8520,8530,5570,5550,1.536936936936937,1.5936079842510154,0.046662543217826334,-1.2144868968999636,-3.69
2018-01-12,8490,8480,5550,5520,1.536231884057971,1.5934120746082971,0.04693013863541399,-1.2184108594807646,-3.72
2018-01-11,8550,8530,5610,5550,1.536936936936937,1.593695714464782,0.046647123880278425,-1.2167690696969569,-3.69
2018-01-10,8650,8590,5700,5600,1.5339285714285715,1.594012470527203,0.046340279869406364,-1.2965804105619685,-3.92
2018-01-09,8860,8640,5590,5680,1.5211267605633803,1.594697655712388,0.045823855904164344,-1.6055151557492962,-4.84
2018-01-05,8730,8790,5520,5590,1.5724508050089445,1.5954324672217082,0.0450739441088268,-0.5098657920255789,-1.46
2018-01-04,8580,8750,5520,5490,1.5938069216757742,1.595581994336861,0.04501602151152115,-0.03943202001164148,-0.11
2017-12-29,8730,8500,5510,5440,1.5625,1.5959962031011976,0.04514053378120558,-0.7420426896933121,-2.14
2017-12-28,8630,8700,5550,5490,1.5846994535519126,1.5965016121613735,0.04497456677428332,-0.2624185057455522,-0.74
2017-12-27,8680,8610,5530,5550,1.5513513513513513,1.5963890039577542,0.045014531667571696,-1.0005136327753439,-2.9
2017-12-26,8750,8650,5490,5530,1.5641952983725136,1.5965738844904607,0.04485737699510558,-0.721811846499182,-2.07
2017-12-25,8620,8750,5490,5490,1.5938069216757742,1.5968165483388406,0.04473061134459307,-0.06728337871085599,-0.19
2017-12-22,8530,8610,5590,5480,1.5711678832116789,1.5965417344003459,0.04481149903577127,-0.5662352685057918,-1.61
2017-12-21,8470,8520,5450,5560,1.5323741007194245,1.5960528361566308,0.045283203275145366,-1.4062330142655295,-4.16
2017-12-20,8470,8530,5460,5450,1.5651376146788991,1.5963619222211125,0.04492520016485423,-0.6950287906928618,-1.99
2017-12-19,8600,8440,5480,5490,1.5373406193078325,1.5965722588663345,0.04481531266181822,-1.321683059660235,-3.85
2017-12-18,8620,8550,5450,5470,1.563071297989031,1.5968029062789997,0.0445536268904795,-0.7571012876883555,-2.16
2017-12-15,8570,8620,5360,5400,1.5962962962962963,1.596126564692644,0.045436816082165536,0.003735552318311179,0.01
2017-12-14,8630,8580,5430,5380,1.5947955390334572,1.59484261407536,0.04675531586433931,-0.0010068382820770682,-0.0
2017-12-13,8680,8580,5380,5370,1.5977653631284916,1.5933766533528937,0.04842753972736223,0.09062425636952662,0.27
2017-12-12,8690,8690,5390,5370,1.6182495344506518,1.5922170000699334,0.04934128823978086,0.5276014329867043,1.61
2017-12-11,8710,8660,5420,5390,1.6066790352504638,1.590674318543653,0.05030261435543246,0.31816868590016895,1.0
2017-12-08,8610,8700,5310,5410,1.6081330868761552,1.5892655091394987,0.051304277321992026,0.3677583765236808,1.17
2017-12-07,8640,8690,5350,5390,1.6122448979591837,1.5882352572815617,0.051689429822874666,0.4644980755233012,1.49
2017-12-06,8470,8520,5360,5330,1.598499061913696,1.5871356470062399,0.052042974783192156,0.21834675966920553,0.71
2017-12-05,8420,8510,5320,5360,1.587686567164179,1.586227184480319,0.052429927131156,0.02783491726412888,0.09
2017-12-04,8520,8420,5440,5340,1.5767790262172285,1.585786883477809,0.052554335041448935,-0.17140084169034062,-0.57
2017-12-01,8770,8510,5420,5400,1.575925925925926,1.5856734710265057,0.052582821856751664,-0.1853750855580632,-0.62
2017-11-30,8790,8760,5320,5410,1.6192236598890943,1.585163770850139,0.05285938498788121,0.6443489466773806,2.1
2017-11-29,8800,8880,5320,5320,1.669172932330827,1.583717072019129,0.053389541612087615,1.6006104890840755,5.12
2017-11-28,8780,8760,5290,5290,1.6559546313799622,1.5830313026855523,0.05261214522934004,1.3860550330447858,4.4
2017-11-27,8840,8760,5300,5230,1.6749521988527725,1.5822135415198244,0.051944743324595845,1.785332863297378,5.54
2017-11-24,8750,8840,5240,5290,1.6710775047258979,1.5810160364535935,0.05081597874158121,1.7723060836887867,5.39
2017-11-22,8940,8870,5360,5260,1.6863117870722433,1.5804051203795393,0.04999841860988902,2.1182003278751114,6.28
2017-11-21,8830,8910,5340,5330,1.6716697936210132,1.5793534701056284,0.04856881682226366,1.9007323948864965,5.52
2017-11-20,8700,8840,5330,5330,1.6585365853658536,1.5779639559332153,0.04738412984101466,1.7004138242694167,4.86
2017-11-17,8890,8850,5520,5400,1.6388888888888888,1.5766611313585777,0.04648565150670481,1.338644409906481,3.8
2017-11-16,8710,8870,5430,5450,1.6275229357798164,1.5756547403521868,0.045941416787286235,1.1290073109365577,3.19
2017-11-15,8850,8830,5530,5450,1.620183486238532,1.5761905023853335,0.0467699992180356,0.9406240023248446,2.72
2017-11-14,9110,8960,5590,5600,1.6,1.576299955693385,0.04688229627539826,0.5055222587092396,1.48
2017-11-13,9110,9260,5620,5570,1.6624775583482945,1.5761610668044963,0.04682727653354717,1.8432951461945652,5.19
2017-11-10,9400,9260,5570,5650,1.6389380530973452,1.5753002549154078,0.04581509673983019,1.389013724958758,3.88
2017-11-09,9550,9520,5900,5780,1.6470588235294117,1.5752232224975986,0.04571277565271122,1.5714556818330614,4.36
2017-11-08,9400,9530,5690,5900,1.6152542372881356,1.5751108286303945,0.04554607438728171,0.8813802110890739,2.49
2017-11-07,9410,9450,5320,5590,1.6905187835420394,1.5755430173836509,0.04607565732938592,2.4953689827244165,6.8
2017-11-06,9290,9500,5840,5800,1.6379310344827587,1.5747056280188092,0.04452300058308919,1.4200616678104996,3.86
2017-11-02,9420,9420,5800,5830,1.6157804459691252,1.5744657168217595,0.044229174323370646,0.9341058199572813,2.56
2017-11-01,9420,9480,5750,5830,1.6260720411663807,1.5746164219866157,0.04438866115257641,1.1592063793701164,3.16
2017-10-31,9210,9340,5670,5710,1.6357267950963224,1.5744642572492489,0.044231291879180124,1.3850497067645007,3.75
2017-10-30,9140,9210,5670,5730,1.6073298429319371,1.5739601222035202,0.04374294520655647,0.7628594867319374,2.08
2017-10-27,9300,9220,5700,5710,1.6147110332749561,1.5737242217070875,0.043609854588665675,0.939852057624637,2.54
2017-10-26,9230,9270,5670,5730,1.617801047120419,1.5735393382363183,0.04346485142873738,1.0183333758006683,2.74
2017-10-25,9260,9220,5630,5640,1.6347517730496455,1.5733019909413792,0.043270673817481516,1.4201253802394058,3.76
2017-10-24,9150,9240,5560,5660,1.6325088339222615,1.5728386339673839,0.04279360488617515,1.3943718953706243,3.66
2017-10-23,9200,9130,5500,5570,1.6391382405745063,1.5725873244350446,0.04249676244916608,1.566023205157542,4.06
2017-10-20,9000,9110,5570,5560,1.6384892086330936,1.572162763058572,0.041985754683636606,1.5797368911025307,4.05
2017-10-19,8800,8780,5580,5620,1.5622775800711743,1.5717448117053687,0.04147635118573163,-0.2282561354493311,-0.61
2017-10-18,8800,8810,5540,5620,1.5676156583629892,1.572320530015158,0.041640295470100244,-0.11298843101502568,-0.3
2017-10-17,8960,8980,5570,5540,1.6209386281588447,1.5732397161949678,0.04228223906192432,1.1281075227359552,2.94
2017-10-16,8900,8920,5540,5590,1.595706618962433,1.573716753391656,0.04301320521219186,0.5112352232831038,1.38
2017-10-13,8640,8900,5420,5520,1.6123188405797102,1.575371699621582,0.04610417109811302,0.8013839112192676,2.29
2017-10-12,8600,8630,5440,5440,1.5863970588235294,1.576644677851082,0.04836915803685022,0.2016239556003324,0.61
2017-10-11,8450,8570,5350,5450,1.5724770642201835,1.578386885533291,0.05097222850025284,-0.11594198423320164,-0.38
2017-10-10,8180,8450,5240,5340,1.5823970037453183,1.5807971480536454,0.05476835470886315,0.029211315552155448,0.1
2017-10-06,8200,8180,5260,5250,1.5580952380952382,1.583071238845097,0.05821975001975389,-0.428995327897911,-1.6
2017-10-05,8190,8170,5200,5270,1.5502846299810247,1.5854096420670825,0.060641346980643766,-0.5792254597720167,-2.27
2017-10-04,8040,8160,5220,5230,1.560229445506692,1.587555882386373,0.06218898009229993,-0.43940963236771785,-1.75
2017-10-03,8000,8120,5270,5240,1.549618320610687,1.5893602931622808,0.06332289855133365,-0.6276082343163162,-2.56
2017-10-02,8160,8100,5320,5290,1.5311909262759924,1.5917343001583504,0.06510108540784072,-0.9299902375370562,-3.95
2017-09-29,8090,8110,5360,5380,1.5074349442379182,1.59414670396962,0.06615662029211898,-1.3107041948155782,-5.75
2017-09-28,8030,8130,5300,5380,1.5111524163568772,1.5971122046404929,0.0671802144839077,-1.2795402477347906,-5.69
2017-09-27,8010,8050,5290,5260,1.5304182509505704,1.599795749764449,0.0677106486801383,-1.0246172524740456,-4.53
2017-09-26,7940,8020,5280,5290,1.5160680529300568,1.6026055123181464,0.06913086143840626,-1.2517920012495751,-5.71
2017-09-25,7860,7960,5190,5270,1.5104364326375712,1.6060026917088157,0.07102908358007065,-1.3454525140186167,-6.33
2017-09-22,7860,7830,5150,5160,1.5174418604651163,1.6096889184819352,0.07311706180862251,-1.261635187943786,-6.08
2017-09-21,7980,7870,5130,5170,1.5222437137330755,1.613687852262731,0.07610317901978213,-1.2015810601799637,-6.01
2017-09-20,8030,7990,5180,5130,1.557504873294347,1.6173676182673542,0.07823501743567164,-0.7651656117061518,-3.84
2017-09-19,8020,8100,5100,5190,1.560693641618497,1.6204810364361637,0.08040691523021451,-0.7435603597835859,-3.83
2017-09-15,7990,7990,5040,5040,1.5853174603174602,1.6240196139682068,0.08347898324223481,-0.46361553708006675,-2.44
2017-09-14,7910,7960,5030,5050,1.5762376237623763,1.6271047856496663,0.08622231790406482,-0.589953542467825,-3.23
2017-09-13,7960,7950,4945,5020,1.5836653386454183,1.6302664714034951,0.08861353816566334,-0.5258917962507702,-2.94
2017-09-12,7960,7970,5000,4905,1.6248725790010194,1.6335027854067414,0.09124573001218335,-0.09458203035440299,-0.53
2017-09-11,7770,7890,4925,4930,1.6004056795131847,1.6354334087167544,0.09256500721743771,-0.37841221274135034,-2.19
2017-09-08,7720,7700,4935,4885,1.5762538382804503,1.6371236028132865,0.0930659614958507,-0.654049703613174,-3.86
2017-09-07,7720,7740,4920,4945,1.565217391304348,1.6392280970907591,0.09344951237441523,-0.7919860029860787,-4.73
2017-09-06,7610,7730,4850,4885,1.5823950870010235,1.641661284166946,0.09386563337616972,-0.6313939940980445,-3.75
2017-09-05,7500,7630,4875,4850,1.5731958762886598,1.6436140541927184,0.0941354110822188,-0.7480519508493435,-4.48
2017-09-04,7580,7450,4905,4855,1.5345005149330586,1.6454512112949966,0.09408771401438062,-1.1792261882883028,-7.23
2017-09-01,7650,7630,4885,4905,1.5555555555555556,1.6475693890211371,0.09335140829183519,-0.9856716159859945,-5.92
2017-08-31,7570,7620,4865,4820,1.5809128630705394,1.6494186865945726,0.09288291675161041,-0.7375503044034787,-4.33
2017-08-30,7380,7540,4890,4850,1.554639175257732,1.650562070642521,0.09255982658081369,-1.0363340007021196,-6.17
2017-08-29,7330,7350,4850,4860,1.5123456790123457,1.651190744428048,0.09206497787468819,-1.5081203365376092,-9.18
2017-08-28,7380,7350,4930,4900,1.5,1.6514835781941979,0.09165690767047018,-1.6527240776965744,-10.1
2017-08-25,7360,7350,4920,4950,1.4848484848484849,1.6515740759317543,0.09151052906471042,-1.8219279550375205,-11.23
2017-08-24,7320,7350,4880,4865,1.5107913669064748,1.6517685117575893,0.09117093651603127,-1.546294797863851,-9.33
2017-08-23,7370,7370,4955,4905,1.5025484199796126,1.6514737973029088,0.09166058618113719,-1.624748253616814,-9.91
2017-08-22,7400,7370,4880,4910,1.5010183299389002,1.6499529073750827,0.09500437426022358,-1.5676602113944815,-9.92
2017-08-21,7450,7440,4900,4860,1.5308641975308641,1.6481605877770542,0.09898194865010398,-1.185028097000057,-7.66
2017-08-18,7470,7450,4870,4870,1.5297741273100616,1.6461408780088065,0.10282557234191016,-1.1316907657154422,-7.61
2017-08-17,7750,7560,4970,4940,1.5303643724696356,1.6444252892763482,0.1057836159706497,-1.0782474749053719,-7.45
2017-08-16,7870,7750,4935,4985,1.5546639919759278,1.6428648754211974,0.1082881334274919,-0.8145018355527168,-5.67
2017-08-15,7800,7810,5060,4980,1.5682730923694779,1.640971765613465,0.1110201501858015,-0.6548241298748007,-4.64
2017-08-14,7740,7750,5080,5040,1.5376984126984128,1.6388058523340394,0.11396288490357245,-0.8871962106011688,-6.58
2017-08-10,7630,7750,4900,5130,1.510721247563353,1.6370787170354755,0.116436821154459,-1.0852019852423087,-8.36
2017-08-09,7720,7660,4835,4735,1.617740232312566,1.6356819444379949,0.11855332418468174,-0.15133875198201382,-1.11
2017-08-08,7720,7710,4835,4835,1.5946225439503618,1.632874089283593,0.12140455458926648,-0.3150750436228932,-2.4
2017-08-07,7780,7680,4850,4845,1.585139318885449,1.6307040642942008,0.12350524733455455,-0.3689296316724478,-2.87
2017-08-04,7770,7850,4835,4830,1.6252587991718426,1.628744210562626,0.12536499736307216,-0.027802109552870068,-0.21
2017-08-03,7670,7780,4815,4840,1.6074380165289257,1.6268880467287068,0.12642894060372709,-0.15384159755592944,-1.21
2017-08-02,7570,7610,4855,4855,1.5674562306900104,1.6253687548317926,0.12733494379379706,-0.4548046468341339,-3.69
2017-08-01,7530,7570,4815,4850,1.5608247422680412,1.623977786963299,0.12852420554403762,-0.4913708233241631,-4.05
2017-07-31,7730,7520,4795,4810,1.5634095634095635,1.6225718247246679,0.1297780066472592,-0.4558727849465997,-3.78
2017-07-28,7860,8030,4800,4815,1.667705088265836,1.6208464235361795,0.13140314671514186,0.3566023029207783,2.81
2017-07-27,7600,7800,4800,4790,1.62839248434238,1.6175189102649064,0.13332027155438086,0.08155979545119962,0.67
2017-07-26,7730,7630,4820,4800,1.5895833333333333,1.6146443909004589,0.1353633405524113,-0.1851391777482185,-1.58
2017-07-25,7800,7670,4795,4800,1.5979166666666667,1.6122506913349717,0.13735798583938422,-0.10435523337584551,-0.9
2017-07-24,7850,7880,4755,4825,1.633160621761658,1.6095856301451015,0.1395321008381745,0.16895747627206056,1.44
2017-07-21,7890,7890,4780,4815,1.6386292834890965,1.6065236054806769,0.14148730114783353,0.22691561538002583,1.96
2017-07-20,7890,7950,4835,4825,1.6476683937823835,1.603165644792191,0.14365741810209334,0.30978385647002027,2.7
2017-07-19,7800,7870,4780,4835,1.6277145811789038,1.5992867438520408,0.14630654404784424,0.19430325220153274,1.75
2017-07-18,7810,7800,4780,4815,1.6199376947040498,1.5956427704468639,0.14893299293976947,0.16312654286757758,1.5
2017-07-14,7710,7810,4760,4800,1.6270833333333334,1.5921378118997132,0.1513928707965416,0.23082673080811,2.15
2017-07-13,7730,7710,4820,4775,1.6146596858638744,1.588096355216248,0.1544215310211252,0.1720183090529816,1.65
2017-07-12,7640,7670,4795,4800,1.5979166666666667,1.584433930759473,0.15698415516857406,0.08588596659781031,0.84
2017-07-11,7580,7670,4695,4825,1.589637305699482,1.5806156664166988,0.16006223860183955,0.0563633206781816,0.57
2017-07-10,7560,7580,4740,4735,1.600844772967265,1.5770322239524273,0.1628051031381902,0.14626414378808192,1.49
2017-07-07,7500,7520,4695,4700,1.6,1.5731168208793125,0.1656909121325027,0.1622489657078427,1.68
2017-07-06,7590,7560,4685,4725,1.6,1.5689896325977835,0.16879593309631186,0.18371513361357283,1.94
2017-07-05,7380,7560,4655,4685,1.6136606189967984,1.5650226430032375,0.17149510167068577,0.2836114589847481,3.01
2017-07-04,7660,7490,4745,4660,1.6072961373390557,1.5609221340696746,0.17394234052394403,0.2666056069482261,2.89
2017-07-03,7680,7650,4725,4760,1.6071428571428572,1.5568989263125612,0.17629682973948943,0.284996224291387,3.13
2017-06-30,7660,7650,4750,4765,1.6054564533053515,1.553018741980764,0.17833898116522065,0.29403392899282654,3.27
2017-06-29,7690,7790,4760,4760,1.6365546218487395,1.5491897168685922,0.18024474372638188,0.484701540660572,5.34
2017-06-28,7970,7770,4645,4690,1.6567164179104477,1.5449090955291471,0.1819235298076159,0.6145841744580086,6.75
2017-06-27,7910,7980,4665,4640,1.7198275862068966,1.5404328911321983,0.18324278941064928,0.9790000231478284,10.43
2017-06-26,7910,7890,4645,4620,1.7077922077922079,1.5352022556338432,0.18364593619647376,0.939797284562394,10.11
2017-06-23,8100,7950,4615,4630,1.7170626349892009,1.5303364547680423,0.18384308129775898,1.0156823901288408,10.87
2017-06-22,8120,8100,4635,4620,1.7532467532467533,1.5254056562648897,0.18372807479590558,1.2400995179150547,13.0
2017-06-21,8130,8160,4675,4655,1.752953813104189,1.5201305781421293,0.1827878648510097,1.2737346385211836,13.28
2017-06-20,8100,8130,4700,4690,1.7334754797441365,1.5147491270096194,0.18179271442895187,1.20316346791774,12.62
2017-06-19,8010,8060,4750,4710,1.7112526539278132,1.5096266900725883,0.1809681733775675,1.1141515112414686,11.78
2017-06-16,7960,8020,4660,4730,1.6955602536997887,1.5051153258328342,0.18010092056900956,1.0574345054165415,11.23
2017-06-15,7950,7930,4600,4590,1.7276688453159041,1.5008114272120752,0.1793537634733253,1.2648600938756924,13.13
2017-06-14,7900,7910,4590,4620,1.7121212121212122,1.496287747369768,0.17784719306949653,1.2135893798846964,12.61
2017-06-13,7780,7940,4560,4590,1.7298474945533768,1.4921885615314516,0.17636209097805844,1.347562459165291,13.74
2017-06-12,7800,7860,4520,4590,1.7124183006535947,1.48764492418304,0.1745612170896387,1.287647853389631,13.13
2017-06-09,7870,7870,4505,4520,1.741150442477876,1.483191451530196,0.1730238345516897,1.4908870307727258,14.82
2017-06-08,8050,7960,4530,4495,1.7708565072302558,1.47818961992243,0.17090368074477658,1.7124668470124258,16.53
2017-06-07,8070,8050,4455,4505,1.7869034406215316,1.4727150266091418,0.16799247140141896,1.8702529428335801,17.58
2017-06-06,8090,8060,4500,4435,1.8173618940248026,1.4669579117436289,0.16448865117788455,2.130262360180904,19.28
2017-06-05,7910,8110,4470,4510,1.7982261640798227,1.4608352186549887,0.1598116069436085,2.1111792308295017,18.76
2017-06-02,7980,7970,4370,4450,1.791011235955056,1.454980416761917,0.15532436900650148,2.1634133867240997,18.76
2017-06-01,7800,7980,4325,4370,1.826086956521739,1.449305956227082,0.15064805188920266,2.5010678569661735,20.63
2017-05-31,7830,7830,4350,4310,1.8167053364269141,1.443421930213628,0.14430130810630998,2.5868331417916184,20.55
2017-05-30,7900,7870,4350,4340,1.8133640552995391,1.4380779802733905,0.13764639159767497,2.72645051330563,20.7
2017-05-29,7750,7890,4390,4320,1.8263888888888888,1.4325905377903898,0.1305989948943718,3.0153245162185387,21.56
2017-05-26,7690,7760,4455,4385,1.7696693272519954,1.4272212220053564,0.12231364972900534,2.799753796942184,19.35
2017-05-25,7700,7660,4420,4435,1.7271702367531003,1.4220019871294638,0.11576607992368448,2.6360765590819875,17.67
2017-05-24,7600,7630,4430,4400,1.7340909090909091,1.417287741168878,0.11031361381539868,2.8718410807588697,18.27
2017-05-23,7580,7620,4335,4360,1.7477064220183487,1.4121232777426698,0.10426198323694025,3.2186529917913655,19.2
2017-05-22,7350,7460,4350,4315,1.7288528389339513,1.4065108715328805,0.09713205937869097,3.3185950083107865,18.64
2017-05-19,7380,7400,4415,4325,1.7109826589595376,1.400326094312925,0.09098362034116642,3.414422986046567,18.16
2017-05-18,7320,7400,4320,4370,1.6933638443935928,1.3931045060374054,0.08746628215957354,3.4328581362174972,17.73
2017-05-17,7260,7370,4365,4350,1.6942528735632183,1.3858296761921005,0.08484098284078435,3.635309104680174,18.2
2017-05-16,7200,7300,4460,4380,1.6666666666666667,1.3783924452695377,0.08187478958025332,3.5209155696768395,17.3
2017-05-15,6920,7160,4420,4470,1.6017897091722595,1.371211486054133,0.07986993980306224,2.886921208237672,14.4
2017-05-12,6560,6820,4425,4445,1.5343082114735658,1.3651299379785684,0.07944538365230704,2.1294915540392707,11.03
2017-05-11,6650,6660,4435,4420,1.506787330316742,1.3598358938517312,0.08120520507543501,1.8096307536998564,9.75
2017-05-10,6510,6590,4410,4395,1.4994311717861206,1.3548782335211884,0.08340273387431905,1.7331918457584543,9.64
2017-05-09,6660,6580,4495,4420,1.48868778280543,1.3499300031218344,0.08565828829208683,1.6198990483027669,9.32
2017-05-08,6400,6630,4635,4775,1.38848167539267,1.3451111357147318,0.08785454693746556,0.49366300538558566,3.12
2017-05-02,6290,6300,4535,4610,1.3665943600867678,1.3416371369724671,0.09116010308427339,0.2737735288784051,1.83
2017-05-01,6360,6290,4515,4560,1.3793859649122806,1.3384593268741256,0.0943336263620769,0.4338499389503797,2.97
2017-04-28,6380,6340,4510,4525,1.4011049723756905,1.3351399777767448,0.09717237914345528,0.6788451119588403,4.71
2017-04-27,6350,6360,4495,4500,1.4133333333333333,1.3314220055222892,0.09987434474234942,0.8201438319555907,5.8
2017-04-26,6320,6350,4515,4495,1.4126807563959956,1.3275929456932294,0.10213992229728625,0.8330514532320813,6.02
2017-04-25,6200,6270,4440,4460,1.405829596412556,1.3236050724571717,0.10455025948763111,0.7864593006114146,5.85
2017-04-24,6210,6210,4430,4410,1.4081632653061225,1.3197140111716712,0.10682350828260896,0.8279942828731355,6.28
2017-04-21,6120,6130,4385,4360,1.4059633027522935,1.315708558033719,0.10904097255135028,0.8277140473602369,6.42
2017-04-20,6180,6100,4300,4335,1.4071510957324107,1.3116639232525549,0.11122234466868071,0.8585250811273738,6.79
2017-04-19,6230,6200,4305,4330,1.4318706697459584,1.3078639514309192,0.11275307967697933,1.0998078160729619,8.66
2017-04-18,6290,6220,4355,4325,1.438150289017341,1.3038604254025272,0.11360641291997815,1.1820623516157014,9.34
2017-04-17,6300,6390,4200,4300,1.486046511627907,1.2996370772416925,0.11442038680408394,1.6291627706642309,12.54
2017-04-14,6350,6310,4330,4225,1.493491124260355,1.2945225773052331,0.11454668457075469,1.7370083446825597,13.32
2017-04-13,6340,6350,4300,4340,1.4631336405529953,1.2893116210419944,0.11426596596271339,1.5212055317304327,11.88
2017-04-12,6360,6360,4420,4370,1.4553775743707094,1.2846333873315026,0.11423618228427612,1.4946594294819027,11.73
2017-04-11,6400,6410,4475,4470,1.4340044742729305,1.28023183247768,0.11393190173145953,1.3496890638909604,10.72
2017-04-10,6460,6410,4570,4520,1.418141592920354,1.275768886433809,0.11437588859691035,1.244779019713696,10.04
2017-04-07,6310,6400,4480,4530,1.4128035320088301,1.271690403952166,0.1146796936947472,1.230497950511423,9.99
2017-04-06,6410,6310,4585,4475,1.4100558659217877,1.2675210661810403,0.11515687338402666,1.2377446135188162,10.11
2017-04-05,6430,6410,4570,4585,1.3980370774263904,1.2633314324131941,0.11561008852800322,1.1651720600539779,9.64
2017-04-04,6400,6400,4590,4560,1.4035087719298245,1.2592742713808422,0.11614959620860575,1.2417994143512625,10.28
2017-04-03,6230,6400,4585,4615,1.3867822318526544,1.25517118840736,0.11641704301475128,1.1305135402607491,9.49
2017-03-31,6230,6180,4600,4555,1.3567508232711307,1.2512363142048801,0.11688858581692664,0.9026930074379516,7.78
2017-03-30,6290,6210,4635,4585,1.3544165757906217,1.2473789941629783,0.11811001209988246,0.9062532441121471,7.9
2017-03-29,6140,6290,4625,4635,1.3570658036677454,1.2435518355410284,0.11922484616109341,0.9520999337113001,8.36
2017-03-28,6110,6130,4575,4630,1.323974082073434,1.2397721991400326,0.1200567327899027,0.7013507778922602,6.36
2017-03-27,6030,6050,4540,4515,1.3399778516057586,1.2365116669466996,0.12104227518390925,0.8547937859054161,7.72
2017-03-24,5980,6020,4565,4590,1.3115468409586057,1.2328201233032365,0.12204821629180827,0.6450460321938621,6.0
2017-03-23,5970,6010,4575,4550,1.3208791208791208,1.229456395308846,0.12330215674246169,0.7414527692425312,6.92
2017-03-22,5990,6000,4595,4590,1.3071895424836601,1.2260463543693931,0.12425945213466713,0.6530142111549588,6.21
2017-03-21,6040,6020,4625,4665,1.2904608788853162,1.2227530281218462,0.12533376758695472,0.5402203417885397,5.25
2017-03-17,6040,6050,4635,4645,1.3024757804090419,1.219554610502427,0.12661930382717573,0.6548856880448098,6.37
2017-03-16,6050,6080,4610,4655,1.3061224489795917,1.2161213211569453,0.12780976710476086,0.7041803600884111,6.89
2017-03-15,6160,6110,4625,4680,1.3055555555555556,1.2123411616111126,0.1292761779317,0.7210484981516904,7.14
2017-03-14,6130,6120,4660,4650,1.3161290322580645,1.2087718193982373,0.13034445566242925,0.8236423430073989,8.16
2017-03-13,6140,6130,4675,4650,1.3182795698924732,1.2055000954482424,0.13068779566457758,0.8629686794449406,8.56
2017-03-10,6140,6150,4630,4675,1.3155080213903743,1.2023887103832926,0.13074353617095616,0.8652000268615218,8.6
2017-03-09,6140,6070,4580,4595,1.3210010881392817,1.1990878107916476,0.1309709154580143,0.9308423700124187,9.23
2017-03-08,6090,6100,4520,4595,1.3275299238302503,1.1958532671030306,0.13091570282035617,1.005812548765885,9.92
2017-03-07,6100,6110,4540,4550,1.3428571428571427,1.192983998808789,0.130355321229134,1.1497278564095752,11.16
2017-03-06,6100,6130,4505,4550,1.3472527472527474,1.190364897138609,0.12928673981624372,1.2134875574797876,11.65
2017-03-03,6170,6150,4560,4530,1.3576158940397351,1.1878639658313357,0.12803583196911864,1.3258157938891861,12.5
2017-03-02,6190,6180,4610,4580,1.3493449781659388,1.1849786471369825,0.1266082626763782,1.298227521288172,12.18
2017-03-01,6150,6200,4465,4595,1.3492927094668117,1.181471685694172,0.12564596698916292,1.3356658219448807,12.44
2017-02-28,6180,6130,4500,4465,1.3729003359462486,1.1783849623884608,0.12432190710728627,1.5646105990791033,14.17
2017-02-27,6170,6150,4430,4480,1.3727678571428572,1.1741955666048296,0.12298337105269527,1.6146271551862437,14.47
2017-02-24,6250,6220,4465,4480,1.3883928571428572,1.1701377641240138,0.12137479804793595,1.7981911939630613,15.72
2017-02-23,6220,6300,4495,4485,1.4046822742474916,1.1659243003420643,0.11919045365694594,2.0031635636912726,17.0
2017-02-22,6320,6230,4600,4485,1.3890746934225195,1.1615059254527542,0.11636644912911948,1.9556218280516273,16.38
2017-02-21,6260,6320,4585,4585,1.3784078516902945,1.15695724050957,0.11402619345934421,1.9421029893423754,16.07
2017-02-20,6250,6270,4605,4590,1.3660130718954249,1.1524791783735575,0.11181484068553911,1.9097097685127182,15.63
2017-02-17,6210,6230,4565,4580,1.3602620087336244,1.1481774873267683,0.10970315089104919,1.9332582490496204,15.59
2017-02-16,6190,6220,4595,4590,1.355119825708061,1.1440157051069333,0.10747648136682074,1.9641889827098307,15.58
2017-02-15,6210,6200,4585,4565,1.3581599123767798,1.1398692204555834,0.10522747190017004,2.0744648519950206,16.07
2017-02-14,6240,6150,4515,4525,1.3591160220994476,1.1356559171193885,0.10269865379664855,2.175881540010522,16.44
2017-02-13,6300,6240,4580,4570,1.3654266958424508,1.1315840777604018,0.09977042145365919,2.3438070589955653,17.13
2017-02-10,6300,6280,4505,4535,1.3847850055126791,1.1275561662602802,0.09628563503330284,2.671518333585584,18.58
2017-02-09,6210,6230,4405,4400,1.415909090909091,1.1234339764200358,0.09169336142843293,3.189708719723764,20.66
2017-02-08,6270,6210,4370,4430,1.4018058690744921,1.1186675480918098,0.08544438702830177,3.3137146959565444,20.2
2017-02-07,6120,6250,4405,4390,1.4236902050113895,1.1143916351522767,0.07894534553997282,3.917882273407798,21.73
2017-02-06,6180,6140,4500,4455,1.3782267115600448,1.1094806100427823,0.07056320500755574,3.808586946815778,19.5
2017-02-03,6020,6140,4515,4470,1.3736017897091723,1.1050033364574554,0.06368727255939557,4.217458880833977,19.55
2017-02-02,6100,6020,4580,4470,1.3467561521252795,1.1007447781848243,0.055770941621743696,4.411103108299351,18.27
2017-02-01,5900,6070,4515,4575,1.326775956284153,1.0969634680863118,0.048041461183422805,4.783628193997153,17.32
2017-01-31,5430,5800,4580,4585,1.2649945474372954,1.0935077762371772,0.04004189510507768,4.282683692919723,13.56
2017-01-30,5340,5420,4635,4635,1.1693635382955772,1.0909714003398825,0.03477787423762759,2.254080781938047,6.7
2017-01-27,5370,5360,4700,4670,1.1477516059957173,1.0896205631587634,0.03365624500481952,1.727199300713126,5.06
2017-01-26,5260,5330,4710,4690,1.1364605543710022,1.0884628022818856,0.0331259640149703,1.448946574578945,4.22
2017-01-25,5290,5240,4600,4645,1.1280947255113025,1.0877635149213885,0.0326555853922954,1.235047851857821,3.58
2017-01-24,5240,5230,4590,4565,1.1456736035049289,1.087730303444362,0.032615793127391976,1.7765411938397395,5.06
2017-01-23,5310,5220,4630,4590,1.1372549019607843,1.0869017516585682,0.031915086846471326,1.5777224904460307,4.43
2017-01-20,5320,5340,4690,4705,1.1349628055260361,1.0862297457670096,0.031373800264679105,1.5533043287041841,4.29
2017-01-19,5300,5320,4705,4715,1.1283138918345705,1.0851846681752384,0.031036712718514905,1.3896195789318713,3.82
2017-01-18,5300,5270,4710,4675,1.1272727272727272,,,,
2017-01-17,5420,5290,4800,4690,1.1279317697228144,,,,
2017-01-16,5450,5410,4810,4795,1.1282586027111574,,,,
2017-01-13,5370,5460,4785,4830,1.1304347826086956,,,,
2017-01-12,5500,5370,4875,4785,1.1222570532915361,,,,
2017-01-11,5500,5490,4930,4875,1.126153846153846,,,,
2017-01-10,5580,5490,4975,4930,1.1135902636916837,,,,
2017-01-06,5460,5570,4930,5000,1.114,,,,
2017-01-05,5480,5500,4965,4965,1.107754279959718,,,,
2017-01-04,5420,5480,4830,4970,1.1026156941649898,,,,
2016-12-30,5470,5420,4835,4830,1.1221532091097308,,,,
2016-12-29,5470,5460,4880,4825,1.1316062176165802,,,,
2016-12-28,5380,5450,4845,4860,1.1213991769547325,,,,
2016-12-27,5400,5380,4870,4880,1.1024590163934427,,,,
2016-12-26,5400,5370,4860,4870,1.1026694045174539,,,,
2016-12-22,5390,5350,4790,4810,1.1122661122661122,,,,
2016-12-21,5400,5390,4885,4790,1.1252609603340293,,,,
2016-12-20,5400,5370,4825,4885,1.0992835209825997,,,,
2016-12-19,5330,5400,4890,4855,1.1122554067971164,,,,
2016-12-16,5310,5330,4845,4845,1.1001031991744066,,,,
2016-12-15,5240,5260,4785,4800,1.0958333333333334,,,,
2016-12-14,5360,5250,4840,4800,1.09375,,,,
2016-12-13,5280,5320,4800,4855,1.0957775489186405,,,,
2016-12-12,5030,5240,4700,4800,1.0916666666666666,,,,
2016-12-09,4985,4985,4605,4670,1.0674518201284797,,,,
2016-12-08,4985,4990,4695,4675,1.067379679144385,,,,
2016-12-07,4975,4960,4660,4620,1.0735930735930737,,,,
2016-12-06,4915,4960,4650,4595,1.0794341675734493,,,,
2016-12-05,4920,4885,4615,4595,1.0631120783460284,,,,
2016-12-02,5010,4915,4700,4640,1.0592672413793103,,,,
2016-12-01,5050,5070,4790,4760,1.065126050420168,,,,
2016-11-30,4965,5020,4770,4735,1.0601900739176346,,,,
2016-11-29,4985,4985,4710,4745,1.0505795574288725,,,,
2016-11-28,4935,4995,4800,4780,1.044979079497908,,,,
2016-11-25,4990,4975,4770,4865,1.0226104830421376,,,,
2016-11-24,5080,4935,4790,4755,1.0378548895899053,,,,
2016-11-22,5120,5070,4680,4735,1.0707497360084477,,,,
2016-11-21,5050,5110,4745,4710,1.0849256900212314,,,,
2016-11-18,5030,5030,4655,4710,1.0679405520169851,,,,
2016-11-17,5010,5020,4550,4655,1.0784103114930184,,,,
2016-11-16,5120,5050,4430,4540,1.1123348017621146,,,,
2016-11-15,5160,5050,4470,4405,1.1464245175936436,,,,
2016-11-14,5040,5120,4485,4415,1.159682899207248,,,,
2016-11-11,4850,4970,4560,4355,1.1412169919632607,,,,
2016-11-10,4850,4845,4510,4460,1.086322869955157,,,,
2016-11-09,4920,4650,4600,4160,1.1177884615384615,,,,
2016-11-08,4865,4870,4700,4600,1.058695652173913,,,,
2016-11-07,4845,4840,4560,4530,1.0684326710816776,,,,
2016-11-04,4850,4815,4470,4490,1.0723830734966593,,,,
2016-11-02,4890,4905,4625,4570,1.0733041575492341,,,,
2016-11-01,4885,4920,4635,4695,1.0479233226837061,,,,
2016-10-31,4920,4900,4730,4700,1.0425531914893618,,,,
2016-10-28,4910,4930,4720,4725,1.0433862433862433,,,,
2016-10-27,4845,4900,4660,4675,1.0481283422459893,,,,
2016-10-26,4790,4850,4650,4645,1.0441334768568353,,,,
2016-10-25,4810,4820,4595,4625,1.0421621621621622,,,,
2016-10-24,4800,4805,4520,4560,1.0537280701754386,,,,
2016-10-21,4790,4785,4450,4500,1.0633333333333332,,,,
2016-10-20,4720,4765,4440,4430,1.0756207674943568,,,,
2016-10-19,4675,4710,4315,4450,1.0584269662921348,,,,
2016-10-18,4575,4665,4310,4315,1.0811123986095017,,,,
2016-10-17,4540,4575,4340,4335,1.055363321799308,,,,
2016-10-14,4570,4545,4335,4360,1.0424311926605505,,,,
2016-10-13,4560,4570,4310,4335,1.0542099192618224,,,,
2016-10-12,4575,4545,4255,4275,1.063157894736842,,,,
2016-10-11,4600,4580,4270,4290,1.0675990675990676,,,,
2016-10-07,4585,4600,4335,4280,1.074766355140187,,,,
2016-10-06,4610,4630,4380,4335,1.0680507497116494,,,,
2016-10-05,4650,4615,4340,4350,1.060919540229885,,,,
2016-10-04,4675,4645,4190,4285,1.0840140023337224,,,,
2016-10-03,4575,4660,4175,4140,1.1256038647342994,,,,
2016-09-30,4550,4540,4200,4190,1.0835322195704058,,,,
2016-09-29,4630,4630,4260,4260,1.0868544600938967,,,,
2016-09-28,4630,4575,4295,4330,1.056581986143187,,,,
