,SYM_A,SYM_B,CORR_3M,CORR_1Y
0,4118,4401,0.9943195434353134,0.9311564903185799
1,3861,5411,0.9882975147384645,0.9487649992122027
2,5201,5214,0.9882585916201553,0.9381038166019804
3,6471,6472,0.987934648406837,0.9601265644245253
4,5401,5411,0.9864129648267445,0.9588088511883506
5,7189,8377,0.98479461864352,0.9630383249116617
6,5802,7211,0.9847349918063514,0.9411684239979433
7,3861,5401,0.98351245749434,0.932339236171713
8,5411,6586,0.9820570330136629,0.9305778890527366
9,4902,5401,0.9809118526455027,0.9064852026742567
10,8309,8341,0.9807360270475963,0.9200548586098777
11,7167,9810,0.9798573435139694,0.9231173869675967
12,5802,8309,0.979827658167409,0.909162928285642
13,4208,6473,0.9786701481668166,0.9249559593636278
14,6752,8242,0.9781118196274431,0.9049577547062534
15,7186,8309,0.978039992703997,0.9554953493707443
16,3407,6305,0.9776931262423001,0.9069569209188874
17,7211,7259,0.9756716520344054,0.9243118999085711
18,5411,7731,0.9755671681199096,0.9178545396365435
19,7167,8242,0.9755206333612421,0.9056301103387003
20,6473,7259,0.9753005638902921,0.9212718472957822
21,3099,8242,0.9751129255121467,0.9753205659225594
22,5401,6586,0.9748199982478348,0.9098514353770828
23,8309,8359,0.9745816820214063,0.9323253230906031
24,4208,5803,0.9741810871165231,0.9233849159312958
25,6473,7762,0.9739815296174549,0.9172734580314992
26,6301,6305,0.9735909174407811,0.9365571782001832
27,4182,4208,0.9733335169032523,0.9452683734966814
28,5802,8359,0.9732475455900994,0.9027240565019192
29,4182,5803,0.9731817414202527,0.9043210965136497
30,6995,8002,0.9723647674211472,0.9411999334312926
31,5201,7012,0.9720618090996169,0.9565474951967099
32,5020,5021,0.9716129738738276,0.9424804371065437
33,5214,5411,0.9714748127221878,0.9200402764832042
34,2768,5802,0.9713347262496705,0.9020613410783286
35,3407,5393,0.9710964261774574,0.9017104488962296
36,6586,8377,0.9708693736043167,0.9283966595667632
37,4208,6371,0.9706291118264241,0.956438049195071
38,6371,7278,0.9705666275737366,0.9553339862938369
39,6752,7167,0.9704845066548782,0.9663944278408959
40,7731,8377,0.9704262294428219,0.9184491576735704
41,4182,5802,0.9703183067824379,0.9368626418471703
42,3591,8359,0.9701027544937291,0.9009821680106561
43,5802,7259,0.9698479242603463,0.9613453065797655
44,8306,8411,0.9697980298369356,0.9607683264488938
45,4202,8242,0.9697065253456753,0.9014702990760453
46,6752,7278,0.9694573518136603,0.9698677709501943
47,6752,7259,0.9694263929117808,0.9090480308100017
48,7278,7846,0.9693032002032749,0.9426372923445304
49,6371,6473,0.9692516582790357,0.9360603937075778
50,5411,7201,0.9690849230923917,0.9557668699114713
51,5214,7261,0.968914290003276,0.9119795554743658
52,5406,7731,0.9688712141372491,0.9087584689829373
53,3861,5214,0.9687236606261693,0.9114391975836376
54,7189,9810,0.9687168370476166,0.9355956220539057
55,3861,5406,0.9685324996060948,0.9258018068733374
56,8316,8795,0.9683885392384152,0.9081814184714135
57,6305,6473,0.9683788373632531,0.9070391621051562
58,5802,5803,0.9683766587726271,0.9625057650962504
59,7167,9505,0.9680049378167084,0.9334960932113024
60,5401,9404,0.9676904231159577,0.9512667247665619
61,5401,7751,0.9676213426443635,0.9082046028538774
62,3099,7211,0.9672017133036809,0.9533902375206984
63,2768,7211,0.967079419676626,0.9023462948989209
64,3861,7751,0.9670567309807596,0.9202253801713604
65,7189,7327,0.9670161488453032,0.9309794198326353
66,5020,7167,0.9667186452195748,0.9609553347596268
67,7167,7278,0.9665161913041929,0.9491449544961235
68,1963,5393,0.9661432064221142,0.9240502472897011
69,6473,7012,0.9657382942570087,0.9065313391608153
70,5991,7202,0.9655825825842521,0.9469524046134137
71,4581,7189,0.9653865365136473,0.9669078592545819
72,5020,8316,0.9653169701175676,0.9173982087191666
73,5802,6301,0.965201946969678,0.9009652425499189
74,7167,7846,0.9650606159238807,0.946378145989034
75,5901,6178,0.9648535255255691,0.9254745071080599
76,5020,7846,0.9647092558281537,0.9178672885820119
77,4401,5401,0.9646892273717194,0.9461930856612678
78,5406,5411,0.9646728219064368,0.9770388166266532
79,4634,6995,0.9646625519338087,0.9336847348381225
80,5019,8002,0.9645919995001236,0.9595755431483715
81,5214,7012,0.9643957798202925,0.9561709974036745
82,4208,7278,0.9643317179510168,0.9136210241575936
83,7182,8242,0.9638864561408508,0.9251485717924378
84,5401,7261,0.9638200915490263,0.9031376997885717
85,5802,6472,0.963584752287018,0.9075692111538401
86,4182,6473,0.9635271035388433,0.9006624443599309
87,4061,8377,0.9632421713140115,0.9191016048689432
88,6305,8012,0.9632315977062986,0.9018303501571064
89,5401,5406,0.9632281638047528,0.966932541064556
90,4581,8377,0.9630280334015048,0.918792852185198
91,8242,9810,0.9629970745821252,0.9118735777867262
92,4061,7167,0.9629817952457832,0.9480815236541118
93,7211,8242,0.9629102554234242,0.9501267333840856
94,5411,8377,0.9628116464941359,0.9120298666818047
95,4182,6472,0.9627813746998962,0.9539416666053642
96,5803,6371,0.9627221147117409,0.9042309119073852
97,7189,9505,0.961946433858117,0.9370141497012723
98,4043,6302,0.9617913683521462,0.9013793244335507
99,4114,5201,0.9613934041742265,0.9035851801903697
100,6674,8377,0.9613728269299872,0.9254564572613612
101,5802,7267,0.9612425733350813,0.9476165145436735
102,5803,7211,0.9609923543040985,0.9253115080250557
103,6301,7167,0.9608251767287395,0.9151587653171035
104,1963,5021,0.9608104358883854,0.9410103751497348
105,4202,7189,0.9608074597826952,0.9370774082505327
106,3861,5201,0.9605489138695502,0.9106836176981745
107,8359,8385,0.9604404318407518,0.9406877663259647
108,7186,8341,0.9604195868641288,0.9469817771332121
109,6471,6473,0.9599509249531872,0.965998644282842
110,7167,8377,0.9598584083751538,0.9712275595432821
111,4507,5411,0.9597622562374926,0.9158042197748386
112,7013,8795,0.9597255311159593,0.968982110253571
113,5214,7751,0.9596150503686427,0.9198283289588887
114,4507,5406,0.9595742497002313,0.9312603634513711
115,6178,7181,0.9594257097204424,0.9430647093452833
116,5803,7202,0.9593715535587446,0.9014921357906917
117,8242,9072,0.9592937274470451,0.9092298888725322
118,7167,7211,0.9592740627849053,0.9179424605615732
119,7846,8242,0.9590447162405072,0.9182865708439011
120,1820,3099,0.9590347403123964,0.9302278760029404
121,5803,5991,0.9590050660807766,0.9402069958378902
122,5019,7186,0.9587420426590982,0.9058653823926628
123,5803,7259,0.9587145943140816,0.9368089782574719
124,7186,8750,0.9586210648280107,0.9439985078791987
125,5393,6305,0.9583648389537572,0.9353160438149603
126,7186,8359,0.9583469982739311,0.9080086957236114
127,1833,5703,0.9583355547283812,0.9202048553851835
128,5401,9064,0.9582043768077549,0.9071823514382291
129,5019,8750,0.9581651986765446,0.9183530188878275
130,6752,9810,0.9580593905698674,0.9044494321472204
131,8341,8750,0.9579320506859784,0.9733057797583723
132,3291,5991,0.9576476236396443,0.90137666247333
133,6752,7211,0.9575087005710828,0.9447157595061475
134,4507,8377,0.9571698488334494,0.9166781065315325
135,5019,6472,0.9570047421911847,0.92390141413464
136,1333,5401,0.9565522997685102,0.9262322900135815
137,6472,6473,0.9564848762247564,0.9473287610237114
138,7202,7267,0.9564411307675118,0.9200546469251689
139,1963,4182,0.9564009696575846,0.9084503100530019
140,4182,6995,0.9563211214105344,0.9315885854403839
141,7211,8309,0.9562568899068631,0.9143842039460064
142,5020,8795,0.956211929369892,0.9674521581913516
143,7327,7846,0.9560646647824907,0.9002844095088407
144,5401,8377,0.9560588162921915,0.9095120568012205
145,6752,7182,0.9559467374170223,0.902193450447898
146,7186,8308,0.9557779400551611,0.9468029695771082
147,1333,5406,0.9557066712473935,0.9451100534706456
148,5802,7202,0.9555854803045203,0.9124070841434844
149,3405,4631,0.9554941058688003,0.9024477775677681
150,2914,7189,0.9554755431841477,0.9280964681627462
151,7189,7278,0.9554564194624217,0.9441595429179815
152,1963,6752,0.9553547283019889,0.9324857922948603
153,1963,3407,0.9552081970695274,0.9088670240693034
154,4202,7182,0.9550520708027659,0.9401725917215903
155,4182,5991,0.954967321957819,0.9051468957564869
156,6752,8795,0.9549398492564749,0.9478608016223301
157,6995,7251,0.9548561718690918,0.9380991495659563
158,6287,6465,0.9548262649525812,0.9345876066647142
159,4061,6586,0.9547105291655632,0.9186980955107614
160,4208,6471,0.9545525685234483,0.9064708458060508
161,5406,8058,0.9543471774214081,0.9126825540165981
162,7180,8385,0.9543442891787118,0.9302297714255278
163,7251,8601,0.954241587141061,0.9456378068044163
164,7259,7278,0.954090629935437,0.9384784694536035
165,6301,8586,0.9540614145484746,0.9315040432433872
166,7278,8058,0.9538161033166427,0.9089025382570604
167,4061,7327,0.9537479767472937,0.9245652360521032
168,3591,7167,0.9537332933826225,0.9298713175377242
169,4114,5214,0.9536287288362212,0.9404645464422404
170,4182,7211,0.9535608477416243,0.9244354162847519
171,4061,5411,0.9534240993642158,0.9177499190172242
172,4118,5406,0.9532761279081474,0.9267973916140568
173,5020,6752,0.9531781171719357,0.9465957810668526
174,1963,7167,0.9531567874897704,0.9176944261965397
175,6752,7846,0.9530839054105131,0.9600086755353195
176,8242,9505,0.9530529483237411,0.9224646837972297
177,6995,7186,0.9526704589045505,0.914706535485903
178,6752,8316,0.9524574217701495,0.9186959516722256
179,4208,6472,0.9523354925664573,0.9246708910445283
180,5802,7182,0.9522415433048464,0.9395520209932844
181,1963,8750,0.9521308712806612,0.9331815052976635
182,4182,6471,0.9515281471650407,0.9078393323385113
183,6472,6995,0.9514421332443664,0.9597552148828135
184,5201,7751,0.9513732059167804,0.9641081183916655
185,5214,8058,0.9513716577829087,0.9320612140513367
186,6586,7189,0.9512965144382668,0.9216040483733324
187,4061,7278,0.9512895758647045,0.9212250520917048
188,8377,9810,0.9510147142483342,0.9094629428105993
189,7182,8309,0.9509191334860035,0.9065933431736857
190,5803,7182,0.950864445456886,0.9203439091138431
191,6417,9627,0.9506535617680998,0.9096783297866774
192,1983,2292,0.9506502139155103,0.9103375600527249
193,7182,7211,0.9505233378815876,0.961407155635803
194,6995,7272,0.9504018201787593,0.9253108859493472
195,7167,7327,0.9503192811241419,0.9539401473954663
196,7189,7846,0.9499565044670798,0.9279900852423562
197,8309,8385,0.9499401710426022,0.9463078256002737
198,4061,7731,0.9499128138729256,0.9390367782562562
199,6301,9810,0.9498443790211946,0.9279363608262581
200,8377,9404,0.949805386252252,0.9218967110971542
201,5802,6752,0.9497412002434094,0.9070164600589822
202,5214,5401,0.9495988603823465,0.9417825673972303
203,4401,8058,0.9493993884751553,0.907675114623474
204,5411,8058,0.9492168405529495,0.9315586651622759
205,3099,4202,0.9492111509208954,0.9058578303570278
206,5214,9401,0.9491794656772875,0.9035579032086484
207,4061,5020,0.9491076899177038,0.9191024220966414
208,6471,7259,0.9490911097356582,0.9362680359506163
209,4182,5019,0.9490766451233195,0.9346556724583717
210,3099,9505,0.9490650481189208,0.946216440495979
211,5406,8377,0.9489980603528261,0.9097947230316173
212,5803,9810,0.9488445026338296,0.9036231587024143
213,3861,4118,0.9487928888006513,0.9450110133801899
214,4208,7259,0.9487296793749654,0.9379546224903607
215,5401,7201,0.9486315830684655,0.9412491456891323
216,7278,8377,0.9484135602302252,0.9144799938275554
217,6301,6473,0.9483553453223628,0.9065628558886915
218,5214,5406,0.9483225146651743,0.912998189504907
219,4182,7272,0.9483088203554983,0.9647491935034275
220,7731,9404,0.948276748510482,0.9144555608966599
221,7167,8316,0.9480742405364541,0.9315231211073783
222,4061,4401,0.9480610080146009,0.9104585097594423
223,4118,5401,0.9480265753137443,0.9453506325116767
224,5393,7762,0.9479234411647025,0.9268113794857803
225,4208,5802,0.9479185994499693,0.9427278416274686
226,5803,9072,0.9478409036847807,0.9048032091959468
227,7201,9810,0.9477992512885531,0.9038180355320977
228,5020,7327,0.9477199357981413,0.9338584396216423
229,7186,8385,0.9476842233937566,0.9621654057464072
230,5703,7261,0.9474510040790952,0.9060493504114795
231,6371,6752,0.947369682798908,0.9462185222980287
232,7189,8242,0.9472981159774905,0.9584314129588993
233,7012,7259,0.9472097786258524,0.9059284572847681
234,4004,7259,0.9471426789188634,0.9001799911632699
235,5393,6472,0.9471057959413941,0.9312321701727457
236,6371,7762,0.9470312666531662,0.9426147243915826
237,4507,9404,0.946999771541381,0.9174989884499737
238,1963,5019,0.9469698854832894,0.9559186877158006
239,4507,7201,0.9466785779779151,0.9223804192346033
240,7211,7278,0.9465825932648112,0.9335186368702023
241,5201,8012,0.9462722301569536,0.9070893613197156
242,6481,6856,0.946202466781726,0.9221058519242736
243,5020,7278,0.9461967941155922,0.921356984849153
244,4005,6995,0.9461175300041998,0.9164064705479988
245,4202,7259,0.946085859293612,0.92542239122087
246,4208,5991,0.9459632277644932,0.9080650904991796
247,8316,9810,0.9458733891240014,0.9036849116776409
248,3148,8242,0.9457371223153096,0.9252405166694947
249,1820,7278,0.945698864219668,0.9169894744045978
250,6752,8750,0.9456804007681113,0.933968659421404
251,6674,7181,0.9456744586886419,0.9130420386756877
252,5019,5393,0.9456430274854759,0.9248014277909853
253,7846,9505,0.945572453245194,0.9561798049145391
254,8242,8309,0.9455600064604337,0.9046347897766323
255,6472,7259,0.9455140690262648,0.9340485440937736
256,4208,7012,0.9454471732354562,0.9021906124912349
257,5411,9404,0.9453152116256061,0.9275550986967779
258,4118,8058,0.9452694982559302,0.9419324583368327
259,6752,7189,0.9450724194463628,0.9413670106755724
260,4202,7211,0.945044343466346,0.9392843430944817
261,9064,9404,0.9448483871965271,0.9125403208355689
262,7272,8002,0.9448139714308816,0.9615303579781056
263,4118,5411,0.9447804735665919,0.9391518516552534
264,6586,7278,0.944733823171728,0.9507191700484612
265,4401,9404,0.9446579020233324,0.9298081525357427
266,1333,9404,0.9444997794083757,0.9125415440603694
267,2292,6674,0.9444325889288838,0.9106498851929786
268,7327,8377,0.9444102718957949,0.9219295551967066
269,4005,8002,0.9443664118069164,0.9267625256529805
270,4581,6674,0.9443077770168008,0.9259882100761001
271,5020,8377,0.9441707843840556,0.9307804451498679
272,7180,7186,0.9439887630856661,0.9360798795461913
273,7186,8002,0.9439744783583526,0.9325430019292553
274,3116,6770,0.9439039097640386,0.9440469658514037
275,7012,8058,0.9438707086394911,0.9280410176011847
276,7012,7762,0.9438697580847205,0.90285295864169
277,4507,4581,0.943707357989058,0.9172599575367895
278,9072,9810,0.9436234398792789,0.9286947633273145
279,1820,8242,0.9435267299859182,0.9096621164564609
280,4061,4118,0.9434720824310336,0.9232420237920479
281,3591,8309,0.9434181689247414,0.925640508456393
282,5802,6995,0.9431444486473487,0.9285524168294707
283,7846,8795,0.9431359299959841,0.9302243659387233
284,6472,8002,0.9430687854661469,0.9679846165562509
285,4208,7762,0.9428788476282609,0.9173711639854224
286,7278,7327,0.9428431080949595,0.9514117017718063
287,3099,7846,0.9427494690450741,0.9286210766989296
288,5393,6301,0.9426340038551527,0.9054173349174424
289,3635,4612,0.9424304896546173,0.9231479218421876
290,7189,7731,0.9423795627313075,0.9055702098679111
291,7189,7201,0.9423162311094735,0.9487207885561196
292,4182,7259,0.9422480462961321,0.9366465668367087
293,4182,6752,0.9420302269883314,0.9543986673601828
294,4202,5991,0.9420137187956976,0.9372947203610392
295,6752,7327,0.941951063767072,0.9535265313753919
296,4061,6752,0.9419022134517723,0.9313039820301211
297,7211,9810,0.9418336232381578,0.9187550631371784
298,1820,6752,0.9417949063134338,0.9014093318154449
299,2002,8136,0.9417713729646058,0.9095358021181269
300,7167,8586,0.9417583788151188,0.9133172151309282
301,4188,7205,0.9416855948953383,0.9086369140374714
302,4676,7167,0.9415888957090646,0.9665835658860085
303,4182,6371,0.9413463411703977,0.9693064415487711
304,4005,6472,0.9410087788260424,0.9065028069410168
305,4527,5020,0.9409597494160604,0.9228498799443002
306,4902,5214,0.9409502234094305,0.9097403568571095
307,4581,9505,0.9407930440439501,0.9527306453361164
308,7327,9810,0.9407888931830547,0.920094413818335
309,5401,6178,0.9406379154220363,0.9293653682010453
310,6952,8604,0.9405893817277287,0.9086070310367969
311,4182,6301,0.94054265014645,0.9139675031249423
312,3116,8306,0.9404370893621521,0.9174651334562951
313,6995,8078,0.9404115228229938,0.9176793709227798
314,5201,6305,0.9398822152722422,0.919049016675008
315,7182,7259,0.9397349361844637,0.9207202896635353
316,7167,7984,0.939610844732504,0.9389315539595097
317,7182,8570,0.9395305289573219,0.9296420473691089
318,7182,7189,0.9395279141202546,0.9561356147826773
319,7278,7731,0.9395093961403759,0.9346645391202212
320,3861,9401,0.9394409918487628,0.9165798192111251
321,6586,9404,0.9394313130368782,0.9046966054780248
322,7189,9072,0.9393570891751156,0.908101422765138
323,4902,7261,0.939277391422222,0.9134591025261898
324,4182,7278,0.9391791439229692,0.9741674957509644
325,4005,4182,0.9389319543310021,0.938047417382418
326,3099,7182,0.9388139709764368,0.9359554943578372
327,7327,8316,0.9388052964726472,0.9458291895193912
328,7211,8273,0.9386172779037659,0.9398787928410173
329,6371,7984,0.9385425689044733,0.9256805969592384
330,7453,8308,0.938503304290487,0.9154976659054648
331,7846,7984,0.9383237214572645,0.9104117862517452
332,8750,8795,0.9382696930564115,0.9850551373234322
333,8377,9505,0.9381522578591436,0.9333043976452241
334,2531,5020,0.9379165180964848,0.929925129488428
335,7278,7984,0.9379097263195167,0.9309704547175145
336,4182,7846,0.937900290716457,0.9213203775162699
337,4581,7201,0.9378935268839048,0.9468088038317672
338,1942,1959,0.9378644076006445,0.9666206358128444
339,7205,8601,0.9377802445419726,0.9360103563973271
340,7201,9404,0.9377234493159518,0.9167967832557727
341,2001,7261,0.9377053960523809,0.9102924008337357
342,6371,8316,0.9376013558280556,0.9078465019398158
343,6371,9810,0.937532846378837,0.9214818043238803
344,3591,8341,0.9375318081724122,0.9012311313808639
345,1963,5020,0.9374668348230424,0.9467647477870758
346,1944,9072,0.9369979398282623,0.9050401141116461
347,6770,8306,0.9369775159600602,0.9416579256705938
348,6361,8012,0.9368814488022917,0.9253325805469721
349,7202,7211,0.9368751023732689,0.9321887799220534
350,5411,7181,0.9365896959363561,0.9021539774362751
351,8242,8377,0.9360442502978121,0.9208626736167457
352,6301,7762,0.9359449989745503,0.9018082719164339
353,4581,7181,0.9359070313674362,0.956703437572466
354,8308,8341,0.9358523980627688,0.973771140133654
355,3099,7189,0.9358493407539383,0.9516295944927495
356,8586,9810,0.9358264940343848,0.9305538832998459
357,5393,6371,0.935575189407846,0.91304076691909
358,2267,7846,0.9355429463326872,0.918346045140478
359,1983,8377,0.9354389521160599,0.955283637912678
360,6472,7272,0.9354208973758268,0.9626137122927674
361,5901,7181,0.9354124247561894,0.9027389243523511
362,5802,7278,0.9353688166420862,0.9185478530357696
363,9506,9508,0.9352859506446097,0.9797372651694627
364,6301,6752,0.9352774676544786,0.9082932597150499
365,4202,5802,0.9351280691944328,0.9267606127177795
366,5802,9810,0.9350639012053105,0.9350473636973176
367,5411,7189,0.9350072423056032,0.9494268009288156
368,4208,9810,0.9350032354064683,0.9316969898529405
369,8308,8309,0.9349687609130912,0.9352043821853129
370,5301,7251,0.9349455113266482,0.9610270162373714
371,4507,7189,0.9348441900887282,0.9388582013793009
372,1820,9505,0.9347870958307459,0.9282175622442562
373,5411,7278,0.9347095864358983,0.9584158649106415
374,7182,7278,0.9346898359707158,0.9015802856591256
375,7167,9003,0.9345201864062942,0.9014218403103751
376,5802,8002,0.9344905433088232,0.906331682315913
377,7846,8377,0.9343837973485714,0.9212389600837989
378,3407,5201,0.934240507202629,0.9088623240123362
379,8002,8601,0.9341676801712123,0.9393003365385315
380,7167,8309,0.93416702882103,0.9565325661952739
381,2531,6752,0.9341450880255292,0.925753568736611
382,1333,4507,0.9341096157442862,0.9224639108944872
383,5802,8385,0.9340521210500909,0.9218206249116214
384,7278,9505,0.9339997945062765,0.9114355977008911
385,5803,7267,0.9339964797624501,0.9207737004879859
386,4061,5406,0.9338765307428597,0.9032445904281514
387,6674,7189,0.9338703674179235,0.952246302181821
388,4118,7751,0.9338686328028011,0.9281021205069382
389,6301,7259,0.9337543089270404,0.9123306327360642
390,7211,9201,0.933714051285727,0.9004619166940485
391,8306,8601,0.9336802562678317,0.9403523502682206
392,4581,5463,0.9335258271904151,0.9231781042487621
393,7186,7211,0.9331854363085266,0.9159950090704383
394,6752,9505,0.9331761418462434,0.9166476233366603
395,4182,8002,0.9330646719302212,0.9691628151897359
396,5406,6674,0.9330179653129983,0.9057472062077551
397,6674,7201,0.9328878255026721,0.9020011484863294
398,4401,5214,0.9328730003865991,0.9223745777381217
399,1333,8377,0.9328486544817391,0.908689718444103
400,1820,7731,0.9326516676515147,0.9019787739900541
401,1820,7189,0.9325487567745511,0.9504360859016735
402,4005,5802,0.9325310959703084,0.9429299233156241
403,5214,9404,0.9324271256932863,0.9007416016353533
404,7189,7984,0.9324075553249196,0.9200579538931597
405,5214,6473,0.9323322071897144,0.9167349961836538
406,6752,8309,0.9323271499234842,0.9045885231506408
407,5991,6371,0.9322650766096243,0.9117225022036375
408,5021,8750,0.9318534856999707,0.9362110725447528
409,4581,5411,0.9316230849472323,0.9205847593215858
410,6269,6361,0.9314814116007349,0.9084817381326951
411,6371,7167,0.9312508861972288,0.9189881907426828
412,5214,7259,0.9310561801113252,0.946258859387648
413,4208,7272,0.9310471672208048,0.9084102894573615
414,6471,7272,0.9308968585681251,0.9376519596075145
415,7251,8002,0.9308053524205161,0.9524318880922833
416,7167,8341,0.9307724308074742,0.9645209791817795
417,2292,9404,0.9307098024230331,0.9228720061740752
418,6305,8316,0.9306486952321543,0.9204752329551783
419,7182,9003,0.9305578612580993,0.9427849354436489
420,7211,7267,0.9305011872593252,0.916283727038235
421,6752,8377,0.9303946045261503,0.9293912882241234
422,7259,8058,0.9303166588985023,0.9136287093132401
423,1333,5411,0.9302482087462676,0.913416630817879
424,1820,7211,0.9302159140172485,0.9536068304985367
425,6471,6995,0.9301999692158031,0.9364290904509229
426,1820,7259,0.930183972181915,0.9144289232919885
427,7211,7846,0.9301130050821113,0.9321788063550581
428,4202,4581,0.9300673308399653,0.9191580383356706
429,7984,9810,0.9299210073055256,0.9094143848759408
430,2784,9956,0.9298997544186112,0.9074719525486962
431,8002,8750,0.9298955157539137,0.9249530399211915
432,4182,7167,0.9296864454337452,0.941294471505737
433,7182,9505,0.9296433822775562,0.9125104872948949
434,1820,5411,0.9295544823074019,0.9516765348497502
435,8002,8341,0.9295034114778812,0.9128222180368041
436,4188,8601,0.9293717275569141,0.9082460655785766
437,6586,7167,0.9292898672165925,0.9361149557193199
438,5471,7251,0.929200845289518,0.9234874066776366
439,6301,6371,0.9291517518679682,0.9311780024217619
440,4182,4634,0.9291247779074632,0.9041633113350712
441,2531,7846,0.9289257069627661,0.9106979143660151
442,2914,4581,0.9287640909030508,0.9535648121877977
443,7013,7278,0.9287236790083216,0.9269996139041615
444,1963,7278,0.9286724701444996,0.9292279283176736
445,2292,5401,0.9286521696047411,0.914526396588699
446,2267,8242,0.9286365191448351,0.9411778799180687
447,6301,7278,0.9285608780584604,0.9038502404435246
448,4208,6301,0.9285238774656851,0.9376707932234006
449,4581,7278,0.9284375013268905,0.9118227393880668
450,3291,5802,0.9284284725183093,0.9026554848229352
451,5411,9064,0.9284046865646622,0.9211271190083122
452,1860,8002,0.9279539882502692,0.9459480667214688
453,5401,8058,0.9279106526093939,0.9234865072762526
454,2914,8058,0.9278115200927636,0.900839565717435
455,1333,9064,0.9276624933749529,0.9317704380014047
456,4581,7182,0.9276452925254881,0.9613426213751943
457,6472,7186,0.9275356590323184,0.9169416437977199
458,6752,8341,0.9274650216598931,0.9396877175456344
459,4208,7984,0.9274021974212954,0.9088805787523285
460,1820,7201,0.9273541507673773,0.968156442916907
461,4182,7186,0.9272769336693408,0.9125555516451364
462,5021,8795,0.9272131757767541,0.9165733171258034
463,4202,5411,0.9270925768342914,0.930735778589422
464,4202,8570,0.9270119812222705,0.9531028087489808
465,4523,4581,0.926936847714754,0.9437951218020418
466,1963,6472,0.9268947177353262,0.9388996214632849
467,8273,8385,0.9268099260105077,0.9242025144472361
468,6473,7272,0.9266782912702837,0.9197646921638603
469,4061,5401,0.9265582163675293,0.9048982019640535
470,4202,7201,0.9262298356619579,0.9602815640131299
471,7201,9201,0.9261731164540691,0.926956915484941
472,5411,7167,0.9261526200999006,0.9260096802376749
473,5020,7013,0.9258390751963144,0.951121890734971
474,7259,7752,0.9256577393944168,0.9011050966006526
475,4005,4208,0.9255755893627777,0.9196985783098877
476,3148,9072,0.9254862474672984,0.9126706216030595
477,5406,9064,0.9254838286894397,0.9264032574180449
478,2784,5233,0.9254399537057048,0.9254371919712411
479,5406,7189,0.9254094949128181,0.951638789922541
480,4118,9404,0.9252933457218875,0.9193520875993291
481,6371,7327,0.9252833188391253,0.9489501754376989
482,2768,7202,0.9252633237249047,0.9469740644182013
483,6471,7762,0.9252379821546749,0.9188013501408485
484,4005,7267,0.9251882435736118,0.9043190612348037
485,7327,8795,0.9249165056949629,0.9237476933024872
486,5406,7278,0.9248295339986642,0.9252280116541463
487,1963,4676,0.9248155501405004,0.9229334465122256
488,4182,9810,0.9247287829504676,0.9101712200840187
489,4005,7251,0.924712754945091,0.9252440901164364
490,6371,6471,0.9246869989290735,0.9358208730650377
491,6988,6995,0.9246199722789014,0.9043662143195862
492,4188,8306,0.9244040378527268,0.9156212897206258
493,7259,7267,0.9242813046863004,0.9053204278983292
494,9003,9505,0.9242740883018168,0.9337720519106557
495,1820,7846,0.9242537586885827,0.9024160153636612
496,1911,6923,0.9241952500139434,0.9360886096153612
497,4581,8242,0.9240747612214673,0.9512427478280339
498,4676,6752,0.9240509069753873,0.9389464792122645
499,6586,6752,0.9240343047110704,0.9254052957542505
500,6371,7272,0.9240250926642876,0.9596662107760959
501,5406,9404,0.923982638218276,0.9375598025573121
502,7327,7984,0.9238717077751988,0.9343844024254637
503,7167,7731,0.9238301029605803,0.9521443966907246
504,6750,6920,0.9235154898745931,0.9182739563454262
505,5019,7272,0.9235016406421741,0.9204509129212589
506,5991,7259,0.9234963889639463,0.9405277342671688
507,4061,6301,0.9234460100729903,0.9236639737708413
508,7327,7762,0.9233110334530359,0.9123933288300331
509,5406,7201,0.9231934029671769,0.979294041608136
510,5233,9956,0.9231884168753114,0.9473084166797047
511,6305,8586,0.9231877898230423,0.9215441442951771
512,7182,7201,0.9229574115346931,0.9791341092311765
513,7201,8242,0.9228981025507084,0.9192261888418287
514,6371,7211,0.922580942107014,0.9141200590526414
515,4676,7278,0.9225210950807723,0.9210325307112985
516,4004,6301,0.9224782168976674,0.9396496431249475
517,1820,4202,0.9224705217129227,0.9240056531853448
518,5105,8750,0.9222228672913988,0.919396608919682
519,4114,7012,0.9221769586110068,0.9209909607141404
520,2267,4202,0.9221588710516854,0.9291338290964462
521,6301,8316,0.9221312241715552,0.9445759126788125
522,6752,7984,0.9220871319862665,0.9245747705896102
523,1942,8306,0.9219489688486999,0.9025606164461287
524,5802,6371,0.9219262219748907,0.927571950592532
525,6305,6472,0.9219147601597015,0.9173884138126474
526,2531,7167,0.9214690781131109,0.9258812285985646
527,7167,8795,0.9214305211658477,0.9537706113478116
528,4005,5301,0.92142984024685,0.9189220995526112
529,6472,7251,0.9213827101491735,0.9370939469811377
530,3407,5019,0.9213142716243468,0.9149680593871868
531,1820,4581,0.9212714856743744,0.9518377407619422
532,5471,7313,0.9210488262151262,0.9143089067387205
533,1963,2531,0.921001490155409,0.9032706113322841
534,1963,6371,0.9209505690547821,0.9007551886721885
535,8002,8308,0.9209261050102939,0.9159037198405007
536,1820,5406,0.9208839262569878,0.9616527526566949
537,2292,7181,0.9208801192381121,0.9303940521855881
538,4005,7211,0.9208786448193456,0.9516609780902906
539,6371,7259,0.9208399198691014,0.9402235086177396
540,9101,9107,0.9207222698613118,0.9005816894438868
541,1820,4507,0.9207006642378917,0.911517431488095
542,6178,9404,0.9206680140402169,0.9103931840335983
543,4061,8316,0.9205150755756932,0.9355837811681611
544,5401,7181,0.920380008718868,0.9102687377744245
545,7167,8750,0.9202911502785784,0.9584916815376961
546,5803,6995,0.9202164275751199,0.9138734628985022
547,4530,8276,0.9201354744066285,0.9575930968331033
548,7182,8377,0.9201228555103341,0.9090251694396543
549,6301,7186,0.9200993515318789,0.920232635257877
550,2267,2531,0.9199370988745121,0.9142746318725871
551,8273,9003,0.9196677490959815,0.9163792431559963
552,7182,8385,0.9195457594249131,0.9423238979830693
553,4581,7846,0.9195063635183497,0.9335368183557677
554,5802,5991,0.9194160700668641,0.9420590611840473
555,7201,7259,0.9192014891091709,0.9277967904006563
556,3148,9810,0.9191589561620167,0.9066280035519837
557,8308,8750,0.918912254937189,0.9318475427216886
558,5802,9072,0.9187782258613384,0.9325684167652813
559,8309,9810,0.9187077252746233,0.9154209613806875
560,6471,8002,0.9185328952203086,0.9079461484035074
561,7762,8586,0.9182990637320705,0.9006173239017677
562,5411,6752,0.9179887811394993,0.9411378463216502
563,8316,8750,0.9179517226849838,0.9096167477416941
564,5991,7272,0.917927668073554,0.9057194487371736
565,1333,2914,0.9178106073181341,0.9449013362805145
566,8316,8586,0.9178068232147002,0.9515623718212918
567,5401,7189,0.9176523029093486,0.9264985887252274
568,3099,8377,0.917619459227294,0.9214264662179188
569,1820,5803,0.9173982148736753,0.912036163615258
570,7182,9201,0.9171066711219821,0.9280464342030145
571,6178,7201,0.9170901886025942,0.9186605341639524
572,4005,4634,0.9169924577761308,0.9150643103607353
573,1963,7272,0.9169227933603659,0.9269236970145943
574,6586,7327,0.916899217617998,0.9288653279069409
575,3099,7201,0.9168203159936887,0.9280817793837545
576,7762,9401,0.9167110081947715,0.9272716324986594
577,6371,8058,0.9166778255029363,0.9121575092283224
578,7211,9505,0.9166702207864513,0.9265043874629141
579,1820,9201,0.9165842997388958,0.9125822744334047
580,5333,7762,0.9165624001373205,0.9052920023202122
581,1963,8316,0.9165394508657548,0.9124492279190342
582,5706,6361,0.9164458030954756,0.9131860872391876
583,4118,5214,0.9162681281602992,0.9382320384035565
584,5463,7182,0.9161710108804424,0.9047876849722335
585,7181,7189,0.9161282010733393,0.9374403439926502
586,7182,9072,0.916119626832496,0.9096287103336594
587,6752,7731,0.916099261661558,0.9495262288218603
588,7013,7846,0.916069385083895,0.9699633517790155
589,4202,7181,0.9159558885236135,0.9366600403884582
590,3099,8273,0.9158807046823582,0.9442032352544653
591,5301,6988,0.9158753337995782,0.9213987137345097
592,6305,7751,0.91583520880286,0.9159088299815537
593,2531,9505,0.9157078382846554,0.9110870812697186
594,1911,6770,0.9157023526598148,0.9589462641759716
595,5393,6995,0.9156941141143125,0.9143470218398769
596,3861,7012,0.9156870475937187,0.9000901585678793
597,2914,5406,0.9156098468220207,0.9432348882801173
598,5411,7259,0.9156074398976356,0.947979028704322
599,5393,7327,0.915349472910443,0.9432540028036195
600,4581,6752,0.915216177219608,0.9115142592702753
601,5406,7327,0.9152102728428091,0.914010087594632
602,4634,6472,0.9151717837802907,0.9092688223921241
603,6752,7013,0.9151580768415124,0.9572120922237165
604,4676,8273,0.9149193312812182,0.9082111039905245
605,4118,7327,0.914910687056997,0.9043903614781046
606,7012,7751,0.9148446962697144,0.9207909360172726
607,4004,6471,0.9148356721819162,0.9059746517464378
608,7261,7817,0.9148253220580881,0.9318473033775795
609,6471,7278,0.9148031698169002,0.9058510602714086
610,6472,6752,0.9147635954551409,0.9513647915224984
611,5991,7267,0.914530583843733,0.9091984221765139
612,7186,8273,0.914314275413276,0.9464971084861716
613,5020,7731,0.9141438789610555,0.9259100084650465
614,5020,6586,0.9140662862787235,0.9121469997618343
615,1942,8308,0.9139597433690884,0.9543448435388633
616,6471,6988,0.9138310764669934,0.9105033389688153
617,1911,3116,0.9137037339725156,0.90381275756412
618,6371,6472,0.9136396324248889,0.966824763324204
619,2914,4507,0.9135444514932418,0.9263636868571792
620,8273,8309,0.9134634342569967,0.9203381165052766
621,4061,6371,0.9132952296134718,0.9049431536858857
622,6988,7272,0.913225627987819,0.9576284383449203
623,5393,8316,0.9131820350393169,0.9169451430432036
624,6472,6988,0.9131226408974837,0.9519720420090282
625,4202,7202,0.9130644861202069,0.9244879085721109
626,1963,4004,0.9130615343618729,0.9401943982408502
627,2292,8377,0.91302656955203,0.942630950168912
628,1911,8306,0.9130022531836174,0.933503653957363
629,4004,5393,0.91298769511399,0.9534129748855672
630,8306,8308,0.912947764257232,0.9245557131930267
631,2267,9505,0.9127774551847372,0.9268189437329893
632,4005,6301,0.9127542992813266,0.9106727985701387
633,2768,7182,0.9126446288541032,0.9150536403184063
634,4676,5019,0.9126398804136223,0.9275955246715305
635,8242,9003,0.9126165093693649,0.9014792695434297
636,7201,7211,0.9121708481661164,0.9633207634846165
637,4676,8309,0.9120994668845428,0.9097853673314131
638,2267,7278,0.9118835233984172,0.9196157904670669
639,4062,6857,0.9117932361106582,0.9204715148757192
640,4217,6750,0.9113546793282165,0.9145551745384684
641,2914,5411,0.9111740606296576,0.9245170063835778
642,1820,5802,0.9111381796860787,0.9367844315838053
643,4202,9003,0.9110807583337032,0.9241531449033409
644,4208,7327,0.9110504026571027,0.9070122965684272
645,4004,6472,0.9107504306772892,0.9510539956574354
646,2267,7167,0.9107202933651897,0.9033506322309781
647,6301,6472,0.9101094002192606,0.9392492529475508
648,7846,8341,0.9099819158145188,0.9493706130956737
649,7211,9072,0.9099692924575655,0.9074883588856892
650,7846,8750,0.9096009672155383,0.9167555166204916
651,4182,7984,0.9094436249191931,0.9411313446638466
652,6472,7278,0.9094096935679921,0.9542305388696368
653,4004,4182,0.9092591034769126,0.9331482981252611
654,5020,8750,0.9092572248286196,0.9765622457742545
655,1808,8358,0.9092311895700149,0.9030495084679995
656,4004,4676,0.9090148521435678,0.9096122640564799
657,5991,7211,0.908930568897363,0.9154412432013782
658,4676,7846,0.908898563780607,0.9229872144406963
659,2267,3099,0.9088620916182373,0.9492251670825893
660,3291,8218,0.9088280570395183,0.9060750592212204
661,1963,8002,0.9088045419417374,0.9463074433322771
662,3861,6305,0.9086628002470373,0.9166931526437265
663,1860,5019,0.9086625598725594,0.9243042182854287
664,2531,7278,0.908639840831862,0.9236792613831595
665,6371,7189,0.9083741178251349,0.918322775010316
666,4208,6995,0.9083708815595147,0.9403614012320904
667,5301,6995,0.9083040648760216,0.9254857507182637
668,3116,6923,0.9081911055205181,0.971203047552624
669,2001,9003,0.9081548215749727,0.9088977335244007
670,6301,6471,0.9081380167108117,0.9149963054358874
671,4631,7251,0.9080796357305806,0.911628113577708
672,2914,7201,0.9079613039502179,0.9526631034823725
673,2914,5401,0.9078211991103529,0.9164423810521446
674,2914,9404,0.9077269686767702,0.9338596841563985
675,3291,7182,0.9075824176470886,0.9172768256974697
676,5802,9003,0.9075242740295417,0.9240853711319388
677,7731,7846,0.9074971777129233,0.9396558438416183
678,4676,8750,0.9074928248429684,0.955854731219948
679,5393,8586,0.9074436980024015,0.9206260447620238
680,7167,8385,0.907287141138065,0.9350838988308695
681,3099,4581,0.9070621688906287,0.9642752443371101
682,8341,8795,0.9069381227998979,0.9691359193314077
683,3591,8377,0.9068787874659461,0.9165857392615643
684,6586,7259,0.9068356149465691,0.909444767747132
685,5406,6752,0.9067057912590064,0.918868636920132
686,7211,9003,0.9066190126298854,0.9250556710997627
687,5019,5021,0.9066104948037115,0.9346405251192941
688,1963,8795,0.9063984471823372,0.915296673453733
689,4004,6305,0.9063595842955265,0.9096411605860112
690,1860,6995,0.9063545711726523,0.9217009339289142
691,8308,8601,0.9063290876794957,0.9660538202218665
692,4182,8020,0.9062861964651655,0.9120652802369071
693,7211,8385,0.9060671211424501,0.92667565188744
694,4118,5201,0.9060404905352215,0.9188472309219007
695,8309,9072,0.9060300328191753,0.9056609060758877
696,5110,7251,0.9059642999149999,0.9543572465795701
697,4061,7259,0.9059145873860792,0.9069919297193191
698,1911,8411,0.9057207533900553,0.9287340102790927
699,7327,7731,0.9057109837862025,0.9153640819110157
700,7189,8359,0.9056980665032505,0.9073143420188443
701,5110,5301,0.9056963718483674,0.9561060704137159
702,4507,7167,0.9056788254455838,0.9086051380587176
703,1820,5401,0.9056218846026093,0.9344439861531302
704,4005,5803,0.9053985627516893,0.9163218997115747
705,5110,6995,0.9052795301880533,0.9229567081211447
706,2292,5411,0.905109176381385,0.9048798974736627
707,4634,5991,0.9050829164356311,0.9162579358199416
708,6752,7272,0.9049974885036772,0.9396476679457091
709,8316,8377,0.9049723647490583,0.9050927627018648
710,4004,5301,0.9048076021938312,0.9723329893076332
711,4182,6988,0.9047970144679018,0.9355937440143682
712,4581,9003,0.9046699465231208,0.9529717714324435
713,4634,5803,0.9046124188889059,0.9162145888721617
714,5393,9401,0.9045847080238734,0.9009438268028187
715,6305,7327,0.9045721874285524,0.9003715590787383
716,5333,6473,0.9044711855387153,0.9003864889912713
717,4004,6752,0.9044252762042339,0.9390474258418606
718,6770,8601,0.9044188477479247,0.9417309911916745
719,1860,5110,0.9040652271139673,0.9496691434807079
720,6674,9810,0.9038580677796952,0.9114087060281673
721,4182,4676,0.9038523511192592,0.9062412508157491
722,7211,8002,0.903445090273758,0.9142324854669122
723,4188,8411,0.9033703681353423,0.9093364943967552
724,3405,4005,0.9033258030685033,0.9143802964659281
725,1942,9412,0.9029717343384218,0.956174929074165
726,4507,9810,0.9029694671193879,0.9245748609003086
727,5020,8341,0.902956979265351,0.9620342475800435
728,8273,8341,0.9028677458574127,0.9436669889609136
729,9072,9201,0.9026912254482202,0.9093628219028504
730,4202,5406,0.9026493828136409,0.9532493873325021
731,8242,8273,0.9024874929194207,0.951622071677248
732,8279,9003,0.9020576455888588,0.9207008816556375
733,7278,8341,0.9019004644881479,0.9039722366648416
734,8242,8385,0.9018646535730788,0.9041629974698735
735,4208,5333,0.9018428966823278,0.9106622064673395
736,4581,5406,0.9018197383719179,0.927919308822533
737,7278,8750,0.9016030520087559,0.9003839728238221
738,4523,7189,0.9015823283362068,0.9130033148553707
739,1860,4005,0.901562339124586,0.9330278847387693
740,2267,9003,0.9014780157499958,0.9348265004336807
741,2531,7327,0.9014568886950883,0.9144438363602357
742,2531,7189,0.9013739692545084,0.9095679562939936
743,4581,9201,0.9010482219132452,0.9153607132570537
744,1820,2267,0.9009847656461942,0.9264533804798386
745,6471,7251,0.9009743823921581,0.9121758089019645
746,4182,9505,0.9007623678387638,0.9024945503513249
747,5471,6923,0.900735343831402,0.9291533545632287
748,5393,8002,0.900702413429584,0.9049347245560035
749,7201,9072,0.9006472315754981,0.9019703845327786
750,7189,7259,0.9005278951254947,0.9140387897016046
751,7186,8242,0.9003647515064835,0.9046758659048435
752,5411,7762,0.9003060237661726,0.9077251967517113
753,6724,8316,0.9002933482163599,0.9005570019760817
754,7013,7327,0.9002333764743989,0.9066856400881511
755,7189,9404,0.9000602975319364,0.9243134865184763
756,5019,8020,0.9000308758201654,0.9321397282212612
