DATE,OPEN_3116,CLOSE_3116,OPEN_4204,CLOSE_4204,saya_divide,saya_divide_mean,saya_divide_std,saya_divide_sigma,deviation_rate(%)
2020-06-02,1547,1530,1511,1516,1.0092348284960422,0.9315484014244223,0.04074066292921569,1.9068523064191447,7.7
2020-06-01,1530,1517,1493,1506,1.0073041168658698,0.930052093572401,0.03991237084138198,1.9355408276917565,7.67
2020-05-29,1558,1518,1518,1505,1.0086378737541528,0.9285659625805581,0.039074536570838564,2.049209490391054,7.94
2020-05-28,1550,1558,1528,1531,1.0176355323318094,0.927067484756322,0.03811836421188551,2.375968891845779,8.9
2020-05-27,1516,1510,1510,1527,0.9888670595939751,0.9254193008469703,0.036816923384344724,1.7233313627173976,6.42
2020-05-26,1488,1477,1474,1497,0.9866399465597863,0.9242088359427949,0.03619820365845273,1.7247018997422796,6.33
2020-05-25,1414,1462,1443,1450,1.0082758620689656,0.9226434358957001,0.03600258243306547,2.3785078843294034,8.49
2020-05-22,1403,1388,1415,1404,0.9886039886039886,0.9199257136047485,0.03711200216002048,1.8505677678911345,6.95
2020-05-21,1373,1393,1400,1399,0.995711222301644,0.9181137817630078,0.037032002047498,2.095415755246181,7.79
2020-05-20,1360,1366,1392,1400,0.9757142857142858,0.9164280929535492,0.03633226337212405,1.6317781293588196,6.08
2020-05-19,1345,1360,1405,1392,0.9770114942528736,0.9150515836675819,0.036014315629677,1.7204244895947618,6.34
2020-05-18,1300,1307,1337,1364,0.9582111436950147,0.9136481628442448,0.03562118657996703,1.2510246044367221,4.65
2020-05-15,1311,1288,1338,1326,0.971342383107089,0.9125705829803892,0.035478948554734824,1.656525982894621,6.05
2020-05-14,1297,1273,1359,1320,0.9643939393939394,0.9113848590447556,0.03497743819753058,1.5155220931224798,5.5
2020-05-13,1320,1324,1352,1372,0.9650145772594753,0.9106133053880844,0.03443362189257428,1.5798881697984457,5.64
2020-05-12,1380,1350,1424,1397,0.9663564781675018,0.9098752520167916,0.03384792043926853,1.6686764036819142,5.84
2020-05-11,1350,1380,1408,1438,0.9596662030598053,0.909139273873201,0.03320582697936009,1.5216283942577478,5.27
2020-05-08,1282,1320,1333,1359,0.9713024282560706,0.9083849030578206,0.03268801673473161,1.9247886988322236,6.48
2020-05-07,1301,1278,1326,1314,0.9726027397260274,0.9075722331855199,0.03186088629484381,2.0410765080013373,6.69
2020-05-01,1322,1296,1350,1317,0.9840546697038725,0.9067151311197151,0.030951618453481083,2.4987235708011597,7.86
2020-04-30,1291,1346,1403,1370,0.9824817518248176,0.9059053941474349,0.029686245815613556,2.579523128421552,7.79
2020-04-28,1298,1267,1360,1380,0.9181159420289855,0.9051550135705192,0.028425650783696004,0.45595889983634974,1.41
2020-04-27,1292,1293,1316,1385,0.9335740072202167,0.9051956850994056,0.028446340939572663,0.9976088728281042,3.04
2020-04-24,1281,1290,1350,1338,0.9641255605381166,0.9049301352804777,0.028272616301249984,2.0937370856273296,6.14
2020-04-23,1232,1281,1315,1334,0.9602698650674663,0.9043576979166822,0.027492146910999035,2.0337504863403293,5.82
2020-04-22,1235,1228,1281,1302,0.9431643625192012,0.9039140436933737,0.02684720012895203,1.4619892814632824,4.16
2020-04-21,1239,1233,1325,1312,0.9397865853658537,0.9036259647472303,0.026538632128641205,1.3625653516481673,3.85
2020-04-20,1270,1261,1361,1352,0.9326923076923077,0.903323492236061,0.02625250539838822,1.1187052439592986,3.15
2020-04-17,1243,1282,1390,1380,0.9289855072463769,0.903186686344538,0.026125530784544358,0.9874946126300786,2.78
2020-04-16,1240,1238,1380,1383,0.8951554591467824,0.903167261923971,0.026106876972935348,-0.30688476394531344,-0.9
2020-04-15,1254,1240,1404,1406,0.8819345661450925,0.9036029184534504,0.026241821319386127,-0.8257183083687286,-2.46
2020-04-14,1227,1254,1399,1401,0.8950749464668094,0.9043247333857918,0.026380055886835025,-0.35063560739454236,-1.03
2020-04-13,1260,1238,1400,1380,0.8971014492753623,0.9051632774311713,0.02706341060723333,-0.2978866290287268,-0.9
2020-04-10,1267,1280,1394,1417,0.903316866619619,0.905952228435454,0.02767251798636492,-0.09523390018694848,-0.29
2020-04-09,1249,1267,1436,1405,0.9017793594306049,0.9065209905601794,0.028048328826665275,-0.16905217985988039,-0.53
2020-04-08,1236,1248,1400,1441,0.8660652324774463,0.9072242216834362,0.028576832255152947,-1.4402922212824403,-4.75
2020-04-07,1200,1206,1361,1380,0.8739130434782608,0.908262355032335,0.02847682647422,-1.2062197866454858,-3.93
2020-04-06,1110,1160,1290,1319,0.8794541319181198,0.9093205923178918,0.028654847703164035,-1.0422829920144403,-3.4
2020-04-03,1152,1121,1281,1283,0.8737334372564303,0.9104496708402775,0.029120331279985985,-1.2608453259280676,-4.2
2020-04-02,1191,1172,1293,1282,0.9141965678627145,0.9112196964188388,0.02890201257389194,0.10299875955921506,0.33
2020-04-01,1250,1221,1427,1353,0.9024390243902439,0.9112052267453588,0.02890079022437248,-0.30332050739990335,-0.97
2020-03-31,1299,1287,1451,1433,0.8981158408932309,0.911232198983585,0.02889353945984543,-0.4539547018316122,-1.46
2020-03-30,1300,1315,1473,1479,0.8891142663962136,0.9112455339668564,0.02888771310605681,-0.7661135199380861,-2.49
2020-03-27,1380,1362,1508,1532,0.8890339425587467,0.9113223367747395,0.028836382976910897,-0.7729261410433824,-2.51
2020-03-26,1318,1306,1433,1424,0.9171348314606742,0.9113862635657275,0.028792181979053186,0.19965725067759343,0.63
2020-03-25,1307,1313,1425,1410,0.9312056737588652,0.9111439102573631,0.028819260461522708,0.6961234667449941,2.15
2020-03-24,1201,1229,1325,1335,0.9205992509363295,0.9107873271706743,0.028734154124877898,0.3414725111799998,1.07
2020-03-23,1198,1149,1280,1295,0.8872586872586873,0.9103783679646974,0.02880976544415043,-0.8024945829853802,-2.61
2020-03-19,1194,1209,1286,1223,0.9885527391659853,0.9104631457516028,0.028750902115095855,2.716074546175058,7.9
2020-03-18,1160,1174,1237,1237,0.9490703314470493,0.9092607907380329,0.027309525901296452,1.4577162874558205,4.19
2020-03-17,1129,1163,1180,1233,0.943227899432279,0.9086009408515144,0.026934982860544656,1.2855756678979522,3.67
2020-03-16,1178,1136,1244,1187,0.9570345408593092,0.908011883869655,0.026652878263625616,1.83930067532547,5.12
2020-03-13,1129,1171,1236,1259,0.9301032565528197,0.9072083670340578,0.026064768709474138,0.878384526406325,2.46
2020-03-12,1262,1219,1367,1326,0.9193061840120663,0.906912160564121,0.02592877882315499,0.47800259057619493,1.35
2020-03-11,1302,1286,1427,1407,0.914001421464108,0.9069081416363017,0.025926880744135346,0.2735878603295066,0.78
2020-03-10,1291,1285,1391,1420,0.9049295774647887,0.9069006027684178,0.025924899233686297,-0.07602827250598972,-0.22
2020-03-09,1345,1319,1455,1392,0.9475574712643678,0.9067472115835568,0.025970102260178048,1.57143238297481,4.31
2020-03-06,1400,1387,1540,1498,0.9259012016021362,0.9060339252358264,0.0255710175369368,0.776945083926048,2.15
2020-03-05,1459,1435,1602,1578,0.9093789607097592,0.9055636848990974,0.025525584626307867,0.14946869450855063,0.42
2020-03-04,1428,1440,1558,1577,0.9131261889663919,0.9054267210719426,0.025532303727193596,0.30155790001232297,0.84
2020-03-03,1495,1449,1621,1572,0.9217557251908397,0.905327976405498,0.025516651592965338,0.6438050355271007,1.78
2020-03-02,1462,1475,1578,1597,0.9236067626800251,0.9050511013897523,0.025449468863043796,0.7291178212845997,2.01
2020-02-28,1490,1491,1638,1609,0.9266625233064015,0.9044715983263093,0.02551509948103532,0.8697173607567606,2.39
2020-02-27,1536,1524,1695,1667,0.9142171565686863,0.9037973921129588,0.025587785755412616,0.40721633967579035,1.14
2020-02-26,1531,1542,1693,1709,0.9022820362785254,0.9031818559994023,0.025883291242715226,-0.03476450164080575,-0.1
2020-02-25,1539,1555,1686,1732,0.8978060046189377,0.9025688494628238,0.026435874400598594,-0.1801659658277946,-0.53
2020-02-21,1621,1628,1795,1793,0.9079754601226994,0.9018671917287787,0.027239147816532503,0.22424594319405614,0.67
2020-02-20,1612,1624,1818,1807,0.8987271721084671,0.9009938271708703,0.02806681923009449,-0.08075924257112797,-0.25
2020-02-19,1612,1601,1827,1809,0.8850193477059148,0.900713596060082,0.02819269226963259,-0.5566778867398902,-1.77
2020-02-18,1612,1619,1823,1811,0.8939812258420762,0.9005536691666667,0.028315021303352554,-0.23211860779395968,-0.74
2020-02-17,1598,1623,1847,1836,0.8839869281045751,0.9002120739143843,0.02854584950028133,-0.568388963504108,-1.84
2020-02-14,1616,1621,1868,1855,0.8738544474393531,0.9002131315111016,0.02854524981744988,-0.923400013673562,-3.02
2020-02-13,1630,1618,1840,1876,0.8624733475479744,0.9001839232435209,0.0285733127451077,-1.3197831148228778,-4.37
2020-02-12,1665,1636,1893,1847,0.8857606930157012,0.9002880881333575,0.02844962019605993,-0.5106358193023705,-1.64
2020-02-10,1659,1649,1852,1854,0.8894282632146709,0.9003522179695935,0.028422208665349624,-0.3843457376428422,-1.23
2020-02-07,1714,1681,1900,1874,0.8970117395944504,0.9002578803424175,0.02847001220342694,-0.11401964722643858,-0.36
2020-02-06,1682,1703,1851,1901,0.8958442924776433,0.9000432128933139,0.028554252796825507,-0.14705061433571867,-0.47
2020-02-05,1666,1650,1857,1841,0.8962520369364476,0.8998148694665334,0.028655215194777164,-0.12433452360655114,-0.4
2020-02-04,1630,1645,1823,1840,0.8940217391304348,0.8994587075762606,0.02886254049473798,-0.18837456275953887,-0.61
2020-02-03,1579,1639,1843,1825,0.8980821917808219,0.8989781673299518,0.029246531569034215,-0.03063527540060671,-0.1
2020-01-31,1580,1602,1919,1843,0.8692349430276722,0.8985031477874356,0.029545024022271313,-0.9906305961268024,-3.37
2020-01-30,1614,1592,1919,1979,0.8044466902475998,0.8984563403020723,0.02959409596894533,-3.1766353043229243,-11.69
2020-01-29,1620,1621,1891,1901,0.8527091004734351,0.8994169397224784,0.02763119392551101,-1.6904024985297301,-5.48
2020-01-28,1625,1616,1864,1859,0.8692845615922539,0.8998463321971836,0.02714801747430763,-1.1257459456791932,-3.52
2020-01-27,1641,1642,1886,1882,0.8724760892667375,0.9000224391306519,0.0269915835702405,-1.0205533066346513,-3.16
2020-01-24,1695,1679,1939,1926,0.8717549325025961,0.9002009348427076,0.026852736660994816,-1.0593334563709857,-3.26
2020-01-23,1697,1696,1952,1933,0.8773926539058459,0.9007494015460867,0.026685697659197434,-0.875253401223737,-2.66
2020-01-22,1730,1726,1932,1956,0.8824130879345603,0.9010930723172803,0.026548305161231876,-0.7036224824625765,-2.12
2020-01-21,1750,1736,1921,1915,0.9065274151436031,0.901014520999892,0.02661209846288523,0.20715743823809102,0.61
2020-01-20,1727,1742,1911,1915,0.9096605744125327,0.9005827138170467,0.026781348375555344,0.33896204433723726,1.0
2020-01-17,1715,1723,1890,1891,0.911158117398202,0.8999439911440487,0.027126254484644386,0.41340489010384335,1.23
2020-01-16,1720,1696,1890,1878,0.9030883919062833,0.8993923988077513,0.027312583802521377,0.13532198657055547,0.41
2020-01-15,1711,1706,1894,1874,0.9103521878335112,0.8990790489951784,0.0274030450179043,0.41138270695710233,1.24
2020-01-14,1722,1714,1877,1887,0.908320084790673,0.8986124730118881,0.027504847164496898,0.35294185496567737,1.07
2020-01-10,1740,1722,1869,1865,0.9233243967828418,0.8982558231619158,0.02755004383879011,0.9099286290655494,2.72
2020-01-09,1753,1732,1853,1870,0.9262032085561497,0.8978102746298875,0.027410880718258774,1.0358271307696163,3.07
2020-01-08,1716,1706,1876,1852,0.9211663066954644,0.8974939818010527,0.027217613127055215,0.8697428677491434,2.57
2020-01-07,1735,1746,1893,1911,0.9136577708006279,0.8975050195104113,0.02722737696353004,0.5932540366210304,1.77
2020-01-06,1725,1730,1883,1878,0.9211927582534611,0.8978179258797762,0.027544219414249362,0.8486293266162611,2.54
2019-12-30,1771,1765,1913,1904,0.9269957983193278,0.897654360019882,0.02744115803906307,1.0692492735794037,3.17
2019-12-27,1776,1774,1928,1925,0.9215584415584416,0.8973798431779693,0.027248565454113215,0.8873347267102649,2.62
2019-12-26,1750,1759,1912,1918,0.9171011470281544,0.89738327581091,0.02725162717624984,0.7235483991366476,2.15
2019-12-25,1767,1760,1924,1908,0.9224318658280922,0.8973034086653496,0.027202455622270097,0.9237569398760616,2.72
2019-12-24,1797,1779,1924,1918,0.9275286757038582,0.8972192581432555,0.027134267325091544,1.1170162509814672,3.27
2019-12-23,1802,1787,1930,1926,0.9278296988577363,0.8969516093052505,0.02693222900400265,1.1465107306155995,3.33
2019-12-20,1824,1801,1929,1924,0.9360706860706861,0.8968187039767171,0.026803812359461446,1.4644178808434858,4.19
2019-12-19,1836,1846,1917,1927,0.9579657498702646,0.8968089132484416,0.026789603198591166,2.28285712813541,6.38
2019-12-18,1832,1837,1924,1921,0.9562727745965642,0.896337623885092,0.026009116045773224,2.304390145593295,6.27
2019-12-17,1840,1821,1922,1925,0.945974025974026,0.8959506359204535,0.025321294796822373,1.9755462923582419,5.29
2019-12-16,1808,1826,1915,1913,0.9545216936748563,0.8955445906232491,0.02475368723230718,2.382558303258896,6.18
2019-12-13,1852,1818,1941,1926,0.9439252336448598,0.8950060979396407,0.02388902798377643,2.047765850433144,5.18
2019-12-12,1847,1816,1912,1905,0.9532808398950131,0.8944598454670493,0.02322331265904456,2.532842548845218,6.17
2019-12-11,1791,1828,1907,1896,0.9641350210970464,0.8938252309954086,0.022236622299772617,3.1618916377581683,7.29
2019-12-10,1760,1781,1909,1912,0.9314853556485355,0.8930100279363368,0.02071258084817355,1.8575824999418906,4.13
2019-12-09,1744,1755,1930,1922,0.913111342351717,0.8925782266219484,0.020238109768325248,1.0145767546880804,2.25
2019-12-06,1733,1723,1920,1905,0.9044619422572179,0.8923535805452315,0.020101994747683264,0.6023462777683716,1.34
2019-12-05,1730,1729,1911,1923,0.8991159646385856,0.892421700743078,0.020151506831176825,0.3321966913735055,0.74
2019-12-04,1689,1711,1890,1912,0.8948744769874477,0.8924852763385487,0.02018002746685131,0.11839432096034767,0.27
2019-12-03,1714,1709,1896,1912,0.8938284518828452,0.8926661084701046,0.020261229387192048,0.05736786206444802,0.13
2019-12-02,1723,1726,1895,1920,0.8989583333333333,0.892593557068656,0.020266678840558886,0.3140512717821226,0.71
2019-11-29,1738,1723,1926,1905,0.9044619422572179,0.8926295830371532,0.020280357691491037,0.5834393751856316,1.31
2019-11-28,1731,1714,1944,1926,0.8899273104880582,0.892602610798927,0.020265943175497143,-0.13200966210659448,-0.3
2019-11-27,1729,1722,1930,1927,0.8936170212765957,0.8929425086413025,0.020431325345810464,0.03301365055260496,0.08
2019-11-26,1740,1715,1920,1909,0.8983761131482452,0.8931456930247123,0.020512634262452027,0.25498529621361704,0.58
2019-11-25,1710,1720,1907,1912,0.899581589958159,0.8931792042310203,0.02052320203649917,0.3119584222653205,0.71
2019-11-22,1711,1701,1892,1892,0.8990486257928119,0.8931448329691563,0.02051460767520833,0.28778482714004194,0.66
2019-11-21,1698,1694,1889,1889,0.8967707781895182,0.8932436718047393,0.020560619898854694,0.17154669470716719,0.39
2019-11-20,1721,1715,1879,1889,0.9078877713075701,0.8938797776534319,0.021381510348444432,0.6551451897390129,1.54
2019-11-19,1717,1736,1880,1889,0.9190047644256221,0.8942525947907145,0.021860907544932365,1.1322571848415977,2.69
2019-11-18,1685,1720,1880,1883,0.9134360063728093,0.8943023056371128,0.021921292109363506,0.8728363565541707,2.09
2019-11-15,1659,1685,1879,1886,0.8934252386002121,0.8944016398981336,0.022024406726423227,-0.044332694635089695,-0.11
2019-11-14,1687,1671,1899,1869,0.8940609951845907,0.8948213851523419,0.022300057888551605,-0.03409811631661968,-0.09
2019-11-13,1708,1702,1911,1911,0.8906331763474621,0.8953331191532373,0.0227132747951422,-0.20692493038390206,-0.53
2019-11-12,1703,1711,1882,1903,0.8991066736731477,0.8957145821647138,0.022870836919578516,0.1483151456311641,0.38
2019-11-11,1735,1710,1926,1888,0.9057203389830508,0.8959070399084065,0.02295913344854542,0.4274246280521562,1.08
2019-11-08,1729,1729,1950,1919,0.900990099009901,0.8957403164606593,0.022932652506660534,0.22892173278764621,0.58
2019-11-07,1689,1711,1934,1944,0.8801440329218106,0.8956389113297801,0.02292602851041444,-0.6758640468815057,-1.76
2019-11-06,1683,1697,1925,1937,0.876097057305111,0.8957462559335043,0.022872011105882755,-0.8590936117261451,-2.24
2019-11-05,1649,1671,1922,1925,0.8680519480519481,0.8960566285027695,0.022760936959024754,-1.2303834636173656,-3.23
2019-11-01,1565,1609,1863,1879,0.856306546035125,0.8963962596478803,0.022529393626165736,-1.7794404180587842,-4.68
2019-10-31,1545,1605,1900,1899,0.8451816745655608,0.8969043048725879,0.022044022735580097,-2.3463335584182774,-6.12
2019-10-30,1560,1567,1798,1860,0.8424731182795699,0.8974057894444651,0.021276107669084783,-2.5818947722620824,-6.52
2019-10-29,1565,1579,1776,1799,0.877709838799333,0.8978548092203575,0.020451426217547076,-0.9850154315272374,-2.3
2019-10-28,1546,1547,1777,1772,0.8730248306997742,0.8977945234469943,0.020517277799088428,-1.207260192593414,-2.84
2019-10-25,1530,1537,1750,1770,0.868361581920904,0.8977591306426022,0.02056221588764393,-1.4296877769561558,-3.39
2019-10-24,1532,1548,1776,1751,0.8840662478583666,0.8977713376627732,0.020545024607161996,-0.6670758524975896,-1.55
2019-10-23,1543,1535,1760,1761,0.871663827370812,0.8976789792153707,0.020621853065820116,-1.2615331784939183,-2.98
2019-10-21,1537,1523,1737,1750,0.8702857142857143,0.8976283664219981,0.020690185725051508,-1.3215276314884632,-3.14
2019-10-18,1526,1530,1738,1718,0.8905704307334109,0.8976201524937842,0.020701158401848264,-0.34054721110408526,-0.79
2019-10-17,1546,1530,1739,1734,0.8823529411764706,0.8973981256546689,0.020864235234867662,-0.7210992547215588,-1.71
2019-10-16,1555,1546,1768,1755,0.8809116809116809,0.8973873682344939,0.02087219610181335,-0.7893605082304507,-1.87
2019-10-15,1529,1536,1751,1748,0.8787185354691075,0.8971604676874927,0.021140838690862675,-0.8723368305324622,-2.1
2019-10-11,1477,1493,1724,1717,0.8695398951659872,0.8969942205479046,0.021333356926602418,-1.2869200790280784,-3.16
2019-10-10,1471,1462,1683,1704,0.857981220657277,0.8970389845625137,0.021279155729754397,-1.8354940581887242,-4.55
2019-10-09,1452,1461,1677,1694,0.8624557260920898,0.8971843457860378,0.02104782913710837,-1.649985823607801,-4.03
2019-10-08,1480,1470,1690,1698,0.8657243816254417,0.8974369128006068,0.02074099734726551,-1.5289781221319145,-3.66
2019-10-07,1475,1469,1685,1676,0.8764916467780429,0.8975677760466277,0.020570761420492023,-1.024567289356113,-2.4
2019-10-04,1477,1484,1677,1677,0.8849135360763267,0.8976813054661225,0.02047741401469933,-0.6235049689687687,-1.44
2019-10-03,1491,1487,1688,1685,0.8824925816023739,0.8974646972177502,0.02069607955428153,-0.7234276219371698,-1.7
2019-10-02,1528,1529,1693,1726,0.8858632676709154,0.8972663913234207,0.020908751596474817,-0.5453756337335719,-1.29
2019-10-01,1534,1551,1693,1699,0.912889935256033,0.8970436661345376,0.02111696713034999,0.7504045928413969,1.74
2019-09-30,1517,1511,1685,1673,0.9031679617453676,0.8966306567636906,0.0211059153863117,0.3097380455678708,0.72
2019-09-27,1500,1512,1737,1725,0.8765217391304347,0.896343452210045,0.02116148800279664,-0.936688056954721,-2.26
2019-09-26,1540,1528,1776,1748,0.8741418764302059,0.8963211072789347,0.021183280010872656,-1.0470158935417417,-2.54
2019-09-25,1510,1521,1750,1765,0.861756373937677,0.8962419805317787,0.0212768562038321,-1.6208036687248293,-4.0
2019-09-24,1536,1523,1748,1751,0.8697886921758995,0.8962991437287051,0.021189709756788615,-1.2511002678699923,-3.05
2019-09-20,1541,1534,1751,1744,0.8795871559633027,0.8963201842131542,0.021164143593271675,-0.7906310111773707,-1.9
2019-09-19,1529,1524,1737,1741,0.8753589890867317,0.8961865583655274,0.021300568968281294,-0.977794034976721,-2.38
2019-09-18,1544,1526,1735,1731,0.8815713460427499,0.8957978055996453,0.021933793868379747,-0.6486091572787402,-1.61
2019-09-17,1554,1552,1759,1744,0.8899082568807339,0.8951643725824859,0.022995780015399904,-0.22856870687717742,-0.59
2019-09-13,1582,1564,1727,1733,0.9024812463935372,0.8947771900269746,0.023323151923597792,0.33031797725279993,0.85
2019-09-12,1583,1572,1706,1705,0.9219941348973607,0.8943626763778632,0.023458417219592666,1.177891000097804,3.0
2019-09-11,1522,1565,1661,1670,0.937125748502994,0.893798744554169,0.023295197668003875,1.8599114103390935,4.62
2019-09-10,1470,1497,1622,1647,0.9089253187613844,0.8928881609742956,0.022915465070749604,0.6998399437923433,1.76
2019-09-09,1445,1443,1582,1592,0.9064070351758794,0.8923731667492063,0.022983182154634702,0.6106146804324515,1.55
2019-09-06,1449,1462,1594,1586,0.9218158890290038,0.8919817286845664,0.02299083381449352,1.2976545602982803,3.24
2019-09-05,1416,1435,1552,1575,0.9111111111111111,0.8913234611032922,0.02283344296816159,0.8666082480601077,2.17
2019-09-04,1401,1398,1546,1526,0.9161205766710354,0.8906849380817905,0.022940510884951016,1.108765132424784,2.78
2019-09-03,1400,1412,1544,1556,0.9074550128534704,0.8899592734676078,0.022985194141541123,0.7611743141313102,1.93
2019-09-02,1416,1408,1537,1534,0.9178617992177314,0.8894255601588557,0.023037417913265495,1.2343500979986757,3.1
2019-08-30,1425,1432,1526,1531,0.9353363814500326,0.8887997872348266,0.022893474110826005,2.0327449643477027,4.98
2019-08-29,1407,1395,1512,1512,0.9226190476190477,0.8880671499529145,0.02226302575346017,1.551985702606622,3.74
2019-08-28,1407,1402,1524,1512,0.9272486772486772,0.8873243742101388,0.02202590888687302,1.8126063829462444,4.31
2019-08-27,1398,1398,1528,1527,0.9155206286836935,0.8864839942933062,0.021686381424758885,1.338934044443066,3.17
2019-08-26,1361,1384,1491,1514,0.9141347424042272,0.8859134162138872,0.021476852577656833,1.3140345443214387,3.09
2019-08-23,1405,1405,1538,1556,0.9029562982005142,0.8853195042638821,0.021303411811869254,0.8278858847767145,1.95
2019-08-22,1389,1402,1554,1548,0.9056847545219638,0.8848216809045127,0.02132169360069479,0.978490452408117,2.3
2019-08-21,1382,1387,1534,1536,0.9029947916666666,0.8843700097211344,0.02123357311397898,0.8771383810702442,2.06
2019-08-20,1395,1399,1553,1556,0.8991002570694088,0.884637771473271,0.021590372067605414,0.6698580992885016,1.61
2019-08-19,1386,1391,1536,1552,0.8962628865979382,0.8854970292159912,0.023358812849457088,0.4608906048150149,1.2
2019-08-16,1373,1378,1502,1515,0.9095709570957096,0.8866609919373913,0.025902743736771112,0.8844609432550425,2.52
2019-08-15,1348,1373,1489,1519,0.9038841342988808,0.8879941965739404,0.029386555382574654,0.5407213441001888,1.76
2019-08-14,1401,1389,1543,1529,0.908436886854153,0.8895686991964343,0.033121857799665144,0.5696597024189098,2.08
2019-08-13,1391,1377,1546,1550,0.8883870967741936,0.8911567882223774,0.03665537024009318,-0.07556031844835627,-0.31
2019-08-09,1415,1412,1564,1566,0.9016602809706258,0.8928385206599536,0.03928853500597125,0.2245377769705945,0.98
2019-08-08,1391,1406,1536,1558,0.9024390243902439,0.8940981515361464,0.04102714811109737,0.2033013075028108,0.92
2019-08-07,1390,1407,1529,1537,0.9154196486662329,0.8949929467809993,0.04192138308907645,0.4872621173263792,2.23
2019-08-06,1369,1406,1510,1547,0.9088558500323206,0.8955107099153957,0.04240745886722314,0.31468851172403994,1.47
2019-08-05,1424,1418,1584,1574,0.9008894536213469,0.8962364675314031,0.0430899155998312,0.10798317947882051,0.52
2019-08-02,1446,1437,1585,1602,0.897003745318352,0.897105716829581,0.04382629367768987,-0.0023267199361837886,-0.01
2019-08-01,1499,1473,1594,1625,0.9064615384615384,0.8979622607784657,0.04443940513837679,0.19125543324910332,0.94
2019-07-31,1465,1531,1571,1621,0.9444787168414559,0.8987241967385766,0.04506409850199086,1.0153208790109918,4.84
2019-07-30,1461,1488,1552,1590,0.9358490566037736,0.8989110213945269,0.04528191663570768,0.8157347999735209,3.95
2019-07-29,1450,1445,1565,1566,0.9227330779054917,0.8991642167688423,0.04554010362226085,0.5175407884914993,2.55
2019-07-26,1457,1455,1583,1580,0.9208860759493671,0.8994673005681153,0.045771009845711065,0.46795505394030185,2.33
2019-07-25,1471,1478,1590,1598,0.9249061326658323,0.8997773951158331,0.04599331225010884,0.5463563357505256,2.72
2019-07-24,1472,1463,1580,1569,0.9324410452517528,0.9001695841229596,0.04633009070870879,0.6965551035005215,3.46
2019-07-23,1443,1457,1567,1585,0.9192429022082019,0.9001530715224919,0.046318805153749656,0.41213996393783564,2.08
2019-07-22,1439,1437,1591,1573,0.9135410044500953,0.900450368707964,0.04651153569125896,0.2814492264677358,1.43
2019-07-19,1390,1422,1560,1592,0.8932160804020101,0.9008175211963286,0.04672163033983258,-0.1626963943473084,-0.85
2019-07-18,1411,1391,1590,1557,0.8933847141939627,0.901422593340676,0.04691272973979338,-0.17133684591146708,-0.9
2019-07-17,1438,1422,1587,1601,0.8881948782011243,0.902022064503145,0.04709310265898725,-0.29361383135332564,-1.56
2019-07-16,1432,1439,1620,1600,0.899375,0.9029084557399724,0.04744880126982479,-0.07446880944112357,-0.39
2019-07-12,1441,1435,1610,1606,0.8935242839352429,0.9037554749352472,0.0479426074023792,-0.21340497637382622,-1.15
2019-07-11,1410,1440,1610,1610,0.8944099378881988,0.9047650094641345,0.048510349006964826,-0.213461081767295,-1.16
2019-07-10,1410,1416,1610,1604,0.8827930174563591,0.9056677701808712,0.04893736760969651,-0.4674291618411384,-2.59
2019-07-09,1440,1429,1662,1631,0.8761496014714899,0.9066376079544195,0.04919450846160618,-0.6197441022654783,-3.48
2019-07-08,1460,1446,1679,1656,0.8731884057971014,0.9079382657583399,0.04965860780526966,-0.6997751547426768,-3.98
2019-07-05,1444,1457,1670,1674,0.8703703703703703,0.9092626633837936,0.05003728825911015,-0.7772662021975625,-4.47
2019-07-04,1442,1443,1655,1660,0.869277108433735,0.9108864246637582,0.05072016432086864,-0.8203702962551971,-4.79
2019-07-03,1427,1435,1673,1636,0.8771393643031785,0.9122925852754528,0.05100819142928621,-0.6891681509823365,-4.01
2019-07-02,1443,1445,1670,1665,0.8678678678678678,0.9135133617037116,0.051247331465186355,-0.8906901594837554,-5.26
2019-07-01,1424,1448,1650,1665,0.8696696696696696,0.914860342168339,0.05135741598685519,-0.8799249656609635,-5.2
2019-06-28,1419,1414,1609,1618,0.8739184177997528,0.9165905723985691,0.05198785621233304,-0.8208100450330411,-4.88
2019-06-27,1387,1414,1583,1604,0.8815461346633416,0.918406189309221,0.05283675818262559,-0.6976214270844523,-4.18
2019-06-26,1379,1371,1580,1587,0.8638941398865785,0.9204327979817788,0.054279367747620766,-1.0416233725876178,-6.54
2019-06-25,1400,1386,1609,1600,0.86625,0.9227272130100101,0.055464985831364014,-1.0182498411109984,-6.52
2019-06-24,1378,1401,1596,1605,0.8728971962616823,0.9251121073560982,0.05681436119856335,-0.9190442344661307,-5.98
2019-06-21,1410,1385,1601,1594,0.8688833124215809,0.9274631746953911,0.0582356110907434,-1.0059113517763274,-6.74
2019-06-20,1419,1412,1624,1602,0.8813982521847691,0.929981801467985,0.0597136697988774,-0.8136084994750953,-5.51
2019-06-19,1409,1421,1597,1623,0.8755391250770179,0.9323072735193407,0.06115506265374028,-0.9282657228845278,-6.48
2019-06-18,1387,1393,1594,1574,0.8850063532401525,0.9346613535881516,0.06231174395254643,-0.7968802860952486,-5.61
2019-06-17,1396,1389,1606,1599,0.8686679174484052,0.9368834655870468,0.06346236159084964,-1.0748977256540877,-7.85
2019-06-14,1396,1396,1610,1609,0.867619639527657,0.9391123757207269,0.06396103246558654,-1.1177545676976954,-8.24
2019-06-13,1410,1395,1595,1605,0.8691588785046729,0.9415864237517246,0.06473181874829569,-1.1188863011663592,-8.33
2019-06-12,1427,1419,1601,1609,0.8819142324425109,0.9439691486765056,0.06530838001995816,-0.9501830579020766,-7.04
2019-06-11,1420,1430,1618,1622,0.8816276202219482,0.9461230042698583,0.06588750104412273,-0.9788713037503066,-7.32
2019-06-10,1420,1419,1615,1622,0.874845869297164,0.9478614857332605,0.06588297391322412,-1.1082623035849426,-8.35
2019-06-07,1381,1390,1612,1601,0.868207370393504,0.9497507817296255,0.0657936816177667,-1.2393805807957965,-9.39
2019-06-06,1397,1390,1612,1605,0.8660436137071651,0.9520447237107311,0.06590976709005494,-1.304831040990625,-9.93
2019-06-05,1430,1409,1622,1617,0.8713667285095856,0.9544277080861086,0.06598815250120073,-1.2587256413188948,-9.53
2019-06-04,1354,1380,1589,1587,0.8695652173913043,0.9566519092817383,0.06596234426771524,-1.3202485881487667,-10.01
2019-06-03,1312,1337,1574,1580,0.8462025316455696,0.9589817071707442,0.06593110788168595,-1.7105609043845884,-13.33
2019-05-31,1373,1332,1596,1597,0.8340638697557922,0.961386050193632,0.06505670892698952,-1.957095317882254,-15.27
2019-05-30,1385,1386,1574,1610,0.8608695652173913,0.9640476221354091,0.06386575385341865,-1.6155459020311047,-11.99
2019-05-29,1390,1389,1567,1594,0.8713927227101631,0.9663317954378744,0.0631947190613435,-1.5023260509403225,-10.9
2019-05-28,1392,1404,1596,1596,0.8796992481203008,0.9681646228894996,0.06240307378949886,-1.4176445068653925,-10.06
2019-05-27,1388,1391,1600,1601,0.8688319800124922,0.9703517692423793,0.06213821089564929,-1.6337739334074586,-11.68
2019-05-24,1372,1389,1578,1596,0.8703007518796992,0.9725968746549379,0.06146794995725428,-1.6642188790479744,-11.75
2019-05-23,1396,1391,1600,1586,0.8770491803278688,0.975077257926867,0.06104188705730646,-1.6059149270232884,-11.18
2019-05-22,1414,1409,1634,1615,0.8724458204334365,0.9776865980790099,0.060978482466140356,-1.7258674435529064,-12.06
2019-05-21,1417,1420,1641,1645,0.8632218844984803,0.9804395194045913,0.06082557663277062,-1.9271109522529115,-13.58
2019-05-20,1458,1433,1674,1663,0.8616957306073362,0.9835119181622942,0.06064655856951003,-2.0086248985643342,-14.14
2019-05-17,1448,1446,1669,1667,0.8674265146970606,0.9868403001035246,0.060719723470768,-1.9666391508510885,-13.77
2019-05-16,1450,1444,1649,1658,0.8709288299155609,0.9899311661275385,0.06046202361602644,-1.9682162305337418,-13.66
2019-05-15,1434,1450,1639,1647,0.8803885853066181,0.9930534156703469,0.060282095546214436,-1.8689600841323744,-12.8
2019-05-14,1364,1420,1607,1638,0.8669108669108669,0.9960454656298369,0.06018478462400337,-2.145635305097818,-14.9
2019-05-13,1432,1413,1639,1635,0.8642201834862385,0.999335921943549,0.059779514823823966,-2.260234778678109,-15.63
2019-05-10,1447,1440,1656,1650,0.8727272727272727,1.0026191877141202,0.059025895666073705,-2.2005920201818374,-14.88
2019-05-09,1493,1447,1699,1664,0.8695913461538461,1.0056784392331417,0.05815393152753313,-2.3401185354917025,-15.65
2019-05-08,1523,1488,1735,1719,0.8656195462478184,1.00851852435294,0.056619537918430184,-2.52384571401821,-16.51
2019-05-07,1593,1537,1811,1763,0.8718094157685763,1.011412261633253,0.05475767358724011,-2.549466343603167,-16.01
2019-04-26,1695,1644,1750,1781,0.9230769230769231,1.013743146314621,0.052437107837140305,-1.7290469855677368,-9.82
2019-04-25,1740,1718,1786,1783,0.9635445877734156,1.0151859652543724,0.05140105203819006,-1.0046754965752114,-5.36
2019-04-24,1786,1735,1780,1764,0.9835600907029478,1.0160378910759302,0.051066490456671984,-0.6359904524971934,-3.3
2019-04-23,1807,1795,1775,1778,1.0095613048368954,1.016491595729204,0.05092689402235819,-0.13608312514142318,-0.69
2019-04-22,1821,1814,1770,1775,1.0219718309859156,1.0164458611026848,0.050934636798983995,0.1084913966313208,0.54
2019-04-19,1832,1828,1793,1779,1.0275435637998875,1.0162747802605323,0.05093733729906349,0.22122835893823634,1.1
2019-04-18,1819,1817,1815,1791,1.0145170295924064,1.0159759965857338,0.05093608326761987,-0.02864309345620294,-0.14
2019-04-17,1795,1803,1833,1810,0.9961325966850829,1.0156788763206182,0.05100866896331783,-0.3831952496073103,-1.96
2019-04-16,1779,1783,1859,1839,0.9695486677542142,1.0155998027922513,0.051043493122018425,-0.9021940353484967,-4.75
2019-04-15,1772,1773,1863,1858,0.9542518837459634,1.0155965328735135,0.051046450888103195,-1.2017417089783806,-6.43
2019-04-12,1770,1758,1842,1825,0.9632876712328767,1.0156807934711862,0.050950246941974545,-1.0283192993741168,-5.44
2019-04-11,1758,1766,1826,1828,0.9660831509846827,1.0158824654393452,0.050772087926452596,-0.9808403886560827,-5.15
2019-04-10,1756,1761,1817,1832,0.9612445414847162,1.0158625789183158,0.050791877772877365,-1.0753301478207091,-5.68
2019-04-09,1776,1774,1852,1841,0.9636067354698533,1.0160743822111935,0.050596422544658924,-1.0369833300967006,-5.44
2019-04-08,1791,1778,1865,1855,0.9584905660377359,1.0162315123900145,0.05045132827763037,-1.1444881299166993,-6.02
2019-04-05,1747,1776,1859,1860,0.9548387096774194,1.0162456456668147,0.05043529685533921,-1.2175389026761465,-6.43
2019-04-04,1741,1751,1850,1852,0.9454643628509719,1.0160422249640952,0.050712564239226064,-1.3917233958075326,-7.46
2019-04-03,1726,1741,1829,1844,0.9441431670281996,1.0162339218455394,0.050472015899583195,-1.428331195662331,-7.64
2019-04-02,1740,1734,1853,1817,0.9543203082003302,1.0166120503629787,0.050034846412168876,-1.244967190455864,-6.53
2019-04-01,1698,1719,1819,1846,0.9312026002166848,1.017001789796844,0.04966055903819796,-1.7277129223246177,-9.21
2019-03-29,1695,1675,1809,1779,0.941540191118606,1.0177314007729341,0.04878897051719401,-1.561648234153191,-8.09
2019-03-28,1685,1677,1803,1782,0.9410774410774411,1.0183772346018203,0.048091739639631155,-1.6073403479186779,-8.21
2019-03-27,1698,1712,1824,1824,0.9385964912280702,1.0185613649613894,0.04782110244675336,-1.672167090299862,-8.52
2019-03-26,1692,1735,1798,1849,0.9383450513791238,1.0187068970870345,0.04759359424849279,-1.6885012989002326,-8.56
2019-03-25,1699,1685,1782,1765,0.9546742209631728,1.01879021463759,0.04745811630752125,-1.351001654995228,-6.72
2019-03-22,1713,1739,1803,1806,0.9629014396456257,1.0188485813465868,0.04738185747888913,-1.1807713896798635,-5.81
2019-03-20,1711,1733,1751,1788,0.9692393736017897,1.0187792374947684,0.04746741443265522,-1.043660466555721,-5.11
2019-03-19,1727,1727,1806,1795,0.962116991643454,1.0187842226423245,0.04746223071963764,-1.1939436924827105,-5.89
2019-03-18,1700,1719,1804,1799,0.9555308504724848,1.018951031939257,0.04728442849643237,-1.3412487680073637,-6.64
2019-03-15,1732,1740,1797,1787,0.9736989367655288,1.01908266892472,0.04712114800301787,-0.9631287454262518,-4.66
2019-03-14,1771,1734,1792,1783,0.9725182277061133,1.0191330816713315,0.047074566581909276,-0.9902343738865629,-4.79
2019-03-13,1764,1770,1820,1784,0.992152466367713,1.0192355495323429,0.04698125951002418,-0.5764656683767966,-2.73
2019-03-12,1760,1775,1800,1821,0.9747391543108183,1.0194997770754415,0.04688382397475006,-0.9547135657861373,-4.59
2019-03-11,1711,1733,1770,1789,0.9686975964225825,1.020258483241277,0.04661297698011494,-1.1061487628368056,-5.32
2019-03-08,1750,1713,1770,1768,0.9688914027149321,1.0212660125567354,0.04630323905234481,-1.1311219455424046,-5.41
2019-03-07,1775,1775,1772,1776,0.9994369369369369,1.0221393091377124,0.04592329129414071,-0.4943542059162493,-2.27
2019-03-06,1806,1802,1770,1784,1.0100896860986548,1.022609532430947,0.045868948656063106,-0.272948186063063,-1.24
2019-03-05,1825,1818,1771,1759,1.0335417851051734,1.0232173456253073,0.046000862212483985,0.2244401296692249,1.0
2019-03-04,1851,1843,1770,1779,1.0359752670039348,1.023391284698589,0.04606419245414317,0.27318360824132704,1.21
2019-03-01,1842,1830,1745,1751,1.0451170759565962,1.0235949942304585,0.046153088750061,0.4663194232284016,2.06
2019-02-28,1850,1833,1748,1747,1.0492272467086434,1.0237066792147926,0.046215127713072006,0.5522124195414105,2.43
2019-02-27,1870,1849,1760,1748,1.0577803203661327,1.0234752243502527,0.0461301267153108,0.743659262581083,3.24
2019-02-26,1840,1854,1762,1756,1.0558086560364466,1.0231555652622737,0.04597410338839397,0.7102496485535825,3.09
2019-02-25,1855,1858,1755,1766,1.0520951302378256,1.0228900068151396,0.04584205655924454,0.6370814403787143,2.78
2019-02-22,1812,1832,1744,1742,1.0516647531572905,1.0230527090831474,0.045966907219114846,0.6224487529203416,2.72
2019-02-21,1836,1821,1750,1758,1.0358361774744027,1.0242489821320633,0.04782584358953782,0.24227895365078714,1.12
2019-02-20,1845,1842,1751,1749,1.053173241852487,1.0262444125679575,0.05126600387946113,0.5252765428693408,2.56
2019-02-19,1826,1839,1748,1755,1.047863247863248,1.0282614332037505,0.055117099965838134,0.3556394416913572,1.87
2019-02-18,1809,1825,1780,1749,1.043453401943968,1.0300977310400485,0.057960430375934076,0.2304273936079154,1.28
2019-02-15,1777,1769,1752,1748,1.0120137299771168,1.0318762632537604,0.060340645978028615,-0.329173361582439,-1.96
2019-02-14,1797,1782,1740,1753,1.0165430690245294,1.0339293366715487,0.06222019971712318,-0.2794312413985162,-1.71
2019-02-13,1800,1809,1741,1739,1.0402530189764232,1.0350641951987354,0.06266734581523506,0.08279948209369284,0.5
2019-02-12,1730,1797,1675,1720,1.044767441860465,1.0358563919335346,0.06310196486136477,0.14121667917168804,0.85
2019-02-08,1734,1713,1668,1650,1.038181818181818,1.0367302983258755,0.06367061749867542,0.022797326505790583,0.14
2019-02-07,1782,1768,1725,1693,1.0443000590667455,1.0374961939105718,0.06402795534305929,0.10626397672264967,0.65
2019-02-06,1791,1780,1750,1734,1.0265282583621684,1.038134170585756,0.06433023809665343,-0.1804114607216323,-1.13
2019-02-05,1766,1780,1710,1722,1.0336817653890824,1.0387307687803904,0.06442724716333138,-0.07836751706165727,-0.49
2019-02-04,1730,1764,1692,1709,1.032182562902282,1.039244680876495,0.06453855054740172,-0.10942479981830461,-0.68
2019-02-01,1779,1709,1700,1694,1.0088547815820543,1.0393992649885713,0.06453533486871328,-0.4732985963217633,-3.03
2019-01-31,1768,1766,1680,1692,1.0437352245862883,1.0397332930020253,0.06444114019170964,0.062102122531622034,0.38
2019-01-30,1760,1728,1649,1666,1.0372148859543817,1.0396110785178954,0.06444212638739577,-0.037183635889183116,-0.23
2019-01-29,1740,1744,1644,1651,1.056329497274379,1.03949174813467,0.06445473815996429,0.2612336908098375,1.59
2019-01-28,1764,1740,1627,1622,1.0727496917385944,1.0391277225203102,0.06443570913138819,0.5217909397059173,3.13
2019-01-25,1722,1750,1605,1622,1.0789149198520345,1.0383446124045883,0.06437920899173746,0.630177165622725,3.76
2019-01-24,1720,1740,1603,1591,1.0936517913262098,1.0377336604756258,0.06420849587412707,0.8708836749610945,5.11
2019-01-23,1719,1737,1558,1563,1.111324376199616,1.0369864164048412,0.06387864755034162,1.1637372212082364,6.69
2019-01-22,1764,1739,1600,1582,1.0992414664981036,1.0356611244677267,0.0633515281627888,1.003611812914759,5.78
2019-01-21,1744,1756,1592,1589,1.10509754562618,1.0343764405598908,0.0630252757155751,1.1221070318747106,6.4
2019-01-18,1734,1729,1541,1565,1.1047923322683706,1.0327148224912244,0.06278116411670505,1.1480753947658573,6.52
2019-01-17,1725,1724,1560,1548,1.1136950904392764,1.0312226697047067,0.062378968644610726,1.3221190174598212,7.41
2019-01-16,1727,1719,1553,1548,1.1104651162790697,1.0298701338583267,0.06167182546647877,1.3068363358978208,7.26
2019-01-15,1717,1726,1553,1566,1.1021711366538953,1.0285818100472701,0.060980101479721854,1.2067760600742259,6.68
2019-01-11,1717,1717,1582,1586,1.0825977301387137,1.0273850363351154,0.06040216068040081,0.9140847476589312,5.1
2019-01-10,1701,1716,1595,1585,1.0826498422712934,1.0264186860331308,0.06009005777376784,0.9357813641961602,5.19
2019-01-09,1687,1706,1635,1630,1.0466257668711656,1.0256978421859422,0.05973440256933847,0.35034961069428483,2.0
2019-01-08,1688,1681,1643,1630,1.0312883435582823,1.0253405454300895,0.05968828028207249,0.09964767120253637,0.58
2019-01-07,1665,1685,1632,1640,1.0274390243902438,1.0252933348718005,0.059684957394765994,0.0359502563476984,0.21
2019-01-04,1586,1620,1564,1592,1.0175879396984924,1.0250633896538934,0.05970946401172021,-0.12519707016518725,-0.73
2018-12-28,1647,1641,1636,1631,1.006131207847946,1.0249078642256393,0.059743914011654894,-0.3142856755925005,-1.87
2018-12-27,1626,1656,1610,1641,1.0091407678244972,1.0249348104398406,0.059735894344259736,-0.26439785975785013,-1.57
2018-12-26,1547,1566,1552,1558,1.0051347881899872,1.0249637143648087,0.05972876924725795,-0.3319828354864649,-1.97
2018-12-25,1567,1533,1603,1545,0.9922330097087378,1.0250810311582168,0.05969834020089858,-0.5502334125025562,-3.31
2018-12-21,1635,1617,1657,1633,0.9902020820575628,1.025234501902207,0.0596284524710025,-0.5875118067449547,-3.54
2018-12-20,1672,1642,1733,1694,0.9693034238488784,1.0254141861750707,0.05954285843591491,-0.9423592316546838,-5.79
2018-12-19,1687,1681,1730,1750,0.9605714285714285,1.0258924869695771,0.05923348249444173,-1.1027725476765295,-6.8
2018-12-18,1677,1677,1722,1714,0.9784130688448075,1.0268136226912956,0.05874567782566184,-0.8238998278328713,-4.95
2018-12-17,1707,1689,1759,1751,0.9645916619074815,1.0274658974687405,0.05847561849806396,-1.0752213858728268,-6.52
2018-12-14,1744,1709,1770,1749,0.9771297884505432,1.028276523323791,0.05801800973228041,-0.8815665189009473,-5.23
2018-12-13,1724,1744,1808,1788,0.9753914988814317,1.028838136550278,0.057723308849184404,-0.9259108449324684,-5.48
2018-12-12,1674,1708,1782,1780,0.9595505617977528,1.029543138787414,0.05738815617942087,-1.2196345317461226,-7.29
2018-12-11,1691,1664,1768,1771,0.9395821569734614,1.030557114036799,0.056811458157032514,-1.6013487422180552,-9.68
2018-12-10,1702,1697,1751,1768,0.959841628959276,1.0318960186104862,0.05582638667845747,-1.2906869661155198,-7.51
2018-12-07,1734,1733,1780,1782,0.9725028058361391,1.0329776132026987,0.05520223583306797,-1.0955137315350025,-6.22
2018-12-06,1736,1734,1780,1763,0.9835507657402155,1.0340877905542283,0.054810727559972815,-0.922027987289827,-5.14
2018-12-05,1751,1751,1761,1776,0.9859234234234234,1.0349960264871647,0.05452943074730267,-0.8999287612436462,-4.98
2018-12-04,1789,1778,1868,1796,0.9899777282850779,1.0359997433187502,0.05430929879558287,-0.8474058044258052,-4.65
2018-12-03,1759,1778,1876,1862,0.9548872180451128,1.0370212920944544,0.05415437240081613,-1.516665606267903,-8.6
2018-11-30,1752,1749,1851,1842,0.9495114006514658,1.0384718694282367,0.05338652749830123,-1.6663467909502379,-9.37
2018-11-29,1781,1756,1872,1859,0.9445938676707908,1.0400251387616848,0.05246234800589522,-1.819043079813552,-10.1
2018-11-28,1779,1780,1845,1856,0.959051724137931,1.0417422839076131,0.05140773037108693,-1.608523838200596,-8.62
2018-11-27,1767,1766,1819,1844,0.9577006507592191,1.0430974077968558,0.05054239341259376,-1.689606511913981,-8.92
2018-11-26,1727,1755,1807,1810,0.9696132596685083,1.0444705459978147,0.0495937300837681,-1.5094102863984218,-7.72
2018-11-22,1760,1767,1831,1813,0.9746276889134032,1.0456257025355682,0.04883993147614924,-1.4536878221632337,-7.28
2018-11-21,1790,1758,1827,1821,0.9654036243822076,1.0468048408575636,0.04817461074879094,-1.689711970893278,-8.43
2018-11-20,1825,1823,1860,1865,0.9774798927613941,1.0480496165968256,0.0472525251537496,-1.4934593147310689,-7.22
2018-11-19,1830,1832,1879,1869,0.980203317281969,1.049094103090141,0.046541522721207554,-1.4802005130094436,-7.03
2018-11-16,1885,1860,1844,1838,1.0119695321001088,1.0500629934015075,0.04584850588196722,-0.8308550206514236,-3.76
2018-11-15,1911,1891,1818,1833,1.0316421167484997,1.0503505134206197,0.045676007274156556,-0.4095891429351177,-1.81
2018-11-14,1890,1911,1838,1830,1.044262295081967,1.051999949120489,0.047179532291708744,-0.1640044668243075,-0.74
2018-11-13,1905,1895,1842,1832,1.0343886462882097,1.0526117556294123,0.04737234537341364,-0.3846782167435145,-1.76
2018-11-12,1949,1938,1834,1873,1.0347036839295247,1.053495925716311,0.04764204496858157,-0.39444658177832587,-1.82
2018-11-09,1944,1953,1846,1850,1.0556756756756758,1.0544310046718903,0.04795126239711268,0.025957001788140477,0.12
2018-11-08,1919,1932,1823,1846,1.0465872156013,1.0550329134383847,0.04824553544453025,-0.17505656760292237,-0.81
2018-11-07,1935,1887,1823,1795,1.0512534818941504,1.0556711619257813,0.048445799676891714,-0.09118809186956409,-0.42
2018-11-06,1885,1930,1829,1832,1.0534934497816595,1.0562737381739609,0.048667656510208844,-0.05712805159866628,-0.26
2018-11-05,1886,1878,1806,1820,1.031868131868132,1.0567623514066198,0.048821007698951424,-0.5099079415155636,-2.41
2018-11-02,1875,1896,1824,1834,1.0338058887677208,1.0574837476574277,0.0488475601049599,-0.48472961267317527,-2.29
2018-11-01,1900,1876,1788,1811,1.0358917725013805,1.0579532478726312,0.04878690871507182,-0.4522007225359455,-2.13
2018-10-31,1985,1887,1751,1773,1.0642978003384094,1.0582760725985194,0.04871991843141406,0.12359888796544488,0.57
2018-10-30,2001,1994,1685,1747,1.1413852318259874,1.0583048445433743,0.048724103117826205,1.7051188624592113,7.28
2018-10-29,2005,1994,1660,1682,1.1854934601664684,1.0572706223243724,0.04776340245341775,2.6845415371559422,10.82
2018-10-26,1990,2003,1691,1663,1.2044497895369815,1.0559340568024875,0.045505827239472926,3.2636640567577144,12.33
2018-10-25,1990,1974,1671,1665,1.1855855855855857,1.0538659773689412,0.04210688941387215,3.1282198720964978,11.11
2018-10-24,2037,2043,1755,1736,1.1768433179723503,1.0522141066140662,0.039239580733218336,3.1761096583985418,10.59
2018-10-23,1974,2023,1777,1735,1.1659942363112392,1.0505632664148388,0.03646819300147371,3.1652506032239045,9.9
2018-10-22,1957,1994,1780,1810,1.101657458563536,1.0491725207531997,0.03394094427451223,1.5463605663366746,4.76
2018-10-19,1975,1986,1793,1806,1.0996677740863787,1.0489148705968527,0.033613309566405576,1.5099049794326227,4.62
2018-10-18,2023,2003,1851,1804,1.110310421286031,1.0486641340582705,0.033302487255321235,1.8511015935577126,5.55
2018-10-17,2034,2028,1835,1851,1.0956239870340356,1.0482597126219144,0.0327306689971826,1.447091546347502,4.32
2018-10-16,1969,2003,1810,1834,1.0921483097055615,1.0484097171771787,0.03297228393618976,1.326526018428957,4.0
2018-10-15,1991,1969,1851,1838,1.0712731229597388,1.048718976566088,0.03348584940113392,0.6735426096996953,2.11
2018-10-12,1983,2019,1879,1883,1.0722251725969199,1.0497366063472993,0.03526808556945451,0.6376463560896487,2.1
2018-10-11,1959,1979,1905,1896,1.0437763713080168,1.050798075681157,0.03708040959138,-0.1893642613584431,-0.67
2018-10-10,2056,2043,1981,1976,1.033906882591093,1.052461167894288,0.03944966532464591,-0.47032807884438865,-1.79
2018-10-09,2090,2065,2011,1996,1.0345691382765532,1.0543499310154179,0.04183510879680094,-0.47282756774800805,-1.91
2018-10-05,2105,2110,2040,2052,1.0282651072124755,1.0560223425050639,0.04348549335181089,-0.6383102306790874,-2.7
2018-10-04,2125,2127,2077,2067,1.0290275761973875,1.0576135208867479,0.04460954501132782,-0.6408033231924125,-2.78
2018-10-03,2104,2098,2084,2069,1.014016433059449,1.0593164191789932,0.04590472116532657,-0.9868262995519702,-4.47
2018-10-02,2169,2154,2094,2085,1.033093525179856,1.0611266598416487,0.046751807927414624,-0.5996160556040087,-2.71
2018-10-01,2193,2152,2068,2074,1.0376084860173578,1.0630473592580587,0.048487498142081975,-0.524648089001373,-2.45
2018-09-28,2109,2121,2095,2096,1.0119274809160306,1.0649242911562058,0.050162097630805404,-1.0565110460538032,-5.24
2018-09-27,2071,2082,2072,2076,1.0028901734104045,1.0670430963072854,0.051223695879124086,-1.2524071486029973,-6.4
2018-09-26,2049,2059,2093,2100,0.9804761904761905,1.0692925723577198,0.05205474654037379,-1.706211014064646,-9.06
2018-09-25,2065,2092,2045,2107,0.9928808732795443,1.0718698297087477,0.05237764976346705,-1.508066069896428,-7.96
2018-09-21,2048,2065,2050,2040,1.0122549019607843,1.0742745193422285,0.052834058434349615,-1.173856773817752,-6.13
2018-09-20,2055,2051,2020,2023,1.013840830449827,1.0764097203948262,0.0535159902048557,-1.1691625195663875,-6.17
2018-09-19,2014,2039,2000,2014,1.0124131082423038,1.0784401597021835,0.053990324506025124,-1.2229422968649015,-6.52
2018-09-18,1943,1996,1868,1976,1.0101214574898785,1.0806028072787708,0.054547868433206824,-1.2921008980432633,-6.98
2018-09-14,1919,1943,1877,1889,1.0285865537321335,1.0827315907759754,0.054870193194426244,-0.9867841516793124,-5.26
2018-09-13,1887,1903,1840,1866,1.019828510182208,1.0844384307605162,0.05514969333587589,-1.1715372592340096,-6.34
2018-09-12,1883,1889,1870,1838,1.027747551686616,1.0861236304566864,0.05508066712710343,-1.0598288258811857,-5.68
2018-09-11,1882,1883,1857,1864,1.0101931330472103,1.0878732083887268,0.05528226289143186,-1.405153683633962,-7.69
2018-09-10,1840,1868,1828,1857,1.0059235325794291,1.0901729143704668,0.05558961994049716,-1.515559593341667,-8.38
2018-09-07,1870,1855,1845,1840,1.0081521739130435,1.0925410974510912,0.055733145127078665,-1.5141604398178181,-8.37
2018-09-06,1879,1878,1856,1857,1.011308562197092,1.0953511414340749,0.05671190337050308,-1.481921329424025,-8.31
2018-09-05,1877,1892,1861,1866,1.0139335476956055,1.0986663006592763,0.05892615455903479,-1.4379481165495334,-8.36
2018-09-04,1919,1877,1894,1870,1.0037433155080213,1.1018265276278978,0.0606282341943877,-1.6177811117737606,-9.77
2018-09-03,1930,1910,1931,1903,1.003678402522333,1.1049676846456875,0.06156087580390975,-1.6453515451273275,-10.09
2018-08-31,1959,1942,1910,1932,1.005175983436853,1.108116355195925,0.06233404857461483,-1.6514308650408094,-10.24
2018-08-30,2013,1979,1945,1922,1.0296566077003122,1.1110560346504017,0.06260828341158348,-1.3001382966367896,-7.91
2018-08-29,1963,1992,1935,1939,1.0273336771531718,1.1141019458155323,0.06411292258269273,-1.3533662975735816,-8.45
2018-08-28,1983,1979,1943,1930,1.0253886010362694,1.1169369177061141,0.06490946381459803,-1.4104001372024226,-8.93
2018-08-27,1940,1959,1899,1922,1.0192507804370448,1.1196692408537499,0.06531012913109466,-1.5375633420527888,-9.85
2018-08-24,1935,1928,1872,1875,1.0282666666666667,1.122380328953235,0.0653056374570078,-1.4411261561993869,-9.15
2018-08-23,1950,1920,1874,1854,1.035598705501618,1.1252142647123622,0.06577013256289752,-1.3625570714038429,-8.65
2018-08-22,1908,1950,1850,1875,1.04,1.1276929269234808,0.06584903679977744,-1.3317267979199527,-8.43
2018-08-21,1920,1906,1827,1831,1.0409612233752048,1.1298363612669151,0.06557550291863364,-1.3553100462223975,-8.54
2018-08-20,1950,1950,1845,1847,1.0557661072008662,1.131964164263078,0.06524543959041508,-1.1678679389786157,-7.22
2018-08-17,1950,1954,1821,1858,1.0516684607104414,1.1340272578381967,0.06524975264934603,-1.2622085721972578,-7.83
2018-08-16,1940,1942,1805,1830,1.0612021857923497,1.1364510773545884,0.06552119640777536,-1.1484663847394114,-7.09
2018-08-15,1978,1954,1850,1832,1.0665938864628821,1.1381573849804498,0.06520492010981327,-1.0975168499101877,-6.71
2018-08-14,1959,1971,1807,1853,1.0636805180787912,1.1413524011035283,0.067452131303097,-1.151511175765782,-7.3
2018-08-13,1992,1938,1838,1818,1.066006600660066,1.1440565921339554,0.06834359395068142,-1.1420235162085923,-7.32
2018-08-10,2002,2004,1883,1867,1.073379753615426,1.146720201747867,0.06913807790037503,-1.0607822832176723,-6.83
2018-08-09,2004,2010,1880,1895,1.0606860158311346,1.149223093109583,0.06983206920921843,-1.267856992941013,-8.35
2018-08-08,2014,2010,1905,1895,1.0606860158311346,1.15156393750126,0.06976748333516838,-1.3025827695911125,-8.57
2018-08-07,1995,2028,1895,1920,1.05625,1.153834369425514,0.06954349131918298,-1.40321355132477,-9.24
2018-08-06,2015,2006,1904,1887,1.063063063063063,1.1563584899410138,0.06939117675197568,-1.3444854410153004,-8.78
2018-08-03,2012,2018,1908,1906,1.0587618048268626,1.1592743193242925,0.07000157734243116,-1.435860709334398,-9.49
2018-08-02,2029,2024,1973,1917,1.0558163797600417,1.162049197088345,0.0700870672539133,-1.5157263884853434,-10.06
2018-08-01,2059,2091,2009,1986,1.052870090634441,1.1651236796194533,0.07041630410469293,-1.5941420160040898,-10.66
2018-07-31,2272,2065,1990,1998,1.0335335335335336,1.168142661610566,0.07039266598186639,-1.9122606907899822,-13.02
2018-07-30,2220,2246,2016,1944,1.1553497942386832,1.1714149952265058,0.06976073289576061,-0.23029002593519043,-1.39
2018-07-27,2197,2213,2004,2030,1.0901477832512316,1.1723519633918433,0.07001014199195947,-1.174175309486627,-7.54
2018-07-26,2193,2197,1983,1996,1.1007014028056112,1.174159154329748,0.06961308910891428,-1.0552290160433377,-6.67
2018-07-25,2154,2171,1959,1965,1.1048346055979643,1.1759739935722273,0.06944842420280115,-1.0243484829335214,-6.44
2018-07-24,2153,2151,1957,1954,1.100818833162743,1.1777914288679388,0.06934643763753082,-1.1099718792697941,-6.99
2018-07-23,2142,2132,1950,1948,1.0944558521560575,1.1794976611103374,0.06900502206563926,-1.2324002863644632,-7.77
2018-07-20,2173,2160,2005,1970,1.0964467005076142,1.1811629809310522,0.06843736492579922,-1.237865901401795,-7.73
2018-07-19,2157,2189,2005,2008,1.0901394422310757,1.1825137610725116,0.06774826711274577,-1.3634934556733054,-8.47
2018-07-18,2130,2160,1980,1989,1.085972850678733,1.1836682236818443,0.06689669881436315,-1.4603915400102756,-9.0
2018-07-17,2046,2091,1930,1956,1.0690184049079754,1.1849059769771424,0.06592945647281825,-1.7577510610442502,-10.84
2018-07-13,2018,2046,1906,1930,1.060103626943005,1.1861718787645164,0.06459004725480635,-1.9518216378473097,-11.89
2018-07-12,2029,2022,1906,1896,1.0664556962025316,1.1872832663835562,0.0631114594702352,-1.9145107908336307,-11.33
2018-07-11,2052,2017,1897,1896,1.0638185654008439,1.1883277761174864,0.06173636864391251,-2.0167887009162424,-11.7
2018-07-10,2071,2075,1916,1912,1.0852510460251046,1.189378465007775,0.06026135090693656,-1.7279303801781272,-9.59
2018-07-09,1986,1999,1868,1905,1.0493438320209973,1.1905603109379856,0.059064926190056585,-2.3908686258675407,-13.46
2018-07-06,1952,1979,1858,1864,1.0616952789699572,1.1924497003101655,0.05673803221588014,-2.3045286597657517,-12.32
2018-07-05,1960,1946,1851,1848,1.053030303030303,1.1938700872447716,0.054745369535322344,-2.572633729754937,-13.37
2018-07-04,1960,1962,1834,1848,1.0616883116883118,1.1951773534552637,0.05249082995631563,-2.543092610233926,-12.57
2018-07-03,2011,1985,1864,1834,1.0823336968375137,1.1966959195281248,0.050204686489973165,-2.277919267824757,-10.57
2018-07-02,2031,2005,1900,1855,1.0808625336927224,1.1981308879953276,0.04842183528010992,-2.421807302929204,-10.85
2018-06-29,2046,2039,1871,1888,1.079978813559322,1.1993972012821574,0.04654395592048136,-2.5657120320167315,-11.06
2018-06-28,2050,2061,1830,1862,1.10687432867884,1.2003804737310548,0.04475537107540035,-2.089272031611199,-8.45
2018-06-27,2089,2050,1811,1838,1.1153427638737758,1.2008673785264838,0.04392641237281797,-1.9469974904126552,-7.67
2018-06-26,2055,2076,1766,1809,1.1475953565505805,1.2013507708031497,0.04317565594711152,-1.2450398974463155,-4.68
2018-06-25,2103,2071,1809,1798,1.1518353726362625,1.2012814535289913,0.043265981850532056,-1.1428396809194517,-4.29
2018-06-22,2110,2115,1795,1810,1.1685082872928176,1.2012341410658613,0.04332193051985679,-0.7554107903396335,-2.8
2018-06-21,2117,2136,1813,1817,1.1755641166758393,1.200560556141816,0.044209184334435,-0.5654128173205573,-2.13
2018-06-20,2102,2117,1835,1825,1.16,1.199953034586138,0.04485683706753062,-0.8906788172779545,-3.44
2018-06-19,2112,2107,1826,1836,1.14760348583878,1.1996823959968554,0.04515729891992606,-1.1532777956986071,-4.54
2018-06-18,2123,2118,1860,1831,1.1567449481157837,1.1995052960210626,0.04538666058332211,-0.9421347011591278,-3.7
2018-06-15,2165,2134,1851,1856,1.1497844827586208,1.1996551525758297,0.04526361606311099,-1.1017827154523911,-4.34
2018-06-14,2130,2153,1864,1829,1.177145981410607,1.1997660630296936,0.04515133293038326,-0.500983695297845,-1.92
2018-06-13,2159,2180,1838,1850,1.1783783783783783,1.1993032264031704,0.045556929032780864,-0.45931208422181974,-1.78
2018-06-12,2160,2152,1860,1838,1.1708378672470077,1.1989640637110666,0.04580545772089456,-0.61403592199514,-2.4
2018-06-11,2142,2137,1832,1824,1.1716008771929824,1.1988893003248302,0.04585585245233225,-0.5950913934096946,-2.33
2018-06-08,2166,2148,1834,1830,1.1737704918032787,1.1988854582521709,0.04585815068983458,-0.5476663596567439,-2.14
2018-06-07,2170,2174,1837,1853,1.1732325957906098,1.1982618516947936,0.04650882927429064,-0.5381613834347706,-2.13
2018-06-06,2148,2149,1833,1833,1.172394980905619,1.197840231519005,0.04687570141756007,-0.5428238904997794,-2.17
2018-06-05,2185,2148,1872,1842,1.1661237785016287,1.197442429553687,0.047215314874090204,-0.6633155181867608,-2.69
2018-06-04,2160,2193,1870,1867,1.1746116764863417,1.1970935575295445,0.0475409825943294,-0.4728947492533402,-1.91
2018-06-01,2085,2129,1808,1820,1.1697802197802198,1.197116715812631,0.047530447390624044,-0.5751365184457243,-2.34
2018-05-31,2070,2068,1782,1788,1.1565995525727069,1.1973236278388386,0.04744469476130631,-0.8583483458164097,-3.52
2018-05-30,2060,2046,1792,1785,1.146218487394958,1.1984083041918183,0.04743118029977769,-1.1003271785986954,-4.55
2018-05-29,2134,2107,1821,1818,1.158965896589659,1.1996028592068066,0.04722949094010755,-0.8604150035976468,-3.51
2018-05-28,2139,2143,1803,1812,1.1826710816777042,1.2003260942968261,0.047016505245401526,-0.37550669763675604,-1.49
2018-05-25,2177,2128,1804,1798,1.1835372636262513,1.200897015822169,0.04705861148335498,-0.3688963964025578,-1.47
2018-05-24,2295,2205,1827,1809,1.2189054726368158,1.200546729298867,0.04728376610643099,0.38826736636470893,1.51
2018-05-23,2298,2312,1841,1835,1.2599455040871934,1.1995162917920499,0.047712605980856505,1.266525083945095,4.8
2018-05-22,2280,2303,1848,1841,1.2509505703422052,1.1976721466093487,0.04801329790431535,1.109659741329036,4.26
2018-05-21,2320,2294,1868,1851,1.2393300918422474,1.1958614544051323,0.04852784752859824,0.8957462498516627,3.51
2018-05-18,2322,2316,1871,1868,1.23982869379015,1.1936653224686238,0.05020884310202193,0.919427106251471,3.72
2018-05-17,2320,2303,1850,1879,1.2256519425226184,1.19143784464666,0.05179222726563444,0.6606029453122284,2.79
2018-05-16,2299,2291,1822,1821,1.258099945085118,1.1893566369416029,0.05348408178842269,1.2853040726296157,5.46
2018-05-15,2285,2284,1855,1842,1.239956568946797,1.1869064135082277,0.054478804102006805,0.9737760641595143,4.28
2018-05-14,2255,2281,1851,1854,1.2303128371089536,1.1847685265638568,0.05549172109782094,0.820740637415285,3.7
2018-05-11,2259,2263,1819,1851,1.2225823878984332,1.182478261155512,0.05708649008154703,0.702515195550351,3.28
2018-05-10,2264,2262,1833,1823,1.2408118486012067,1.1803292094338254,0.05855133635509268,1.0329847776757144,4.87
2018-05-09,2212,2250,1841,1842,1.221498371335505,1.1779487734783887,0.05966261866585264,0.7299310494737224,3.57
2018-05-08,2209,2219,1830,1848,1.2007575757575757,1.175882804183331,0.06079089370603211,0.40918581810184057,2.07
2018-05-07,2254,2197,1850,1830,1.2005464480874317,1.174453668047155,0.061445697284593585,0.4246477978665419,2.17
2018-05-02,2338,2260,1894,1867,1.2104981253347618,1.1725380928310332,0.06282631655204707,0.6042059217697642,3.14
2018-05-01,2283,2367,1916,1919,1.2334549244398123,1.1706353058342494,0.06380133711205757,0.9846128850752709,5.09
2018-04-27,2450,2307,1889,1940,1.1891752577319588,1.1684056144440578,0.06448539869825679,0.3220828855395205,1.75
2018-04-26,2450,2457,1943,1881,1.30622009569378,1.1667780145164035,0.06547357740539729,2.1297458715900497,10.68
2018-04-25,2446,2457,1936,1940,1.2664948453608247,1.1631605971485324,0.06516357378416313,1.5857670506924515,8.16
2018-04-24,2445,2467,1932,1949,1.2657773217034376,1.1601672171036062,0.06550357225465413,1.612280078241499,8.34
2018-04-23,2385,2415,1910,1915,1.2610966057441253,1.1571461675645174,0.06578746116074352,1.5800949959995854,8.24
2018-04-20,2368,2360,1929,1909,1.2362493452069145,1.1542366448872805,0.0659509785756365,1.2435403096494921,6.63
2018-04-19,2388,2377,1933,1931,1.2309684101501812,1.1514201332141694,0.0668922621223858,1.1891999823607498,6.46
2018-04-18,2394,2384,1883,1914,1.2455590386624869,1.1486661831372722,0.06780608085568068,1.4289700024315315,7.78
2018-04-17,2415,2402,1887,1874,1.2817502668089649,1.1456583819154473,0.0684416828299704,1.9884356910336418,10.62
2018-04-16,2406,2402,1864,1896,1.2668776371308017,1.1421379548489192,0.0681408316389326,1.8306157891183097,9.85
2018-04-13,2404,2403,1863,1868,1.2864025695931478,1.1391494366227763,0.06751674722845541,2.1809867775785055,11.45
2018-04-12,2400,2391,1875,1869,1.2792937399678972,1.1358243477738454,0.06631298235364118,2.1635189234732706,11.21
2018-04-11,2380,2407,1912,1882,1.2789585547290117,1.132480881928678,0.06530903558357107,2.2428393175841213,11.45
2018-04-10,2305,2363,1882,1928,1.2256224066390042,1.1287906614795364,0.06474497754356431,1.4955869757513403,7.9
2018-04-09,2329,2319,1900,1892,1.2256871035940804,1.12585919487565,0.06526953960411036,1.5294716237303398,8.14
2018-04-06,2351,2345,1905,1896,1.2368143459915613,1.1230785705564914,0.06539956786878648,1.7390906261530972,9.2
2018-04-05,2370,2347,1888,1891,1.2411422527763087,1.1201513382373363,0.06515615390545469,1.8569376380707987,9.75
2018-04-04,2289,2288,1857,1862,1.2287862513426424,1.1172581117781362,0.06453411774162003,1.7282042966952709,9.08
2018-04-03,2211,2268,1853,1860,1.2193548387096773,1.114467445374052,0.0641753480141821,1.6343876049171766,8.6
2018-04-02,2227,2241,1869,1871,1.1977552111170497,1.1117184611156852,0.06403920186794392,1.343501285021979,7.18
2018-03-30,2188,2184,1857,1856,1.1767241379310345,1.1091053133501791,0.06447230371199417,1.0488042258101566,5.75
2018-03-29,2181,2169,1869,1840,1.178804347826087,1.1067489915110988,0.0651834427814013,1.105424218794832,6.11
2018-03-28,2138,2151,1841,1848,1.1639610389610389,1.104657571857414,0.06535414227540577,0.9074171129615146,5.09
2018-03-27,2129,2176,1880,1903,1.1434576983709932,1.102933079948412,0.06547284756014404,0.61895304592266,3.54
2018-03-26,2050,2111,1807,1844,1.1447939262472886,1.1016194241932713,0.06563477841804227,0.6577991591444011,3.77
2018-03-23,2117,2067,1806,1809,1.142620232172471,1.1004224469464712,0.06565508495125703,0.6427192236112078,3.69
2018-03-22,2184,2167,1822,1846,1.1738894907908992,1.0994727861201459,0.06555288196164491,1.1352163694998898,6.34
2018-03-20,2128,2182,1803,1832,1.1910480349344978,1.097727272515269,0.06529053611150316,1.429315303214171,7.84
2018-03-19,2136,2125,1845,1819,1.1682242990654206,1.0955306806573821,0.06488397352500641,1.120363233919732,6.22
2018-03-16,2170,2141,1857,1860,1.1510752688172043,1.0937193665497642,0.06472535529619687,0.8861427180270767,4.98
2018-03-15,2180,2176,1826,1851,1.1755807671528904,1.092240798277559,0.0646648167833061,1.288799273252506,7.09
2018-03-14,2163,2180,1838,1832,1.1899563318777293,1.0902412889332698,0.06437480268167933,1.548976288712382,8.38
2018-03-13,2182,2180,1853,1854,1.1758360302049622,1.0879287213278053,0.06386446089126474,1.3764667805906543,7.48
2018-03-12,2182,2184,1902,1893,1.1537242472266245,1.0856696718937988,0.06371138025309968,1.068169847560549,5.9
2018-03-09,2156,2137,1861,1869,1.1433921883360085,1.0834808743082727,0.06415408306429185,0.933865954684379,5.24
2018-03-08,2148,2127,1878,1847,1.151597184623714,1.0814053421001562,0.06469799349363553,1.0849152923183443,6.1
2018-03-07,2136,2126,1871,1861,1.1423965609887157,1.0791340844091208,0.06518220684109895,0.970548246913701,5.54
2018-03-06,2138,2145,1850,1868,1.1482869379014988,1.0769606726759857,0.06575168776931302,1.0847822716849225,6.21
2018-03-05,2135,2113,1879,1890,1.117989417989418,1.0747647404071439,0.06608226631128133,0.6541040432642524,3.87
2018-03-02,2175,2147,1902,1900,1.13,1.0726690177108047,0.06716177493938992,0.8536251810041275,5.07
2018-03-01,2268,2219,2009,1947,1.1397021058038008,1.0704630366750643,0.06795492598812844,1.0188969838747592,6.08
2018-02-28,2364,2297,2024,2025,1.134320987654321,1.0680718866464607,0.06862836328941706,0.9653312104862094,5.84
2018-02-27,2360,2364,2046,2024,1.16798418972332,1.0658411864064963,0.06915572442130588,1.4769999760909889,8.75
2018-02-26,2326,2344,2030,2024,1.158102766798419,1.0630255194373046,0.06923859772347056,1.3731827403674435,8.21
2018-02-23,2262,2310,1970,2022,1.142433234421365,1.060429465117465,0.06927521109016764,1.183739002933748,7.18
2018-02-22,2289,2254,1960,1955,1.1529411764705881,1.0582220365351862,0.06926472964755599,1.3674945447324662,8.22
2018-02-21,2315,2299,1982,1973,1.1652306132792702,1.0561593879256546,0.06871457338712988,1.5873084846080778,9.36
2018-02-20,2255,2311,1990,1973,1.1713127217435377,1.0546394799657057,0.06753580564292963,1.7275760711984134,9.96
2018-02-19,2221,2254,1969,2000,1.127,1.0528817767230023,0.06617821170171259,1.1199792404647226,6.58
2018-02-16,2220,2225,1944,1949,1.141611082606465,1.0516382703792884,0.06564792103611956,1.3705355905737429,7.88
2018-02-15,2191,2196,1939,1922,1.1425598335067637,1.0503704124662747,0.06481092782370668,1.422436372015149,8.07
2018-02-14,2248,2191,1928,1922,1.139958376690947,1.0495151410397678,0.06400697315017607,1.4130216006149365,7.93
2018-02-13,2340,2268,1991,1928,1.1763485477178424,1.0487543231260061,0.06326219560344103,2.016911101088878,10.85
2018-02-09,2363,2322,1934,1959,1.1852986217457886,1.0473846042484594,0.061574366110004476,2.239795976964532,11.64
2018-02-08,2425,2440,1970,1971,1.2379502790461694,1.0459810969100496,0.05958224166157649,3.2219194307339607,15.51
2018-02-07,2429,2395,1980,1938,1.2358101135190918,1.0440063899848817,0.05550169695815731,3.4558172821060005,15.52
2018-02-06,2400,2333,1955,1923,1.2132085283411336,1.0421341056503173,0.05120175143534033,3.3411830239216735,14.1
2018-02-05,2400,2500,2045,2040,1.2254901960784315,1.0405732602686564,0.047622048879644885,3.8830109195241747,15.09
2018-02-02,2388,2421,2069,2092,1.157265774378585,1.0389291221411074,0.04312583499259576,2.743985183308212,10.23
2018-02-01,2330,2378,2080,2083,1.14162265962554,1.0379034599908055,0.04116961894488847,2.5193140547056774,9.09
2018-01-31,2363,2333,2141,2080,1.1216346153846153,1.0371158569551318,0.03971727562636672,2.1280099678683624,7.54
2018-01-30,2410,2363,2214,2119,1.1151486550259557,1.0366838976588226,0.03896475625536456,2.0137366406938653,7.04
2018-01-29,2407,2405,2235,2238,1.074620196604111,1.036579328072784,0.03876404714065554,0.9813440891064715,3.54
2018-01-26,2415,2403,2252,2240,1.0727678571428572,1.0367583580548019,0.038969784334678445,0.9240363964757983,3.36
2018-01-25,2434,2414,2268,2257,1.069561364643332,1.0368463210177647,0.03905831114233798,0.8375949361032441,3.06
2018-01-24,2453,2457,2282,2287,1.074333187581985,1.0370043178383503,0.03921398572832548,0.9519274577761395,3.47
2018-01-23,2468,2468,2306,2286,1.0796150481189852,1.0370769741586534,0.03928806020866546,1.0827226830341075,3.94
2018-01-22,2431,2441,2285,2306,1.0585429314830876,1.0370332059169465,0.03924244895924201,0.5481239356004922,2.03
2018-01-19,2410,2420,2269,2280,1.0614035087719298,1.0372174275046626,0.03937519896862933,0.614246579084883,2.28
2018-01-18,2458,2405,2327,2264,1.062279151943463,1.0374748654451589,0.03959499237803592,0.6264500889780047,2.34
2018-01-17,2483,2452,2295,2299,1.0665506742061766,1.0377904521959629,0.03988469956737388,0.7210840829233635,2.7
2018-01-16,2470,2501,2261,2287,1.0935723655443812,1.0381357567076914,0.04024269789225414,1.377556966610833,5.07
2018-01-15,2417,2397,2280,2268,1.056878306878307,1.0382251725208602,0.04037301321984566,0.46201987094383296,1.76
2018-01-12,2428,2410,2279,2257,1.0677891005759859,1.0384821469730012,0.04055186319670396,0.7227030102371891,2.74
2018-01-11,2412,2431,2286,2280,1.0662280701754385,1.0384165610913654,0.04050836550055245,0.6865621147734005,2.61
2018-01-10,2398,2433,2278,2280,1.0671052631578948,1.0381641098176606,0.040393089947620184,0.7164877303955619,2.71
2018-01-09,2399,2401,2336,2320,1.0349137931034482,1.037747094610833,0.040253355611007194,-0.07038671594896649,-0.27
2018-01-05,2400,2407,2305,2310,1.041991341991342,1.0376892286708022,0.04026050580675304,0.10685691186269844,0.41
2018-01-04,2377,2386,2298,2296,1.039198606271777,1.0374661074411329,0.0402824091923341,0.04300881862284177,0.17
2017-12-29,2351,2359,2270,2262,1.0428824049513705,1.0372474767299302,0.0403168958395711,0.1397659245360255,0.54
2017-12-28,2342,2336,2282,2279,1.025010969723563,1.0370118457843602,0.04033491275501298,-0.2975307306027514,-1.17
2017-12-27,2343,2349,2288,2293,1.0244221543829044,1.0369060701728658,0.040376626090860394,-0.30918670029211,-1.22
2017-12-26,2359,2349,2314,2303,1.0199739470256188,1.037005838273157,0.04035489453857945,-0.4220526764419041,-1.67
2017-12-25,2388,2355,2302,2314,1.0177182368193605,1.0375284736145907,0.04038474348604401,-0.4905376408315218,-1.95
2017-12-22,2400,2391,2300,2293,1.0427387701700828,1.0381181306882512,0.040414038133964124,0.11433253629630126,0.44
2017-12-21,2350,2381,2278,2296,1.0370209059233448,1.0383329788008764,0.04048080740657216,-0.03241222103980383,-0.13
2017-12-20,2297,2343,2275,2278,1.0285338015803336,1.0385986974812293,0.040536691510351996,-0.2482910056516442,-0.98
2017-12-19,2287,2286,2265,2281,1.002192021043402,1.0390312549235727,0.040600023484935736,-0.9073697677499987,-3.68
2017-12-18,2273,2269,2236,2256,1.0057624113475176,1.0399661204505035,0.040548199594383105,-0.8435321283099312,-3.4
2017-12-15,2285,2255,2254,2217,1.0171402796571944,1.0408856829239164,0.04054411962549372,-0.5856682420547875,-2.33
2017-12-14,2295,2297,2257,2258,1.0172719220549158,1.0419121259415018,0.04090286468327706,-0.602407779439959,-2.42
2017-12-13,2305,2290,2262,2236,1.0241502683363148,1.0428513083748892,0.041134337913759075,-0.4546333060661462,-1.83
2017-12-12,2308,2302,2273,2258,1.0194862710363153,1.0435074764694825,0.041223208148372915,-0.5827107232098173,-2.36
2017-12-11,2280,2306,2270,2276,1.0131810193321618,1.0440123654046847,0.04115774967496469,-0.7491018414759666,-3.04
2017-12-08,2264,2265,2248,2261,1.0017691287041133,1.0448668610857725,0.04117404408715165,-1.0467208975255335,-4.3
2017-12-07,2234,2245,2208,2245,1.0,1.045506982247983,0.04087111746673996,-1.1134264260089195,-4.55
2017-12-06,2265,2235,2194,2187,1.0219478737997256,1.0463884162226582,0.04059209227830091,-0.6021010756323499,-2.39
2017-12-05,2278,2271,2158,2195,1.034624145785877,1.047026912725891,0.04057925220904383,-0.3056430630146014,-1.2
2017-12-04,2299,2279,2207,2181,1.0449335167354425,1.0474455787338866,0.040611098073580904,-0.06185653965555287,-0.24
2017-12-01,2335,2301,2201,2181,1.0550206327372764,1.047489740031215,0.0406101432058767,0.18544363825270962,0.71
2017-11-30,2283,2326,2166,2171,1.0713956701980654,1.047371415508971,0.04060095570166469,0.5917164823809622,2.24
2017-11-29,2256,2257,2175,2164,1.0429759704251387,1.0469439997088232,0.040514436285190164,-0.0979411204379771,-0.38
2017-11-28,2263,2224,2189,2167,1.0263036455929857,1.046851987250822,0.04053117651144599,-0.5069761952760836,-2.0
2017-11-27,2295,2264,2200,2193,1.0323757409940721,1.0471425418175186,0.040460878205365605,-0.3649649112531681,-1.43
2017-11-24,2232,2278,2167,2190,1.0401826484018264,1.0471895300481315,0.04044574535852704,-0.17324150128013166,-0.67
2017-11-22,2231,2242,2174,2186,1.0256175663311986,1.0470258837616513,0.040498559799739715,-0.5286192283457516,-2.09
2017-11-21,2209,2216,2206,2180,1.0165137614678899,1.047589032283716,0.04049060760591595,-0.7674686218165289,-3.06
2017-11-20,2170,2199,2192,2185,1.0064073226544623,1.0482517662638882,0.04038319002726256,-1.0361846991576644,-4.16
2017-11-17,2188,2181,2212,2204,0.9895644283121597,1.0496779632021387,0.040767192598397665,-1.4745566485817245,-6.07
2017-11-16,2143,2173,2159,2200,0.9877272727272727,1.0516281277800237,0.041339253969430244,-1.5457670111803354,-6.47
2017-11-15,2182,2146,2206,2187,0.9812528577960676,1.0534511668878086,0.041495581701367995,-1.7399035302440593,-7.36
2017-11-14,2205,2186,2241,2232,0.9793906810035843,1.0551312822405927,0.04108730470517169,-1.8434064190994477,-7.73
2017-11-13,2190,2218,2264,2255,0.9835920177383592,1.0568539496084213,0.04058098095472359,-1.8053267847763648,-7.45
2017-11-10,2180,2182,2250,2271,0.9608102157639806,1.0586735132190772,0.040313851130249455,-2.427535318789352,-10.19
2017-11-09,2209,2204,2299,2285,0.9645514223194749,1.0607117917070534,0.039162483902557756,-2.4554205914732132,-9.97
2017-11-08,2207,2205,2263,2296,0.9603658536585366,1.0628248593569671,0.03818019743263604,-2.6835640616894687,-10.67
2017-11-07,2173,2199,2260,2274,0.9670184696569921,1.0649928208143593,0.03689549206252517,-2.6554558749706976,-10.13
2017-11-06,2210,2171,2276,2269,0.9568091670339357,1.067185031657047,0.03587958757764548,-3.0762857678966253,-11.54
2017-11-02,2237,2211,2288,2295,0.9633986928104575,1.0696723313413496,0.03458441726448389,-3.0728763685149243,-11.03
2017-11-01,2273,2239,2293,2292,0.9768760907504364,1.0722778012105767,0.03383257913716438,-2.819817846974119,-9.77
2017-10-31,2410,2272,2268,2276,0.9982425307557118,1.0742594004238513,0.0325134729765754,-2.338011375250699,-7.62
2017-10-30,2407,2421,2330,2303,1.051237516283109,1.0761016164158916,0.03206532646647874,-0.7754201460813377,-2.37
2017-10-27,2406,2422,2324,2330,1.0394849785407725,1.0773194396311265,0.03282337452259366,-1.152668232338849,-3.64
2017-10-26,2402,2390,2312,2312,1.0337370242214532,1.0787396399172495,0.033453917337419245,-1.3452121388923117,-4.35
2017-10-25,2429,2407,2340,2300,1.046521739130435,1.0800263096464593,0.03355392650539667,-0.9985290547333014,-3.2
2017-10-24,2495,2503,2286,2321,1.078414476518742,1.0811963613697142,0.0338935005508133,-0.08207723621824127,-0.26
2017-10-23,2480,2482,2311,2292,1.0828970331588132,1.0819617002072777,0.03446529025319223,0.027138403439064367,0.09
2017-10-20,2429,2450,2265,2282,1.0736196319018405,1.0820574860539591,0.03447773716846252,-0.2447334090079697,-0.79
2017-10-19,2429,2429,2231,2249,1.0800355713650511,1.0818727037109386,0.03455950502012132,-0.05315852599213528,-0.17
2017-10-18,2434,2426,2217,2226,1.0898472596585804,1.0814486922140707,0.034773861781068865,0.24151954986725027,0.77
2017-10-17,2435,2423,2224,2212,1.095388788426763,1.0806131882988816,0.035310682998705156,0.4184456054963081,1.35
2017-10-16,2422,2417,2205,2205,1.0961451247165532,1.0797280962263807,0.03575834882987874,0.45911036240171504,1.5
2017-10-13,2394,2427,2214,2202,1.1021798365122615,1.0788673524114696,0.03612786892799224,0.6452770338393569,2.12
2017-10-12,2426,2407,2240,2228,1.0803411131059246,1.077834824292774,0.03655097511631041,0.06856968398723311,0.23
2017-10-11,2435,2426,2218,2241,1.0825524319500224,1.077044793038087,0.037124126162538684,0.1483574020792158,0.51
2017-10-10,2445,2429,2182,2230,1.089237668161435,1.0764361970210643,0.03740194758839896,0.3422675011806454,1.18
2017-10-06,2407,2425,2193,2190,1.1073059360730593,1.0757389558872494,0.03764344569248549,0.8385783927349494,2.85
2017-10-05,2401,2385,2205,2192,1.0880474452554745,1.0749217677176723,0.03761454000013332,0.3489522279883156,1.21
2017-10-04,2400,2380,2211,2205,1.0793650793650793,1.0742757884141827,0.037799142749988156,0.1346403801948181,0.47
2017-10-03,2389,2391,2220,2211,1.0814111261872457,1.0737762277732792,0.03797575378379184,0.201046658808523,0.71
2017-10-02,2373,2382,2221,2206,1.0797824116047143,1.0731833236886235,0.03819840257527206,0.17275821686749876,0.61
2017-09-29,2374,2383,2226,2214,1.0763324299909667,1.0729600355917188,0.03820811987301389,0.08826381435297356,0.31
2017-09-28,2388,2386,2221,2225,1.0723595505617978,1.073099350248684,0.03823919856139932,-0.019346631590576906,-0.07
2017-09-27,2360,2370,2204,2193,1.0807113543091655,1.073377835811086,0.038308788430083424,0.1914317523109317,0.68
2017-09-26,2385,2388,2187,2199,1.0859481582537518,1.0736884593230536,0.038461139257966,0.318755480654646,1.13
2017-09-25,2386,2387,2161,2185,1.0924485125858123,1.0740796431821926,0.038732088270089574,0.4742545580173341,1.68
2017-09-22,2370,2370,2194,2154,1.1002785515320335,1.0743862368540442,0.038966577939181256,0.6644749435888823,2.35
2017-09-21,2350,2360,2196,2193,1.0761513907888738,1.0744534021381977,0.03901546043064229,0.04352091791136397,0.16
2017-09-20,2308,2333,2200,2195,1.062870159453303,1.0748974200785912,0.03922120944571902,-0.30665195681774216,-1.13
2017-09-19,2286,2303,2199,2199,1.0472942246475672,1.0758290043484529,0.039750664163080665,-0.7178440990022004,-2.72
2017-09-15,2188,2255,2139,2177,1.035829122645843,,,,
2017-09-14,2199,2191,2124,2126,1.0305738476011288,,,,
2017-09-13,2216,2192,2158,2138,1.0252572497661365,,,,
2017-09-12,2222,2198,2158,2149,1.022801302931596,,,,
2017-09-11,2169,2196,2138,2142,1.0252100840336134,,,,
2017-09-08,2153,2144,2140,2108,1.01707779886148,,,,
2017-09-07,2154,2167,2048,2100,1.0319047619047619,,,,
2017-09-06,2115,2148,2010,2028,1.0591715976331362,,,,
2017-09-05,2162,2143,2047,2018,1.0619425173439048,,,,
2017-09-04,2179,2159,2058,2039,1.058852378616969,,,,
2017-09-01,2195,2190,2066,2072,1.056949806949807,,,,
2017-08-31,2180,2175,2053,2050,1.0609756097560976,,,,
2017-08-30,2195,2180,2041,2033,1.072306935563207,,,,
2017-08-29,2179,2186,2005,2034,1.0747295968534907,,,,
2017-08-28,2215,2197,2018,2008,1.0941235059760956,,,,
2017-08-25,2191,2195,2035,2018,1.0877106045589693,,,,
2017-08-24,2161,2180,2033,2031,1.0733628754308222,,,,
2017-08-23,2176,2157,2034,2040,1.0573529411764706,,,,
2017-08-22,2124,2161,2029,2006,1.0772681954137586,,,,
2017-08-21,2169,2130,2033,2029,1.0497782158698867,,,,
2017-08-18,2173,2161,2030,2027,1.0661075481006412,,,,
2017-08-17,2178,2206,2081,2062,1.069835111542192,,,,
2017-08-16,2152,2212,2050,2075,1.066024096385542,,,,
2017-08-15,2156,2151,2035,2052,1.0482456140350878,,,,
2017-08-14,2114,2131,2034,2037,1.046146293568974,,,,
2017-08-10,2157,2140,2060,2059,1.039339485186984,,,,
2017-08-09,2185,2154,2091,2079,1.0360750360750361,,,,
2017-08-08,2199,2201,2125,2100,1.0480952380952382,,,,
2017-08-07,2199,2193,2130,2117,1.0358998582900332,,,,
2017-08-04,2200,2173,2120,2114,1.0279091769157995,,,,
2017-08-03,2226,2219,2079,2078,1.0678537054860442,,,,
2017-08-02,2287,2222,2088,2084,1.066218809980806,,,,
2017-08-01,2316,2298,2039,2064,1.1133720930232558,,,,
2017-07-31,2338,2308,2050,2032,1.1358267716535433,,,,
2017-07-28,2334,2322,2070,2065,1.1244552058111381,,,,
2017-07-27,2300,2333,2070,2107,1.1072615092548648,,,,
2017-07-26,2291,2297,2049,2072,1.1085907335907337,,,,
2017-07-25,2258,2267,2030,2024,1.1200592885375493,,,,
2017-07-24,2267,2263,2023,2032,1.1136811023622046,,,,
2017-07-21,2275,2282,2024,2032,1.1230314960629921,,,,
2017-07-20,2260,2274,2003,2025,1.122962962962963,,,,
2017-07-19,2273,2264,1998,2001,1.1314342828585706,,,,
2017-07-18,2322,2289,2015,2002,1.1433566433566433,,,,
2017-07-14,2287,2335,2025,2015,1.1588089330024813,,,,
2017-07-13,2301,2269,2026,2016,1.1254960317460319,,,,
2017-07-12,2308,2291,2007,2016,1.1364087301587302,,,,
2017-07-11,2277,2308,2001,2020,1.1425742574257425,,,,
2017-07-10,2257,2292,2000,2000,1.146,,,,
2017-07-07,2208,2239,1969,1981,1.1302372539121657,,,,
2017-07-06,2256,2247,1979,1981,1.1342756183745584,,,,
2017-07-05,2180,2258,1970,1988,1.135814889336016,,,,
2017-07-04,2148,2154,2008,1976,1.0900809716599191,,,,
2017-07-03,2118,2128,2010,2008,1.0597609561752988,,,,
2017-06-30,2109,2108,2028,2011,1.0482347090999502,,,,
2017-06-29,2111,2116,2060,2060,1.0271844660194174,,,,
2017-06-28,2088,2093,2036,2034,1.0290068829891839,,,,
2017-06-27,2086,2090,2032,2026,1.031589338598223,,,,
2017-06-26,2073,2071,2050,2021,1.024740227610094,,,,
2017-06-23,2088,2082,2009,2039,1.021088769004414,,,,
2017-06-22,2073,2079,2013,2005,1.0369077306733168,,,,
2017-06-21,2103,2077,2004,2003,1.0369445831253121,,,,
2017-06-20,2092,2114,2000,2021,1.0460168233547749,,,,
2017-06-19,2052,2074,1981,1995,1.0395989974937343,,,,
2017-06-16,2056,2064,1984,1981,1.0418980312973245,,,,
2017-06-15,2108,2049,1993,1976,1.0369433198380567,,,,
2017-06-14,2152,2108,1993,1983,1.0630358043368633,,,,
2017-06-13,2163,2154,1976,1982,1.0867810292633704,,,,
2017-06-12,2188,2169,1960,1984,1.0932459677419355,,,,
2017-06-09,2190,2176,1967,1971,1.1040081177067478,,,,
2017-06-08,2215,2196,1979,1969,1.1152869476891822,,,,
2017-06-07,2180,2203,1987,1975,1.1154430379746836,,,,
2017-06-06,2221,2204,1993,1994,1.1053159478435306,,,,
2017-06-05,2274,2230,2014,2010,1.109452736318408,,,,
2017-06-02,2231,2287,2012,2019,1.1327389796929173,,,,
