DATE,OPEN,HIGH,LOW,CLOSE,Volume
2019-09-19,2899,2928,2867,2870,891100
2019-09-18,2982,3000,2894,2907,1401400
2019-09-17,2839,2904,2825,2884,954000
2019-09-13,2900,2900,2844,2876,1445000
2019-09-12,2928,2935,2864,2907,1600000
2019-09-11,2835,2855,2794,2828,1222000
2019-09-10,2753,2800,2753,2800,1387800
2019-09-09,2670,2730,2669,2712,1220900
2019-09-06,2652,2674,2634,2651,1121100
2019-09-05,2520,2617,2519,2588,1330100
2019-09-04,2454,2475,2428,2473,517900
2019-09-03,2447,2479,2443,2469,387800
2019-09-02,2485,2495,2427,2448,585900
2019-08-30,2405,2475,2405,2468,1254200
2019-08-29,2359,2374,2337,2355,668900
2019-08-28,2380,2388,2356,2356,872600
2019-08-27,2403,2447,2403,2414,601800
2019-08-26,2354,2402,2352,2383,1243900
2019-08-23,2470,2497,2466,2484,980800
2019-08-22,2456,2488,2450,2466,947400
2019-08-21,2405,2449,2381,2443,1091800
2019-08-20,2429,2463,2420,2451,1109800
2019-08-19,2450,2465,2415,2415,1110500
2019-08-16,2410,2439,2397,2415,1058900
2019-08-15,2348,2428,2338,2423,1320800
2019-08-14,2371,2451,2371,2448,2503600
2019-08-13,2266,2314,2241,2310,1932900
2019-08-09,2395,2400,2307,2322,1706200
2019-08-08,2420,2490,2373,2382,2182400
2019-08-07,2490,2523,2449,2458,1073200
2019-08-06,2399,2507,2375,2499,1400100
2019-08-05,2578,2596,2499,2503,1603200
2019-08-02,2663,2700,2610,2623,1960300
2019-08-01,2734,2783,2723,2763,893200
2019-07-31,2797,2835,2774,2774,883900
2019-07-30,2793,2839,2789,2816,1307500
2019-07-29,2829,2829,2764,2783,1033700
2019-07-26,2863,2863,2787,2836,1448700
2019-07-25,2887,2902,2864,2893,1001800
2019-07-24,2814,2891,2812,2886,1659200
2019-07-23,2688,2799,2684,2778,1766200
2019-07-22,2624,2683,2624,2680,1071300
2019-07-19,2540,2620,2539,2602,704700
2019-07-18,2547,2565,2501,2523,1070000
2019-07-17,2580,2613,2577,2590,800200
2019-07-16,2550,2612,2549,2586,939500
2019-07-12,2575,2592,2540,2547,1418000
2019-07-11,2575,2587,2528,2582,1445000
2019-07-10,2604,2606,2568,2599,1069000
2019-07-09,2675,2675,2594,2626,1233600
2019-07-08,2689,2699,2664,2685,872500
2019-07-05,2653,2711,2643,2707,1186900
2019-07-04,2628,2630,2601,2628,632400
2019-07-03,2646,2647,2584,2611,1170200
2019-07-02,2698,2699,2656,2690,957800
2019-07-01,2690,2716,2677,2710,1316200
2019-06-28,2553,2577,2534,2575,1052900
2019-06-27,2539,2601,2536,2586,1018100
2019-06-26,2463,2512,2444,2489,915800
2019-06-25,2471,2513,2460,2470,1123300
2019-06-24,2535,2552,2520,2530,644100
2019-06-21,2563,2595,2535,2570,2055200
2019-06-20,2524,2545,2473,2540,755800
2019-06-19,2534,2568,2483,2493,1469900
2019-06-18,2427,2447,2399,2413,1191400
2019-06-17,2424,2440,2405,2430,1120200
2019-06-14,2440,2451,2422,2437,987900
2019-06-13,2399,2450,2389,2426,1548200
2019-06-12,2427,2475,2406,2433,899600
2019-06-11,2378,2446,2362,2443,982300
2019-06-10,2388,2410,2361,2382,1373000
2019-06-07,2277,2330,2263,2321,1218700
2019-06-06,2284,2305,2248,2258,1424100
2019-06-05,2295,2328,2287,2297,1587000
2019-06-04,2161,2221,2156,2210,1171400
2019-06-03,2177,2191,2140,2150,1155500
2019-05-31,2232,2266,2218,2227,1170800
2019-05-30,2222,2290,2220,2273,1194600
2019-05-29,2248,2263,2223,2233,983200
2019-05-28,2243,2295,2242,2276,1541400
2019-05-27,2274,2299,2243,2250,889600
2019-05-24,2230,2306,2222,2272,1113200
2019-05-23,2307,2327,2270,2280,1291100
2019-05-22,2372,2392,2338,2352,1198300
2019-05-21,2314,2336,2244,2316,2090700
2019-05-20,2427,2451,2351,2355,1271700
2019-05-17,2503,2534,2440,2450,1447000
2019-05-16,2516,2523,2414,2459,1583100
2019-05-15,2603,2678,2501,2550,2254600
2019-05-14,2374,2461,2352,2453,2012800
2019-05-13,2500,2517,2434,2456,2144300
2019-05-10,2544,2656,2538,2570,1270600
2019-05-09,2578,2614,2533,2539,1557100
2019-05-08,2580,2640,2532,2575,1942300
2019-05-07,2806,2807,2632,2651,2357900
2019-04-26,2866,2917,2843,2906,1199800
2019-04-25,2906,2952,2869,2940,909900
2019-04-24,2957,2966,2891,2898,1152700
2019-04-23,3000,3005,2909,2932,1111700
2019-04-22,3050,3060,3000,3010,597100
2019-04-19,3070,3080,3030,3075,688000
2019-04-18,3050,3065,2985,2996,822700
2019-04-17,3050,3090,3010,3040,1222000
2019-04-16,3005,3040,2953,2986,1102300
2019-04-15,3010,3050,2986,3030,1728400
2019-04-12,2902,2936,2873,2906,1194000
2019-04-11,2919,2949,2894,2922,1314700
2019-04-10,2869,2920,2817,2910,1372500
2019-04-09,2870,2925,2810,2909,3225000
2019-04-08,3040,3050,2946,2962,1776800
2019-04-05,2990,3045,2983,3030,976500
2019-04-04,3040,3065,2962,2968,2039600
2019-04-03,2945,3015,2942,2994,1729800
2019-04-02,2924,2950,2892,2913,1755800
2019-04-01,2818,2906,2794,2841,2161400
2019-03-29,2744,2751,2690,2734,1310000
2019-03-28,2726,2728,2682,2717,1018000
2019-03-27,2715,2777,2707,2774,1269700
2019-03-26,2741,2775,2707,2765,1175400
2019-03-25,2708,2709,2653,2701,1889300
2019-03-22,2779,2859,2778,2858,2144800
2019-03-20,2719,2745,2697,2729,732900
2019-03-19,2725,2754,2691,2732,1357800
2019-03-18,2645,2728,2645,2724,1769500
2019-03-15,2585,2671,2584,2642,2213200
2019-03-14,2566,2606,2551,2552,1994300
2019-03-13,2578,2585,2524,2540,1771000
2019-03-12,2520,2576,2495,2546,1977300
2019-03-11,2457,2481,2417,2446,1500600
2019-03-08,2500,2520,2427,2446,4356100
2019-03-07,2642,2679,2574,2593,3390700
2019-03-06,2800,2816,2780,2792,825600
2019-03-05,2837,2849,2774,2819,1483900
2019-03-04,2833,2905,2833,2887,1391800
2019-03-01,2786,2848,2778,2795,1854100
2019-02-28,2773,2785,2712,2736,1825600
2019-02-27,2771,2820,2754,2799,1779200
2019-02-26,2840,2871,2772,2804,1618300
2019-02-25,2854,2880,2838,2858,1267300
2019-02-22,2785,2850,2765,2846,1699200
2019-02-21,2874,2891,2813,2818,2010100
2019-02-20,2864,2876,2817,2829,1822800
2019-02-19,2822,2900,2792,2861,2033400
2019-02-18,2831,2908,2826,2873,3366900
2019-02-15,2732,2750,2658,2720,4086400
2019-02-14,2799,2800,2719,2732,1949100
2019-02-13,2700,2782,2662,2754,2304900
2019-02-12,2586,2708,2579,2675,1817400
2019-02-08,2609,2618,2492,2536,2362600
2019-02-07,2676,2696,2647,2693,1210100
2019-02-06,2682,2703,2645,2675,1272900
2019-02-05,2662,2704,2656,2670,1663900
2019-02-04,2626,2663,2621,2655,1885900
2019-02-01,2599,2635,2587,2599,1731600
2019-01-31,2560,2600,2537,2577,1998800
2019-01-30,2514,2527,2435,2483,1769400
2019-01-29,2520,2520,2404,2464,2359700
2019-01-28,2553,2604,2528,2580,1790500
2019-01-25,2451,2555,2440,2542,3374200
2019-01-24,2359,2414,2339,2414,1297000
2019-01-23,2328,2395,2305,2360,1472600
2019-01-22,2392,2420,2351,2378,2265900
2019-01-21,2381,2409,2357,2397,1811400
2019-01-18,2238,2330,2228,2320,1440300
2019-01-17,2280,2317,2238,2254,1237900
2019-01-16,2239,2310,2223,2282,2025100
2019-01-15,2139,2244,2129,2239,1686600
2019-01-11,2086,2176,2086,2164,1775200
2019-01-10,2081,2100,2052,2066,1522300
2019-01-09,2118,2121,2072,2108,1671900
2019-01-08,2081,2141,2069,2117,1365300
2019-01-07,2100,2143,2089,2111,1630300
2019-01-04,1990,2022,1926,2020,1493400
2018-12-28,2029,2096,2025,2062,1248800
2018-12-27,2145,2153,2046,2059,1422000
2018-12-26,1950,2014,1945,1995,1294300
2018-12-25,1965,2019,1965,1982,1625400
2018-12-21,2132,2144,2071,2098,2056700
2018-12-20,2241,2247,2138,2159,1663400
2018-12-19,2257,2293,2221,2269,1370700
2018-12-18,2245,2313,2222,2283,1605200
2018-12-17,2353,2384,2313,2314,1307700
2018-12-14,2403,2403,2303,2341,1285300
2018-12-13,2410,2457,2350,2416,1866600
2018-12-12,2338,2398,2320,2373,1036500
2018-12-11,2350,2379,2287,2318,1792000
2018-12-10,2381,2418,2329,2400,994400
2018-12-07,2530,2588,2401,2431,1574000
2018-12-06,2546,2546,2445,2471,1465900
2018-12-05,2560,2621,2551,2567,1028900
2018-12-04,2706,2715,2615,2629,1337700
2018-12-03,2680,2735,2671,2683,1405600
2018-11-30,2582,2635,2579,2601,1529000
2018-11-29,2658,2672,2564,2588,1162700
2018-11-28,2536,2626,2517,2613,1793400
2018-11-27,2529,2538,2475,2517,1096200
2018-11-26,2438,2514,2419,2512,1086900
2018-11-22,2441,2479,2414,2438,1019200
2018-11-21,2384,2475,2381,2463,1339400
2018-11-20,2445,2459,2416,2455,1139800
2018-11-19,2401,2514,2401,2499,1004000
2018-11-16,2501,2529,2400,2409,1540500
2018-11-15,2489,2546,2462,2506,1190700
2018-11-14,2490,2572,2361,2531,2354800
2018-11-13,2472,2527,2420,2502,1714300
2018-11-12,2500,2612,2481,2586,1341700
2018-11-09,2632,2634,2516,2523,1761800
2018-11-08,2719,2727,2640,2643,1184400
2018-11-07,2709,2717,2587,2603,1670200
2018-11-06,2682,2698,2624,2642,975900
2018-11-05,2680,2711,2637,2653,1495600
2018-11-02,2549,2794,2532,2736,2715800
2018-11-01,2496,2552,2480,2524,1468800
2018-10-31,2428,2507,2408,2501,2073600
2018-10-30,2246,2379,2245,2368,1673000
2018-10-29,2336,2353,2272,2278,1208000
2018-10-26,2347,2362,2242,2278,1150800
2018-10-25,2286,2324,2276,2297,1741800
2018-10-24,2475,2482,2396,2406,1328300
2018-10-23,2512,2525,2460,2462,1161300
2018-10-22,2488,2570,2466,2558,1005700
2018-10-19,2450,2531,2414,2518,1863400
2018-10-18,2593,2601,2513,2515,1594500
2018-10-17,2632,2684,2601,2634,1644500
2018-10-16,2532,2560,2506,2556,1169000
2018-10-15,2558,2598,2524,2530,1288200
2018-10-12,2471,2583,2460,2579,2098800
2018-10-11,2486,2575,2480,2517,2908300
2018-10-10,2712,2720,2621,2668,1789400
2018-10-09,2727,2746,2666,2692,1954900
2018-10-05,2860,2872,2822,2827,1444600
2018-10-04,2960,2985,2919,2932,1226700
2018-10-03,2980,2988,2923,2933,920300
2018-10-02,3015,3065,2966,2986,1343600
2018-10-01,2899,2978,2887,2966,1123400
2018-09-28,2955,2982,2864,2892,1457400
2018-09-27,2991,2991,2883,2888,1533800
2018-09-26,3000,3035,2956,2992,1766900
2018-09-25,3080,3085,2996,3035,1724300
2018-09-21,3005,3090,3000,3085,2330500
2018-09-20,2950,2999,2935,2953,1822200
2018-09-19,2862,2930,2840,2915,1789500
2018-09-18,2736,2838,2688,2787,1430400
2018-09-14,2690,2777,2688,2751,1764300
2018-09-13,2633,2707,2630,2633,1187500
2018-09-12,2710,2711,2602,2628,1464200
2018-09-11,2710,2740,2695,2711,767500
2018-09-10,2680,2729,2675,2700,1015500
2018-09-07,2742,2747,2662,2691,2029600
2018-09-06,2768,2790,2666,2784,1712500
2018-09-05,2906,2909,2826,2868,1403900
2018-09-04,2892,2917,2874,2876,1072500
2018-09-03,2975,2984,2865,2876,947100
2018-08-31,2964,3010,2907,2976,1445000
2018-08-30,3015,3055,3000,3025,1486200
2018-08-29,2957,2988,2952,2980,1052300
2018-08-28,2975,2991,2940,2951,969100
2018-08-27,2840,2912,2838,2908,1141500
2018-08-24,2886,2886,2816,2832,831200
2018-08-23,2930,2930,2870,2886,826100
2018-08-22,2842,2932,2838,2906,1265600
2018-08-21,2850,2873,2811,2834,1257400
2018-08-20,2887,2910,2845,2860,895300
2018-08-17,2812,2902,2806,2892,1672000
2018-08-16,2731,2817,2682,2774,2092300
2018-08-15,2852,2880,2747,2775,1691000
2018-08-14,2872,2898,2838,2864,827600
2018-08-13,2939,2939,2811,2842,1390000
2018-08-10,3005,3205,2955,2974,3326600
2018-08-09,3120,3140,3050,3085,1103800
2018-08-08,3005,3110,2990,3065,1098600
2018-08-07,2977,3000,2959,2997,644700
2018-08-06,3010,3025,2978,2979,583100
2018-08-03,2992,3025,2982,3005,527500
2018-08-02,3040,3075,2975,2992,866500
2018-08-01,3085,3125,3055,3060,894200
2018-07-31,3005,3045,2993,3025,746900
2018-07-30,3070,3110,3050,3055,1097400
2018-07-27,2977,3110,2969,3090,1904600
2018-07-26,3010,3015,2931,2941,1852500
2018-07-25,2924,2997,2924,2992,1520100
2018-07-24,2941,3025,2907,3005,1138600
2018-07-23,2957,2983,2938,2952,1320700
2018-07-20,3015,3035,2932,2971,1729100
2018-07-19,2968,3100,2968,3035,1496000
2018-07-18,3000,3035,2958,2961,1669900
2018-07-17,3050,3085,2924,2969,3424800
2018-07-13,3250,3330,3120,3185,1970400
2018-07-12,3155,3245,3100,3210,1222200
2018-07-11,3195,3215,3085,3180,1433000
2018-07-10,3200,3270,3160,3230,1077200
2018-07-09,3130,3175,3120,3145,809000
2018-07-06,3060,3140,3055,3115,1288300
2018-07-05,2990,3085,2978,3005,1547700
2018-07-04,3170,3190,2998,3010,1771300
2018-07-03,3240,3250,3150,3200,1074700
2018-07-02,3175,3260,3170,3180,948900
2018-06-29,3220,3220,3135,3175,1103800
2018-06-28,3235,3250,3170,3230,958700
2018-06-27,3310,3350,3225,3240,779100
2018-06-26,3240,3330,3220,3310,1040800
2018-06-25,3335,3345,3260,3270,791200
2018-06-22,3290,3370,3260,3335,922300
2018-06-21,3365,3420,3330,3380,1495500
2018-06-20,3325,3365,3180,3355,2000700
2018-06-19,3290,3400,3275,3310,1280400
2018-06-18,3380,3425,3295,3330,2171900
2018-06-15,3610,3630,3465,3500,1796200
2018-06-14,3620,3670,3600,3600,1014800
2018-06-13,3700,3700,3610,3650,1565000
2018-06-12,3830,3835,3705,3705,1199600
2018-06-11,3820,3835,3760,3780,1073200
2018-06-08,3885,3895,3810,3835,1182800
2018-06-07,3940,3980,3915,3945,617500
2018-06-06,4040,4050,3920,3930,809900
2018-06-05,4015,4040,3935,3990,922600
2018-06-04,3945,3990,3925,3965,988800
2018-06-01,3835,3875,3805,3850,862300
2018-05-31,3890,3895,3840,3870,1122400
2018-05-30,3830,3860,3800,3845,1197300
2018-05-29,3945,3945,3880,3930,975400
2018-05-28,3810,3965,3810,3955,1193200
2018-05-25,3810,3880,3790,3840,1342900
2018-05-24,3980,3990,3835,3865,1739500
2018-05-23,4140,4150,4030,4045,1044800
2018-05-22,4155,4225,4040,4140,1499400
2018-05-21,4000,4170,4000,4145,2330400
2018-05-18,3940,3995,3930,3980,1464200
2018-05-17,3825,3920,3815,3885,1530900
2018-05-16,3800,3815,3755,3775,1292200
2018-05-15,3860,3910,3770,3815,3122800
2018-05-14,3980,4030,3855,4000,1877900
2018-05-11,3830,3980,3830,3930,1775100
2018-05-10,3785,3820,3750,3765,590000
2018-05-09,3875,3880,3775,3785,1079700
2018-05-08,3830,3840,3790,3830,732200
2018-05-07,3770,3845,3745,3815,1039400
2018-05-02,3760,3795,3705,3730,1293800
2018-05-01,3815,3875,3740,3765,1407500
2018-04-27,3870,3885,3690,3830,1894300
2018-04-26,3940,3960,3920,3935,858800
2018-04-25,3890,3910,3865,3880,728500
2018-04-24,3945,3950,3905,3940,723400
2018-04-23,3950,3975,3890,3900,746300
2018-04-20,3895,3940,3855,3925,852900
2018-04-19,4020,4030,3940,3955,987100
2018-04-18,3915,4010,3885,3995,1073300
2018-04-17,3915,3915,3845,3895,861800
2018-04-16,4000,4010,3875,3930,1427700
2018-04-13,3935,4040,3935,3995,1790700
2018-04-12,3900,3950,3835,3885,1495200
2018-04-11,3885,4020,3870,3965,3216400
2018-04-10,3660,3890,3600,3855,3319200
2018-04-09,3805,3810,3695,3720,2772300
2018-04-06,3950,3980,3860,3875,2451900
2018-04-05,4105,4120,3975,3980,2347200
2018-04-04,4245,4245,4015,4060,1858900
2018-04-03,4265,4270,4210,4225,1103400
2018-04-02,4385,4395,4335,4335,672700
2018-03-30,4420,4425,4355,4400,1056700
2018-03-29,4385,4395,4290,4325,859500
2018-03-28,4320,4350,4265,4320,1038600
2018-03-27,4425,4430,4365,4390,1482800
2018-03-26,4285,4375,4215,4365,1044500
2018-03-23,4450,4455,4325,4335,1516300
2018-03-22,4620,4720,4615,4665,1132500
2018-03-20,4675,4690,4545,4570,1144600
2018-03-19,4680,4760,4670,4745,1174500
2018-03-16,4750,4780,4705,4715,1039800
2018-03-15,4630,4750,4630,4740,1050300
2018-03-14,4760,4795,4710,4730,1132600
2018-03-13,4675,4790,4625,4790,1702800
2018-03-12,4695,4735,4645,4720,945400
2018-03-09,4590,4610,4485,4555,1625700
2018-03-08,4490,4585,4480,4535,1203800
2018-03-07,4425,4485,4385,4425,854500
2018-03-06,4480,4570,4450,4495,868300
2018-03-05,4455,4480,4325,4360,1059500
2018-03-02,4400,4470,4400,4435,1100100
2018-03-01,4570,4605,4485,4550,1068800
2018-02-28,4765,4805,4675,4680,893100
2018-02-27,4825,4830,4745,4780,1000700
2018-02-26,4755,4815,4710,4755,946900
2018-02-23,4745,4750,4665,4675,836900
2018-02-22,4695,4775,4650,4710,1400300
2018-02-21,4610,4735,4605,4695,1503000
2018-02-20,4640,4660,4525,4595,1098800
2018-02-19,4625,4680,4590,4635,1312000
2018-02-16,4685,4740,4470,4505,2983500
2018-02-15,4250,4370,4185,4305,2971100
2018-02-14,4005,4090,3885,3980,1794000
2018-02-13,4185,4250,4075,4080,1504000
2018-02-09,4070,4125,4025,4115,1133100
2018-02-08,4190,4260,4170,4230,1126700
2018-02-07,4335,4350,4185,4185,1204000
2018-02-06,4065,4190,3990,4145,1909300
2018-02-05,4410,4480,4390,4415,890100
2018-02-02,4600,4630,4545,4590,582900
2018-02-01,4555,4650,4540,4645,694400
2018-01-31,4520,4625,4510,4520,848600
2018-01-30,4680,4685,4530,4560,945100
2018-01-29,4705,4760,4655,4680,865300
2018-01-26,4615,4655,4575,4635,983800
2018-01-25,4580,4705,4515,4575,1453100
2018-01-24,4670,4770,4640,4710,1384900
2018-01-23,4765,4775,4690,4740,856800
2018-01-22,4745,4760,4665,4760,837800
2018-01-19,4605,4755,4565,4755,1516700
2018-01-18,4750,4770,4560,4570,1574400
2018-01-17,4500,4650,4475,4645,1264700
2018-01-16,4410,4580,4410,4570,1026400
2018-01-15,4450,4485,4410,4415,615200
2018-01-12,4405,4420,4345,4395,840900
2018-01-11,4390,4390,4325,4390,884600
2018-01-10,4400,4430,4340,4420,1115400
2018-01-09,4500,4535,4415,4445,1041400
2018-01-05,4440,4475,4400,4455,740200
2018-01-04,4335,4410,4275,4400,1078100
2017-12-29,4265,4290,4215,4230,482300
2017-12-28,4280,4310,4235,4260,536500
2017-12-27,4280,4295,4235,4275,445400
2017-12-26,4320,4335,4270,4295,614600
2017-12-25,4240,4325,4220,4320,675300
2017-12-22,4195,4235,4175,4220,619200
2017-12-21,4220,4235,4165,4210,665900
2017-12-20,4120,4225,4115,4225,859800
2017-12-19,4135,4165,4100,4120,617300
2017-12-18,4055,4145,4045,4140,1083900
2017-12-15,3970,4030,3930,4000,784600
2017-12-14,3950,4005,3895,3990,1019800
2017-12-13,4075,4075,3960,3980,1042600
2017-12-12,4090,4095,4045,4075,950800
2017-12-11,4045,4060,3985,4060,863900
2017-12-08,3945,4045,3935,4020,1521900
2017-12-07,3925,3980,3915,3960,1062400
2017-12-06,3935,3970,3870,3880,2195000
2017-12-05,4075,4080,3990,3995,1501200
2017-12-04,4200,4210,4120,4135,958200
2017-12-01,4145,4270,4115,4245,1525800
2017-11-30,4120,4145,4045,4105,2106400
2017-11-29,4240,4265,4160,4240,1298500
2017-11-28,4310,4310,4205,4210,1281000
2017-11-27,4270,4350,4230,4330,1635800
2017-11-24,4220,4255,4170,4200,1291200
2017-11-22,4130,4285,4115,4270,2089400
2017-11-21,4015,4060,3985,4035,911400
2017-11-20,4035,4055,3950,3970,1652400
2017-11-17,4130,4140,4025,4035,1771500
2017-11-16,4140,4195,4025,4070,2098400
2017-11-15,4140,4145,4060,4080,2226200
2017-11-14,4040,4205,3975,4180,3686000
2017-11-13,4400,4470,4325,4390,1492000
2017-11-10,4400,4515,4370,4380,1539200
2017-11-09,4500,4595,4455,4540,1992500
2017-11-08,4415,4475,4395,4475,715000
2017-11-07,4360,4440,4340,4440,1025300
2017-11-06,4375,4395,4315,4350,1225500
2017-11-02,4300,4350,4245,4345,1290900
2017-11-01,4160,4260,4155,4240,1385500
2017-10-31,4050,4145,4040,4120,1249300
2017-10-30,4025,4060,3995,4040,1658700
2017-10-27,3970,4005,3920,3995,847200
2017-10-26,3965,3990,3910,3920,996000
2017-10-25,4050,4070,3970,3980,871600
2017-10-24,3975,4040,3935,4025,863900
2017-10-23,4010,4040,3970,4030,682600
2017-10-20,3905,3970,3900,3950,679200
2017-10-19,3950,3955,3915,3950,611300
2017-10-18,3990,3990,3905,3925,961300
2017-10-17,4000,4045,3970,4010,969100
2017-10-16,3980,3980,3925,3945,599400
2017-10-13,3955,3980,3930,3965,727300
2017-10-12,3930,3980,3925,3955,558800
2017-10-11,3935,3945,3870,3930,636000
2017-10-10,3845,3950,3840,3950,813000
2017-10-06,3950,3960,3830,3860,1001000
2017-10-05,3985,3990,3920,3930,479700
2017-10-04,3970,4010,3955,3970,798900
2017-10-03,3935,3955,3905,3945,775900
2017-10-02,3855,3890,3835,3865,505300
2017-09-29,3805,3840,3800,3830,566800
2017-09-28,3820,3825,3755,3815,828500
2017-09-27,3760,3800,3700,3785,667600
2017-09-26,3745,3750,3715,3740,709200
2017-09-25,3795,3845,3790,3800,723800
2017-09-22,3750,3765,3710,3755,794300
2017-09-21,3865,3875,3710,3720,1202500
2017-09-20,3880,3895,3830,3850,700500
2017-09-19,3890,3895,3840,3875,698700
2017-09-15,3775,3840,3760,3825,767500
2017-09-14,3770,3825,3740,3780,631600
2017-09-13,3800,3830,3780,3810,742700
2017-09-12,3705,3745,3690,3720,921100
2017-09-11,3660,3730,3640,3660,871400
2017-09-08,3600,3635,3580,3610,1102400
2017-09-07,3605,3640,3565,3610,1290000
2017-09-06,3540,3610,3530,3600,794600
2017-09-05,3670,3690,3595,3620,664000
2017-09-04,3665,3705,3650,3680,464000
2017-09-01,3700,3735,3680,3695,482400
2017-08-31,3695,3715,3665,3670,657700
2017-08-30,3725,3735,3655,3675,534800
2017-08-29,3640,3705,3635,3685,447900
2017-08-28,3640,3685,3620,3670,677300
2017-08-25,3640,3640,3590,3610,800800
2017-08-24,3660,3670,3630,3640,736000
2017-08-23,3810,3830,3640,3680,1430000
2017-08-22,3605,3725,3560,3705,2594500
2017-08-21,3355,3470,3340,3465,1419900
2017-08-18,3360,3390,3340,3340,990000
2017-08-17,3415,3470,3385,3450,681700
2017-08-16,3430,3485,3420,3430,559800
2017-08-15,3445,3530,3400,3435,1041400
2017-08-14,3415,3440,3380,3415,1420200
2017-08-10,3390,3420,3355,3395,690800
2017-08-09,3470,3475,3355,3370,816400
2017-08-08,3500,3510,3475,3490,455900
2017-08-07,3445,3495,3440,3485,737300
2017-08-04,3430,3445,3385,3400,834600
2017-08-03,3430,3470,3395,3465,733200
2017-08-02,3385,3470,3375,3435,592000
2017-08-01,3380,3415,3350,3365,517100
2017-07-31,3420,3430,3360,3375,1151600
2017-07-28,3485,3505,3405,3450,918900
2017-07-27,3490,3500,3440,3460,770700
2017-07-26,3555,3580,3470,3485,1009000
2017-07-25,3525,3535,3475,3500,660000
2017-07-24,3460,3530,3445,3520,826100
2017-07-21,3500,3590,3470,3495,2368800
2017-07-20,3250,3335,3250,3335,690600
2017-07-19,3245,3290,3215,3285,484600
2017-07-18,3260,3290,3230,3280,476800
2017-07-14,3275,3310,3270,3295,495800
2017-07-13,3265,3270,3220,3260,586100
2017-07-12,3270,3310,3265,3275,548500
2017-07-11,3275,3275,3255,3275,398400
2017-07-10,3195,3255,3180,3245,565800
2017-07-07,3145,3220,3140,3195,523200
2017-07-06,3210,3240,3175,3215,719800
2017-07-05,3150,3230,3125,3225,1024200
2017-07-04,3200,3215,3090,3100,1104500
2017-07-03,3180,3195,3155,3160,590200
2017-06-30,3165,3195,3120,3180,898000
2017-06-29,3265,3265,3210,3220,604600
2017-06-28,3265,3280,3190,3200,733800
2017-06-27,3295,3310,3250,3265,719000
2017-06-26,3265,3290,3250,3275,623700
2017-06-23,3240,3255,3215,3235,558400
2017-06-22,3165,3230,3160,3210,879100
2017-06-21,3155,3195,3140,3155,699300
2017-06-20,3175,3220,3170,3185,839900
2017-06-19,3080,3145,3065,3135,530600
2017-06-16,3125,3145,3095,3120,891200
2017-06-15,3120,3150,3075,3100,1056600
2017-06-14,3295,3295,3150,3155,934100
2017-06-13,3210,3220,3175,3210,688800
2017-06-12,3295,3315,3195,3225,798300
2017-06-09,3210,3270,3195,3265,1038900
2017-06-08,3225,3260,3195,3220,885200
2017-06-07,3180,3200,3155,3190,739000
2017-06-06,3255,3260,3170,3175,1076200
2017-06-05,3240,3295,3220,3295,841600
2017-06-02,3235,3295,3225,3265,1512800
2017-06-01,3120,3160,3105,3140,1008500
2017-05-31,3045,3100,3040,3095,885800
2017-05-30,3005,3080,2985,3070,628100
2017-05-29,3000,3030,2978,3010,438700
2017-05-26,3005,3010,2979,3010,613000
2017-05-25,3025,3035,2998,3020,595800
2017-05-24,2955,3020,2950,3005,1172600
2017-05-23,2925,2952,2911,2915,1123900
2017-05-22,2907,2922,2882,2920,877500
2017-05-19,2910,2912,2853,2885,997800
2017-05-18,2890,2914,2864,2898,994800
2017-05-17,2911,2965,2895,2962,1464500
2017-05-16,3030,3040,2926,2936,1611600
2017-05-15,3035,3035,2974,3015,1156800
2017-05-12,3145,3200,3060,3075,2527200
2017-05-11,2968,3005,2944,2977,1177100
2017-05-10,3010,3015,2965,2977,874800
2017-05-09,3000,3005,2973,2995,763600
2017-05-08,2997,3020,2968,3005,965200
2017-05-02,2904,2934,2896,2926,868000
2017-05-01,2886,2895,2868,2895,623400
2017-04-28,2902,2919,2863,2871,816200
2017-04-27,2879,2912,2867,2906,489400
2017-04-26,2880,2918,2872,2906,910900
2017-04-25,2775,2844,2751,2840,991600
2017-04-24,2850,2863,2775,2779,1004200
2017-04-21,2784,2810,2756,2780,1556300
2017-04-20,2733,2764,2725,2729,634200
2017-04-19,2721,2755,2707,2731,919000
2017-04-18,2733,2770,2708,2727,1150600
2017-04-17,2713,2727,2662,2694,849400
2017-04-14,2685,2737,2682,2713,901600
2017-04-13,2690,2696,2654,2683,1030200
2017-04-12,2722,2769,2722,2748,1365000
2017-04-11,2750,2769,2741,2759,1014900
2017-04-10,2774,2787,2729,2768,1117800
2017-04-07,2752,2765,2703,2739,721500
2017-04-06,2768,2802,2702,2718,1059200
2017-04-05,2774,2802,2761,2791,916100
2017-04-04,2779,2785,2730,2759,596200
2017-04-03,2805,2823,2777,2795,660800
2017-03-31,2875,2885,2803,2803,1213100
2017-03-30,2850,2867,2839,2844,737700
2017-03-29,2918,2934,2852,2868,612000
2017-03-28,2875,2889,2850,2888,781300
2017-03-27,2855,2862,2822,2835,735700
2017-03-24,2888,2922,2881,2894,862900
2017-03-23,2880,2887,2842,2883,745900
2017-03-22,2923,2948,2880,2880,915700
2017-03-21,3020,3035,2971,3015,745100
2017-03-17,3015,3055,3005,3035,855500
2017-03-16,2926,3040,2926,3035,789800
2017-03-15,2980,2990,2952,2971,986400
2017-03-14,3005,3015,2974,2998,1109800
2017-03-13,3100,3100,3035,3045,720400
2017-03-10,3060,3115,3050,3110,1092600
2017-03-09,3030,3075,3030,3060,748500
2017-03-08,3045,3045,2981,3015,724500
2017-03-07,3055,3075,3040,3055,700700
2017-03-06,3045,3085,3030,3055,611900
2017-03-03,3040,3055,3005,3020,589300
2017-03-02,3010,3065,2990,3035,979700
2017-03-01,2893,2970,2888,2957,840800
2017-02-28,2958,2973,2916,2921,870100
2017-02-27,2915,2938,2893,2926,537600
2017-02-24,2975,3005,2946,2954,775400
2017-02-23,3000,3005,2973,3000,609500
2017-02-22,3005,3020,2976,2979,1117800
2017-02-21,3000,3025,2989,3005,875100
2017-02-20,2979,2990,2951,2982,463700
2017-02-17,3000,3030,2985,2997,759300
2017-02-16,3030,3040,2982,3035,626800
2017-02-15,3035,3075,3020,3035,1126100
2017-02-14,3010,3030,2963,2967,1525300
2017-02-13,3050,3065,2957,2991,2342700
2017-02-10,2830,2872,2812,2867,997000
2017-02-09,2796,2798,2773,2781,837400
2017-02-08,2762,2803,2750,2802,810800
2017-02-07,2743,2767,2720,2746,472700
2017-02-06,2789,2798,2743,2769,610000
2017-02-03,2784,2807,2754,2767,922500
2017-02-02,2839,2843,2771,2777,820300
2017-02-01,2770,2829,2763,2814,807500
2017-01-31,2786,2809,2777,2791,826200
2017-01-30,2804,2828,2791,2822,958200
2017-01-27,2853,2854,2820,2822,997900
2017-01-26,2794,2844,2792,2839,1524600
2017-01-25,2714,2761,2714,2760,1430200
2017-01-24,2607,2679,2607,2648,1314300
2017-01-23,2590,2667,2580,2643,1437600
2017-01-20,2622,2649,2606,2640,936400
2017-01-19,2652,2667,2610,2649,1152800
2017-01-18,2532,2613,2511,2604,1237000
2017-01-17,2561,2586,2546,2556,1087000
2017-01-16,2596,2605,2572,2585,962300
2017-01-13,2625,2648,2600,2623,906400
2017-01-12,2636,2658,2595,2634,1814300
2017-01-11,2534,2569,2534,2563,1111500
2017-01-10,2562,2578,2539,2559,1831700
2017-01-06,2553,2609,2540,2604,781600
2017-01-05,2609,2632,2599,2613,959500
2017-01-04,2600,2656,2581,2644,880500
2016-12-30,2568,2596,2546,2586,384500
2016-12-29,2612,2618,2582,2588,438800
2016-12-28,2580,2645,2579,2640,505500
2016-12-27,2605,2623,2598,2606,423000
2016-12-26,2660,2665,2607,2610,589600
2016-12-22,2626,2674,2605,2669,791200
2016-12-21,2632,2657,2631,2641,536400
2016-12-20,2670,2698,2633,2652,1135400
2016-12-19,2640,2648,2612,2620,563200
2016-12-16,2640,2650,2629,2638,797700
2016-12-15,2594,2643,2592,2613,999000
2016-12-14,2573,2578,2533,2550,1067700
2016-12-13,2552,2577,2514,2574,1346500
2016-12-12,2664,2677,2576,2584,1374400
2016-12-09,2649,2666,2593,2648,1270800
2016-12-08,2569,2605,2562,2604,1034400
2016-12-07,2529,2560,2511,2519,1164500
2016-12-06,2505,2541,2496,2512,1159000
2016-12-05,2458,2488,2450,2480,940700
2016-12-02,2523,2538,2456,2464,1084000
2016-12-01,2513,2568,2497,2524,1142200
2016-11-30,2500,2502,2455,2461,1523500
2016-11-29,2469,2512,2469,2490,1078100
2016-11-28,2482,2486,2449,2485,1096100
2016-11-25,2474,2525,2467,2495,1313900
2016-11-24,2459,2502,2453,2466,1614400
2016-11-22,2485,2500,2472,2492,880700
2016-11-21,2497,2503,2458,2491,1107900
2016-11-18,2509,2510,2463,2495,1662500
2016-11-17,2483,2509,2440,2509,934400
2016-11-16,2539,2545,2482,2484,1202900
2016-11-15,2496,2533,2472,2513,1402700
2016-11-14,2400,2500,2396,2496,2060200
2016-11-11,2345,2375,2318,2348,2534900
2016-11-10,2280,2290,2182,2233,1539700
2016-11-09,2216,2249,2025,2039,1925000
2016-11-08,2200,2200,2168,2184,688300
2016-11-07,2212,2232,2179,2191,892400
2016-11-04,2169,2174,2134,2162,699300
2016-11-02,2190,2210,2156,2162,1081600
2016-11-01,2239,2259,2226,2240,1520300
2016-10-31,2230,2249,2210,2220,1365600
2016-10-28,2195,2203,2176,2183,1660000
2016-10-27,2167,2170,2142,2145,1121200
2016-10-26,2174,2188,2143,2173,1036800
2016-10-25,2174,2197,2169,2181,1139900
2016-10-24,2141,2151,2119,2149,989500
2016-10-21,2126,2174,2123,2142,2284800
2016-10-20,2069,2105,2049,2076,2377700
2016-10-19,2009,2016,1998,2001,699300
2016-10-18,2012,2018,1992,2015,680100
2016-10-17,2019,2033,1997,2023,895000
2016-10-14,2027,2048,2001,2019,828400
2016-10-13,2058,2072,2019,2033,1142300
2016-10-12,2040,2059,2036,2044,737800
2016-10-11,2074,2105,2056,2065,790600
2016-10-07,2057,2079,2047,2056,740900
2016-10-06,2051,2076,2042,2049,1630400
2016-10-05,2025,2042,2022,2031,1346900
2016-10-04,2010,2014,1983,2008,1169700
2016-10-03,2005,2005,1962,1982,938000
2016-09-30,1961,1983,1944,1972,747400
2016-09-29,1987,2004,1979,1995,1012100
2016-09-28,1963,1973,1943,1960,811700
2016-09-27,1930,1993,1921,1986,1388200
2016-09-26,1947,1959,1925,1938,762500
2016-09-23,1959,1969,1921,1943,854800
2016-09-21,1917,1958,1897,1957,909200
2016-09-20,1903,1936,1903,1925,601000
