DATE,OPEN_6908,CLOSE_6908,OPEN_7321,CLOSE_7321,saya_divide,saya_divide_mean,saya_divide_std,saya_divide_sigma,deviation_rate(%)
2020-05-12,3445,3400,360.0,345.0,9.855072463768115,7.732154694152647,0.7959461183644301,2.6671626641986763,21.54
2020-05-11,3110,3355,349.0,362.0,9.267955801104973,7.694554540977203,0.760595325451731,2.068644399297747,16.98
2020-05-08,2989,3055,340.0,344.0,8.880813953488373,7.664456759026202,0.7421781001894977,1.6389020292455438,13.7
2020-05-07,2888,2959,332.0,343.0,8.626822157434402,7.641169083789142,0.730963364536938,1.3484301970040133,11.43
2020-05-01,2965,2963,342.0,331.0,8.95166163141994,7.621239883451779,0.7241627504159219,1.837186112105372,14.86
2020-04-30,3085,3035,375.0,366.0,8.292349726775956,7.595570151273669,0.7105418708904481,0.9806312675551219,8.4
2020-04-28,2850,2963,360.0,359.0,8.253481894150418,7.578319441738361,0.7091200904185011,0.9521129940255917,8.18
2020-04-27,2670,2832,340.0,357.0,7.932773109243698,7.56227498305136,0.7072732816408529,0.5238401277265745,4.67
2020-04-24,2709,2665,330.0,340.0,7.838235294117647,7.5505712451162434,0.7083074209808865,0.40612880859420764,3.67
2020-04-23,2683,2726,313.0,329.0,8.285714285714286,7.539198696096635,0.7104415782376131,1.0507768864957574,9.01
2020-04-22,2781,2707,316.0,312.0,8.676282051282051,7.520129493344713,0.7093414370688641,1.6298956997560774,13.33
2020-04-21,2901,2820,323.0,320.0,8.8125,7.4959617270976695,0.700359916962791,1.879802428745042,14.94
2020-04-20,2970,2925,331.0,328.0,8.917682926829269,7.470913672714172,0.6862787632401288,2.1081364186245004,16.22
2020-04-17,2987,2954,334.0,328.0,9.00609756097561,7.444966316432099,0.6676230211276333,2.3383424404789364,17.33
2020-04-16,2931,2950,329.0,329.0,8.966565349544073,7.417561071957119,0.6447725497734627,2.4024041937442724,17.28
2020-04-15,3025,2972,346.0,337.0,8.818991097922849,7.391396459420299,0.6207518680603664,2.299783072684559,16.19
2020-04-14,2956,3025,345.0,348.0,8.692528735632184,7.36614601486443,0.6003493728528522,2.209351388950072,15.26
2020-04-13,3015,3010,352.0,345.0,8.72463768115942,7.3435233322326345,0.5816174393399168,2.3746095895855963,15.83
2020-04-10,3065,3110,353.0,357.0,8.711484593837534,7.322672685295032,0.5593353660868309,2.4829681667704593,15.94
2020-04-09,3080,3025,357.0,353.0,8.569405099150142,7.302341284396697,0.5356978086661762,2.3652585361666563,14.79
2020-04-08,2897,3010,352.0,359.0,8.384401114206128,7.284232784483145,0.5151201871065648,2.135750757318673,13.12
2020-04-07,2727,2849,359.0,353.0,8.070821529745043,7.266908459073834,0.4994389306332805,1.6096323721738315,9.96
2020-04-06,2475,2598,329.0,347.0,7.487031700288185,7.255160558125642,0.4906767146061262,0.4725537920597466,3.1
2020-04-03,2675,2565,344.0,335.0,7.656716417910448,7.253589008628165,0.4901199925749564,0.8225075805709577,5.27
2020-04-02,2821,2653,356.0,344.0,7.712209302325581,7.250382137953603,0.48825512760495,0.9458726355571319,5.99
2020-04-01,3000,2971,383.0,364.0,8.162087912087912,7.247552680589262,0.4861810983925908,1.8810587958320089,11.2
2020-03-31,3150,3190,406.0,389.0,8.20051413881748,7.238863923819837,0.47546430427296255,2.022549761055381,11.73
2020-03-30,3110,3090,414.0,410.0,7.536585365853658,7.230737554163149,0.4640298026891716,0.6591124318266693,4.06
2020-03-27,3260,3335,441.0,447.0,7.460850111856823,7.230482199308346,0.4638666657437215,0.4966252795490836,3.09
2020-03-26,3200,3105,424.0,433.0,7.170900692840647,7.229201146499307,0.46336108791243863,-0.12582078033638644,-0.81
2020-03-25,3220,3215,438.0,425.0,7.564705882352941,7.230128299374364,0.463313071525638,0.722141470942856,4.42
2020-03-24,2945,2996,396.0,398.0,7.527638190954774,7.226758590488024,0.4617839424967882,0.651559252666831,4.0
2020-03-23,2933,2935,331.0,375.0,7.826666666666667,7.2247234146086265,0.4607887014246094,1.3063324907859655,7.69
2020-03-19,3155,2921,372.0,331.0,8.824773413897281,7.218837956410511,0.45585530753985765,3.522906130354433,18.2
2020-03-18,3150,3120,387.0,371.0,8.409703504043126,7.199449369166938,0.4163511778469242,2.90681088290604,14.39
2020-03-17,2773,3100,340.0,386.0,8.031088082901555,7.183986655779696,0.3919358940691639,2.1613264820607943,10.55
2020-03-16,3060,2930,365.0,357.0,8.207282913165265,7.172709347441906,0.37936637390957334,2.72710929822674,12.61
2020-03-13,2990,3020,354.0,351.0,8.603988603988604,7.159481440245271,0.35985649438872724,4.014120034701765,16.79
2020-03-12,3250,3200,413.0,393.0,8.142493638676845,7.141423557401305,0.3185241939337175,3.142838441603135,12.29
2020-03-11,3330,3300,422.0,421.0,7.838479809976247,7.129894012589319,0.297002941502963,2.3857871366565546,9.04
2020-03-10,3205,3325,415.0,430.0,7.732558139534884,7.121037098433441,0.2854188234881005,2.1425392818457123,7.91
2020-03-09,3345,3270,429.0,422.0,7.748815165876778,7.114324069010105,0.27674605662299834,2.292683424685679,8.19
2020-03-06,3540,3485,466.0,461.0,7.559652928416486,7.109549081655021,0.2687308006934181,1.6749246666181985,5.95
2020-03-05,3785,3680,483.0,482.0,7.634854771784233,7.106739057261483,0.2650867013037508,1.9922376789381306,6.92
2020-03-04,3610,3715,486.0,483.0,7.691511387163561,7.101027363408272,0.25817091954951993,2.2871825563685464,7.68
2020-03-03,3865,3690,509.0,494.0,7.469635627530365,7.096263684290294,0.2504111142517645,1.4910358286440941,5.0
2020-03-02,3670,3795,499.0,505.0,7.514851485148514,7.100574083007691,0.2594212323171252,1.5969294357309833,5.51
2020-02-28,3720,3670,514.0,508.0,7.224409448818897,7.10126732880286,0.26059418940428514,0.47254361387542404,1.7
2020-02-27,3925,3875,539.0,525.0,7.380952380952381,7.104540263059572,0.2636438866679327,1.0484298399111307,3.74
2020-02-26,3905,3915,538.0,546.0,7.170329670329671,7.106264363552482,0.26585934284974616,0.24097444193787892,0.89
2020-02-25,4000,3955,544.0,543.0,7.283609576427256,7.110990000951386,0.2700726402525339,0.639159802764401,2.37
2020-02-21,4005,4065,566.0,571.0,7.119089316987741,7.115328558685287,0.27537243718090193,0.01365698884374149,0.05
2020-02-20,4190,4060,574.0,566.0,7.173144876325089,7.121417468802219,0.2803913589110637,0.18448288750323627,0.72
2020-02-19,4090,4090,578.0,570.0,7.175438596491228,7.128353805994496,0.28791883731885637,0.16353494246917863,0.66
2020-02-18,4100,4020,588.0,578.0,6.955017301038063,7.131940550633873,0.29014997788878366,-0.6097648219143618,-2.54
2020-02-17,4185,4115,600.0,588.0,6.9982993197278915,7.141454177631268,0.2958349529061607,-0.48390109585457175,-2.05
2020-02-14,4200,4235,595.0,601.0,7.046589018302829,7.150490937875273,0.30161908385591024,-0.3444805887086394,-1.47
2020-02-13,4230,4235,606.0,601.0,7.046589018302829,7.160999855428007,0.3113882497702739,-0.3674218189337099,-1.62
2020-02-12,4175,4230,610.0,606.0,6.98019801980198,7.170706221503815,0.3189254102389202,-0.5973440672510779,-2.73
2020-02-10,4240,4145,600.0,611.0,6.783960720130933,7.18005237351032,0.3234444640354888,-1.224604831498762,-5.84
2020-02-07,4350,4295,629.0,614.0,6.995114006514658,7.187845177943662,0.32083773001248245,-0.600712302201818,-2.76
2020-02-06,4350,4350,627.0,629.0,6.915739268680445,7.1932436578568,0.32095570348872365,-0.8646189681627029,-4.01
2020-02-05,4085,4065,623.0,619.0,6.567043618739903,7.2008377225096885,0.3210379379211696,-1.9742031358468695,-9.65
2020-02-04,4120,4105,617.0,622.0,6.59967845659164,7.2121446938560805,0.31335841542726156,-1.954523022556608,-9.28
2020-02-03,4135,4130,613.0,617.0,6.693679092382496,7.223452463688589,0.3062748778010306,-1.7297317204392348,-7.91
2020-01-31,4215,4205,644.0,641.0,6.5600624024961,7.232370818732206,0.30040078050952124,-2.2380381805126413,-10.25
2020-01-30,4215,4145,637.0,635.0,6.52755905511811,7.24342839377857,0.29055189704096906,-2.463826070147873,-10.97
2020-01-29,4255,4215,634.0,640.0,6.5859375,7.256293568109121,0.2797298299711418,-2.3964411238453827,-10.18
2020-01-28,4280,4285,631.0,638.0,6.716300940438871,7.267582864516306,0.2693403958980772,-2.046785155413704,-8.21
2020-01-27,4345,4350,637.0,641.0,6.786271450858035,7.2768487533577915,0.26207138399789875,-1.8719224320335952,-7.23
2020-01-24,4455,4405,655.0,647.0,6.8083462132921175,7.285081253841833,0.25616271255250483,-1.8610633678857553,-7.0
2020-01-23,4440,4400,652.0,651.0,6.7588325652841785,7.294679952165546,0.25156560642665743,-2.130050265983362,-7.93
2020-01-22,4495,4545,656.0,657.0,6.917808219178082,7.306280397686844,0.2465995182152012,-1.5753160481430941,-5.62
2020-01-21,4590,4535,662.0,662.0,6.850453172205438,7.314334499953973,0.24362677759855414,-1.90406544108593,-6.77
2020-01-20,4595,4660,661.0,662.0,7.039274924471299,7.323761407849472,0.2391321841651536,-1.1896620455810138,-4.04
2020-01-17,4625,4615,658.0,656.0,7.035060975609756,7.329713932666044,0.2375276502309206,-1.2404996082343709,-4.19
2020-01-16,4710,4620,661.0,659.0,7.01062215477997,7.334397968142762,0.23512258239813721,-1.377051111213709,-4.62
2020-01-15,4690,4730,667.0,663.0,7.134238310708899,7.336265471832453,0.23309097769688084,-0.8667309353615418,-2.83
2020-01-14,4815,4750,681.0,666.0,7.132132132132132,7.337026509643533,0.23252260638359243,-0.8811804611091749,-2.87
2020-01-10,4820,4785,688.0,681.0,7.026431718061674,7.342070496606852,0.2321260150722946,-1.3597733905304588,-4.49
2020-01-09,4850,4815,693.0,688.0,6.998546511627907,7.346101635343199,0.22921654683602968,-1.5162741456179254,-4.97
2020-01-08,4805,4780,680.0,678.0,7.050147492625369,7.351139330206476,0.22564678452432577,-1.3339070539631779,-4.27
2020-01-07,4765,4875,685.0,691.0,7.054992764109985,7.355122711623486,0.22291864663408728,-1.3463653760923502,-4.25
2020-01-06,4770,4750,691.0,680.0,6.985294117647059,7.3591293591617495,0.2201718233542598,-1.6979249924872721,-5.35
2019-12-30,4865,4840,716.0,706.0,6.855524079320113,7.357312510538644,0.22378182537193445,-2.242310922187438,-7.32
2019-12-27,4930,4935,717.0,719.0,6.863699582753825,7.361612228072455,0.2170974172560984,-2.2934987049213422,-7.25
2019-12-26,4890,4930,701.0,711.0,6.933895921237694,7.367219249508753,0.20946154263373357,-2.068748863502701,-6.25
2019-12-25,4965,4915,718.0,705.0,6.971631205673759,7.371217008034263,0.2039415779128936,-1.9593150472297136,-5.73
2019-12-24,4950,4935,714.0,710.0,6.950704225352113,7.376229404966742,0.19860913122064272,-2.1425257590090188,-6.12
2019-12-23,5060,4980,717.0,711.0,7.0042194092827,7.380091429736527,0.19303506637499937,-1.9471696387206658,-5.37
2019-12-20,5100,5000,723.0,722.0,6.925207756232687,7.385261201745894,0.18802647607196507,-2.446748219315277,-6.64
2019-12-19,5080,5030,717.0,719.0,6.995827538247566,7.39114024545922,0.18028388874084386,-2.192723431764399,-5.65
2019-12-18,5120,5120,720.0,715.0,7.160839160839161,7.395673490222885,0.17446748928676076,-1.3460062407256992,-3.28
2019-12-17,5120,5160,718.0,718.0,7.186629526462395,7.397993432542827,0.1724748631407557,-1.2254765838424742,-2.94
2019-12-16,5080,5120,717.0,710.0,7.211267605633803,7.4016829469700545,0.17086615899618543,-1.1144122537482832,-2.64
2019-12-13,5080,5080,712.0,717.0,7.085076708507671,7.4057335154411215,0.16990229339103385,-1.8873012278618964,-4.53
2019-12-12,5150,5040,710.0,701.0,7.1897289586305275,7.412890641356244,0.16753338895578054,-1.3320430280594298,-3.1
2019-12-11,5280,5210,713.0,707.0,7.369165487977369,7.41761582386862,0.16616468017326289,-0.29158023137486655,-0.66
2019-12-10,5200,5310,720.0,716.0,7.416201117318436,7.4182912850007385,0.16606929467078402,-0.01258611765917466,-0.03
2019-12-09,5420,5400,725.0,720.0,7.5,7.418216424132725,0.16607148546048803,0.49246007308541495,1.09
2019-12-06,5390,5400,717.0,719.0,7.510431154381084,7.41579131714271,0.16618746971299653,0.5694763714846627,1.26
2019-12-05,5390,5420,721.0,714.0,7.591036414565826,7.410379165404447,0.16959194369657504,1.0652466457050644,2.38
2019-12-04,5340,5390,715.0,717.0,7.517433751743376,7.406169091861922,0.16897306288322964,0.6584757237805661,1.48
2019-12-03,5210,5310,717.0,721.0,7.3647711511789185,7.401653587834952,0.17045793443055818,-0.2163726597957734,-0.5
2019-12-02,5290,5300,720.0,732.0,7.240437158469946,7.400530979680143,0.17097360875227138,-0.9363656904625673,-2.21
2019-11-29,5310,5250,720.0,718.0,7.311977715877437,7.399418503092907,0.17227814386369303,-0.5075558933619175,-1.2
2019-11-28,5310,5310,720.0,720.0,7.375,7.396973085928826,0.17478541722576876,-0.1257146407153831,-0.3
2019-11-27,5270,5310,715.0,719.0,7.385257301808067,7.392886067383889,0.17878933474220252,-0.0426690193060043,-0.1
2019-11-26,5300,5270,720.0,715.0,7.370629370629371,7.388016734114318,0.18383277809432863,-0.09458249864464027,-0.24
2019-11-25,5270,5220,718.0,720.0,7.25,7.383206649981245,0.18887533178656596,-0.7052622950877047,-1.84
2019-11-22,5100,5080,711.0,707.0,7.185289957567186,7.375275615498487,0.2060133996022827,-0.9222004893763056,-2.64
2019-11-21,5060,5130,711.0,711.0,7.215189873417722,7.368537707786259,0.2199120008101319,-0.6973145340118788,-2.13
2019-11-20,5190,5140,717.0,709.0,7.2496473906911145,7.363038123986495,0.2286616449197085,-0.49588873260837596,-1.56
2019-11-19,5220,5240,723.0,720.0,7.277777777777778,7.35783029747974,0.2355295612078198,-0.3398831097525298,-1.1
2019-11-18,5250,5230,725.0,729.0,7.174211248285323,7.3521911099050685,0.24234328720385354,-0.7344121789931543,-2.48
2019-11-15,5220,5270,709.0,729.0,7.229080932784637,7.350408833801804,0.24413059816670918,-0.49697949346896886,-1.68
2019-11-14,5320,5240,723.0,709.0,7.390691114245416,7.348927254251182,0.2451972646763544,0.1703275933740952,0.57
2019-11-13,5350,5350,731.0,728.0,7.3489010989010985,7.342502715748604,0.2502786426755756,0.025565038566988104,0.09
2019-11-12,5390,5340,737.0,741.0,7.206477732793522,7.337561631539226,0.2537377154735875,-0.5166118032592949,-1.82
2019-11-11,5640,5420,738.0,739.0,7.334235453315291,7.334771864156158,0.256300883291316,-0.0020928950145588246,-0.01
2019-11-08,5760,5720,755.0,734.0,7.79291553133515,7.331395465933183,0.2579483860313465,1.7891953987488087,5.92
2019-11-07,5680,5660,760.0,748.0,7.566844919786096,7.322221726281666,0.25356911276538047,0.9647199962038445,3.23
2019-11-06,5200,5580,737.0,747.0,7.469879518072289,7.315643914221272,0.2535368364060517,0.6083360746996196,2.06
2019-11-05,5180,5490,725.0,731.0,7.510259917920656,7.311178670325579,0.2537301126456107,0.7846181342816715,2.65
2019-11-01,5310,5320,700.0,707.0,7.524752475247524,7.305868682036254,0.25367545027706356,0.8628497277612229,2.91
2019-10-31,5500,5410,725.0,711.0,7.609001406469761,7.302151839763792,0.25248054345224463,1.215339457489753,4.03
2019-10-30,5530,5500,724.0,726.0,7.575757575757576,7.299430371735499,0.2502485464099977,1.1042110253433912,3.65
2019-10-29,5420,5570,729.0,724.0,7.693370165745856,7.298327934621981,0.24920875877774684,1.58518598247258,5.13
2019-10-28,5420,5360,716.0,720.0,7.444444444444445,7.295703815218089,0.24605140454637214,0.6045103847327281,2.0
2019-10-25,5450,5460,714.0,712.0,7.668539325842697,7.298923894801805,0.2495325760958045,1.481231175600026,4.82
2019-10-24,5550,5450,705.0,710.0,7.676056338028169,7.300256434148541,0.25175972605887414,1.492692694588279,4.9
2019-10-23,5440,5500,700.0,702.0,7.834757834757835,7.3028455466325655,0.25656382318277976,2.0732162528866263,6.79
2019-10-21,5340,5380,697.0,692.0,7.77456647398844,7.304077720413759,0.25932250727927997,1.814299724736129,6.05
2019-10-18,5260,5300,704.0,690.0,7.681159420289855,7.305552221582243,0.26229091213557776,1.4320252106693725,4.89
2019-10-17,5160,5180,708.0,703.0,7.368421052631579,7.307871062161953,0.2663388229654595,0.22734196162411477,0.82
2019-10-16,5150,5180,690.0,700.0,7.4,7.310229818187302,0.2676447831499495,0.3354079267160745,1.21
2019-10-15,5170,5090,687.0,680.0,7.485294117647059,7.3137983313068355,0.2705859553744492,0.6337941158213465,2.29
2019-10-11,5000,5020,674.0,677.0,7.41506646971935,7.315708695452494,0.2722903971775763,0.36489635806752074,1.34
2019-10-10,4970,4990,676.0,670.0,7.447761194029851,7.319361351747819,0.2754182282408422,0.4661995072081833,1.72
2019-10-09,4915,4955,677.0,673.0,7.362555720653789,7.321654113292211,0.2771876274216854,0.1475592822884341,0.56
2019-10-08,5010,5010,670.0,678.0,7.389380530973451,7.319643986972145,0.27743026327269393,0.2513660304346827,0.94
2019-10-07,4955,4960,670.0,662.0,7.492447129909365,7.31928741139433,0.27735757984445186,0.624319402455656,2.31
2019-10-04,4960,4965,666.0,668.0,7.432634730538922,7.316972657391673,0.27662624814897213,0.4181167691829478,1.56
2019-10-03,5020,5010,686.0,676.0,7.411242603550296,7.315413744619167,0.27629929870905956,0.3468299028584787,1.29
2019-10-02,5250,5190,700.0,701.0,7.403708987161198,7.314717304953306,0.27612264759982313,0.32229041326905267,1.2
2019-10-01,5180,5330,677.0,708.0,7.528248587570621,7.310171189574868,0.2774237801991396,0.7860804068029538,2.9
2019-09-30,5170,5180,682.0,679.0,7.628865979381444,7.306425747414352,0.2763484362085623,1.1667886975982158,4.23
2019-09-27,5280,5160,695.0,686.0,7.521865889212828,7.301467410077193,0.2738434249523246,0.8048339271757405,2.93
2019-09-26,5400,5260,705.0,696.0,7.557471264367816,7.2990385297353475,0.2726832197657922,0.9477397797137525,3.42
2019-09-25,5270,5240,703.0,700.0,7.485714285714286,7.292625615973649,0.27218524742673356,0.7094016724496135,2.58
2019-09-24,5190,5200,728.0,704.0,7.386363636363637,7.288106950889887,0.2717549623889133,0.3615635372763976,1.33
2019-09-20,5320,5220,743.0,730.0,7.1506849315068495,7.283482948244056,0.2729914007262454,-0.48645494467562284,-1.86
2019-09-19,5400,5300,725.0,737.0,7.191316146540027,7.284140482490632,0.27273001370922584,-0.3403524778522215,-1.29
2019-09-18,5420,5400,730.0,719.0,7.510431154381084,7.280153404515418,0.27622132181722214,0.8336711603242676,3.07
2019-09-17,5370,5350,722.0,730.0,7.328767123287672,7.274109560552241,0.2760756576351583,0.19798037684170594,0.75
2019-09-13,5400,5370,722.0,728.0,7.376373626373627,7.273967558585057,0.2760502453416189,0.3709689432148109,1.39
2019-09-12,5250,5350,714.0,728.0,7.3489010989010985,7.270239566147389,0.27652964850830625,0.2844596707009054,1.07
2019-09-11,4995,5090,720.0,692.0,7.355491329479769,7.267809773717595,0.27662840068070493,0.3169651255851324,1.19
2019-09-10,4990,4945,699.0,722.0,6.849030470914127,7.266158401565587,0.27646967740269746,-1.5087655708581873,-6.09
2019-09-09,4905,4960,676.0,691.0,7.1780028943560055,7.271551610310206,0.2721921790911479,-0.3436862744056795,-1.3
2019-09-06,4880,4895,680.0,672.0,7.284226190476191,7.2736730448066105,0.2720748118661777,0.03878766136856088,0.14
2019-09-05,4890,4890,662.0,676.0,7.233727810650888,7.277214796265028,0.27391187039127296,-0.15876269090500045,-0.6
2019-09-04,4875,4820,666.0,656.0,7.347560975609756,7.27928254788581,0.2741610226343278,0.24904498483365797,0.93
2019-09-03,4910,4880,668.0,674.0,7.240356083086054,7.283613918785726,0.2777481628892378,-0.15574481303382165,-0.6
2019-09-02,5000,4960,683.0,671.0,7.391952309985097,7.2906523755892145,0.28319790935191447,0.3577001490855027,1.37
2019-08-30,4980,5090,677.0,691.0,7.366136034732272,7.295300008540629,0.2876475310153427,0.24625980950229373,0.96
2019-08-29,4870,4915,666.0,670.0,7.335820895522388,7.304305435100282,0.3000302480069161,0.10504094380970229,0.43
2019-08-28,5040,4885,679.0,666.0,7.334834834834835,7.313321799063599,0.31080906688378723,0.06921624258561325,0.29
2019-08-27,5050,5090,670.0,682.0,7.463343108504398,7.319871827352757,0.3163208979288512,0.45356244905422544,1.92
2019-08-26,5020,4990,657.0,664.0,7.515060240963855,7.325514250208632,0.32254285758489715,0.5876614108726085,2.52
2019-08-23,5140,5160,690.0,677.0,7.621861152141802,7.325785590527413,0.3227107159829345,0.9174643014644913,3.88
2019-08-22,5170,5130,691.0,680.0,7.544117647058823,7.320882086640932,0.32096397430719886,0.6955159403784981,2.96
2019-08-21,5130,5090,688.0,686.0,7.419825072886297,7.318882916602545,0.3200328975240341,0.31541181255021256,1.36
2019-08-20,5100,5180,701.0,699.0,7.410586552217453,7.318920987795678,0.32004507296793067,0.28641454646283837,1.24
2019-08-19,5090,5130,716.0,701.0,7.31811697574893,7.318117413383946,0.3198895319994694,-1.3680817018376685e-06,-0.0
2019-08-16,5140,5030,706.0,708.0,7.104519774011299,7.319339771233067,0.3200623054306506,-0.6711818092190608,-3.02
2019-08-15,5040,5180,701.0,712.0,7.275280898876405,7.322547944157753,0.3190974076988624,-0.1481273245753061,-0.65
2019-08-14,5160,5140,705.0,716.0,7.17877094972067,7.326801242619202,0.32056165465562014,-0.46178415524327354,-2.06
2019-08-13,4915,5060,692.0,695.0,7.280575539568345,7.3321205660529785,0.32137015629394106,-0.1603914535159496,-0.71
2019-08-09,5040,5060,708.0,707.0,7.157001414427157,7.334437000111998,0.3216163089553016,-0.5516995896793939,-2.48
2019-08-08,4885,4990,695.0,700.0,7.128571428571429,7.337184412250845,0.32096829291718937,-0.6499488836837799,-2.93
2019-08-07,4875,4955,690.0,701.0,7.068473609129814,7.337422988489422,0.3208197575496953,-0.8383192525726765,-3.8
2019-08-06,4760,4900,684.0,698.0,7.020057306590258,7.338847123469835,0.31985834406620184,-0.996659373730755,-4.54
2019-08-05,4790,4970,714.0,709.0,7.009873060648801,7.343352920368314,0.3177088591045782,-1.0496397886397735,-4.76
2019-08-02,4940,4825,735.0,725.0,6.655172413793103,7.346744962605259,0.3154805920411092,-2.192123909549527,-10.39
2019-08-01,5100,5030,745.0,753.0,6.679946879150067,7.356422028834049,0.30507866598601197,-2.217379401137801,-10.13
2019-07-31,5150,5000,727.0,735.0,6.802721088435374,7.365318792595359,0.2947768499169353,-1.9085545704098512,-8.27
2019-07-30,5080,5110,749.0,745.0,6.859060402684563,7.3700490500419145,0.2884903847890033,-1.771250184754265,-7.45
2019-07-29,5170,5100,742.0,744.0,6.854838709677419,7.374459890242408,0.2831229969721386,-1.8353195823796793,-7.58
2019-07-26,5280,5210,739.0,740.0,7.04054054054054,7.378900628421908,0.27749399938827135,-1.2193419988442062,-4.81
2019-07-25,5290,5310,762.0,746.0,7.117962466487936,7.378127336426672,0.2785147618155332,-0.9341151910326746,-3.66
2019-07-24,5190,5230,745.0,757.0,6.9088507265521795,7.373793560779224,0.28498298922094706,-1.6314757435103424,-6.73
2019-07-23,5100,5150,724.0,738.0,6.978319783197832,7.369346783968575,0.2946414111231148,-1.3271284551625828,-5.6
2019-07-22,5030,5080,717.0,726.0,6.997245179063361,7.362028907316705,0.31064341848848387,-1.1742844256230947,-5.21
2019-07-19,4945,5070,700.0,716.0,7.081005586592179,7.353959104762734,0.3274229765231314,-0.8336419180749591,-3.85
2019-07-18,5030,4945,714.0,696.0,7.1048850574712645,7.343892817784977,0.3466979843129013,-0.6893831840049105,-3.36
2019-07-17,5100,5100,721.0,721.0,7.0735090152565885,7.329285482207335,0.378116014135758,-0.6764497069381279,-3.62
2019-07-16,5230,5180,732.0,726.0,7.134986225895317,7.313948847215745,0.41014989499458404,-0.4363346754551542,-2.51
2019-07-12,5400,5270,747.0,741.0,7.112010796221322,7.296072840394283,0.44527298403819504,-0.41336899109327435,-2.59
2019-07-11,5450,5420,742.0,748.0,7.245989304812834,7.274736843426293,0.4897029277805172,-0.05870403663656127,-0.4
2019-07-10,5380,5450,712.0,736.0,7.404891304347826,7.2534760336478366,0.5239093240028979,0.28901045231092715,2.04
2019-07-09,5460,5410,726.0,722.0,7.4930747922437675,7.231631489891839,0.5506154806814605,0.4748201086325381,3.49
2019-07-08,5510,5450,721.0,727.0,7.49656121045392,7.209032120204959,0.5737199941087416,0.5011662364942137,3.84
2019-07-05,5550,5580,725.0,726.0,7.68595041322314,7.190412952190831,0.5866015339712142,0.8447599133905879,6.45
2019-07-04,5550,5570,718.0,717.0,7.768479776847978,7.1679013682853805,0.5994095242217239,1.0019500596731281,7.73
2019-07-03,5610,5580,706.0,709.0,7.8702397743300425,7.145488102082938,0.6079014421535509,1.192219037480155,9.21
2019-07-02,5660,5660,715.0,714.0,7.927170868347339,7.1183703499463205,0.6202051713303928,1.3040854152603611,10.2
2019-07-01,5550,5630,706.0,714.0,7.88515406162465,7.090835657908585,0.6294585719585135,1.2619073583263836,10.07
2019-06-28,5360,5420,709.0,690.0,7.855072463768116,7.066221867812269,0.633993518854603,1.244256561772138,10.04
2019-06-27,5340,5410,690.0,717.0,7.545327754532775,7.043902908972635,0.6352929972373638,0.7892812414754092,6.65
2019-06-26,5270,5260,691.0,686.0,7.667638483965015,7.025761074351648,0.6401242029368602,1.002738853910637,8.37
2019-06-25,5330,5340,694.0,700.0,7.628571428571429,7.006474456736367,0.6422816786147393,0.9685734352204922,8.15
2019-06-24,5330,5390,720.0,701.0,7.689015691868759,6.985339181878536,0.647522325571591,1.0867216190099127,9.15
2019-06-21,5420,5410,745.0,710.0,7.619718309859155,6.962511529287923,0.652472316491825,1.007256191503822,8.63
2019-06-20,5390,5380,732.0,746.0,7.2117962466487935,6.9410129652541475,0.6570114539223693,0.4121439280518861,3.75
2019-06-19,5180,5360,700.0,728.0,7.362637362637362,6.925790788777267,0.6637522982165367,0.6581469850031051,5.93
2019-06-18,5230,5050,719.0,690.0,7.318840579710145,6.908690251773818,0.6687796277213853,0.6132817312838305,5.6
2019-06-17,5330,5260,722.0,719.0,7.3157162726008345,6.8912198101405195,0.6749230950329085,0.6289553070333398,5.8
2019-06-14,5290,5350,736.0,727.0,7.359009628610729,6.871000644454559,0.6845491512742591,0.7128910805714427,6.63
2019-06-13,5400,5290,737.0,749.0,7.0627503337783715,6.851321441773448,0.6914176309840804,0.30579042611916263,2.99
2019-06-12,5490,5450,748.0,752.0,7.247340425531915,6.836585780757414,0.6984952323998779,0.588056475866324,5.67
2019-06-11,5330,5450,734.0,751.0,7.256990679094541,6.818540192882622,0.705101816406759,0.6218257789297554,6.04
2019-06-10,5250,5380,735.0,733.0,7.339699863574352,6.799369313925117,0.7124284395644961,0.758434840107642,7.36
2019-06-07,5300,5180,722.0,732.0,7.076502732240437,6.777492312159896,0.720645054090271,0.41492051930892143,4.23
2019-06-06,5190,5160,728.0,722.0,7.146814404432133,6.758548778462264,0.7311334479763852,0.5310461818488844,5.43
2019-06-05,5140,5160,715.0,733.0,7.03956343792633,6.73970978926713,0.7390468259271826,0.40573024352416887,4.26
2019-06-04,4735,5040,690.0,700.0,7.2,6.723430807407961,0.7456795392302588,0.6391072404695266,6.62
2019-06-03,4800,4735,687.0,687.0,6.892285298398836,6.708466730549148,0.7472251904848836,0.24600156711848223,2.67
2019-05-31,5140,4940,696.0,700.0,7.057142857142857,6.6902755973779495,0.7590425754388563,0.48332896155765104,5.2
2019-05-30,5160,5130,704.0,701.0,7.31811697574893,6.66957109319005,0.7698545852482653,0.8424264724613354,8.86
2019-05-29,5060,5060,707.0,713.0,7.096774193548387,6.645989758956232,0.7766844906246585,0.5803958235725881,6.35
2019-05-28,5120,5160,705.0,720.0,7.166666666666667,6.62131408223393,0.7912330653000192,0.689243926157144,7.61
2019-05-27,5120,5120,710.0,708.0,7.231638418079096,6.599108361661873,0.7989485761617806,0.7917030898984176,8.75
2019-05-24,5070,5150,708.0,710.0,7.253521126760563,6.575146633635764,0.8065320621837133,0.8411004657249176,9.35
2019-05-23,5280,5180,699.0,706.0,7.337110481586402,6.54933248951176,0.8153416683737112,0.9661937107249187,10.74
2019-05-22,5320,5300,703.0,702.0,7.54985754985755,6.524067822320746,0.8198844984619857,1.2511393122580972,13.59
2019-05-21,5260,5150,686.0,697.0,7.388809182209469,6.494916761783115,0.8217596451398252,1.0877784346227606,12.1
2019-05-20,5500,5340,703.0,696.0,7.672413793103448,6.465438451927795,0.828789403002701,1.456311261706274,15.73
2019-05-17,5450,5430,702.0,699.0,7.76824034334764,6.431223033072878,0.8312213679319728,1.6084972810566431,17.21
2019-05-16,5510,5310,671.0,686.0,7.740524781341108,6.39454410871046,0.832107966163942,1.6175553261864373,17.39
2019-05-15,5370,5420,669.0,674.0,8.041543026706231,6.3609257313875425,0.8279726727694087,2.0297980242480085,20.9
2019-05-14,5120,5320,650.0,664.0,8.012048192771084,6.3199837762468265,0.8197348742982128,2.064160583594616,21.12
2019-05-13,5540,5220,692.0,667.0,7.826086956521739,6.279432813614094,0.8101973491070291,1.9089844525069264,19.76
2019-05-10,5290,5560,700.0,705.0,7.886524822695035,6.242071398398441,0.8025859112366162,2.0489437968862894,20.85
2019-05-09,5410,5320,715.0,706.0,7.5354107648725215,6.2049256236421915,0.7899879663699251,1.6841840608586032,17.66
2019-05-08,5410,5310,741.0,732.0,7.254098360655738,6.1709598903669685,0.7868105470024427,1.37661915490999,14.93
2019-05-07,5850,5590,765.0,756.0,7.394179894179894,6.1391695453609865,0.7905633891024632,1.5874885760188528,16.97
2019-04-26,5680,5760,774.0,776.0,7.422680412371134,6.106769819802948,0.7882559320691421,1.669395102570266,17.73
2019-04-25,5750,5770,783.0,785.0,7.350318471337579,6.075672233581774,0.7817074635109147,1.6305923855849274,17.34
2019-04-24,5860,5750,802.0,776.0,7.40979381443299,6.044252145713115,0.7771885145375462,1.7570275977796963,18.43
2019-04-23,5890,5810,768.0,791.0,7.345132743362832,6.008352717299569,0.7754653824873544,1.7238422968352964,18.2
2019-04-22,5890,5840,767.0,769.0,7.594278283485045,5.979459174699346,0.7654252815730705,2.1097018189247545,21.26
2019-04-19,5780,5850,778.0,772.0,7.577720207253886,5.947833642990701,0.746826439507327,2.1824167946416084,21.51
2019-04-18,5800,5710,785.0,766.0,7.454308093994778,5.916170400173188,0.7271342741419868,2.115342033129413,20.63
2019-04-17,5670,5780,793.0,785.0,7.3630573248407645,5.886368666682482,0.7090617173386347,2.0825953821069763,20.06
2019-04-16,5620,5660,789.0,792.0,7.146464646464646,5.859446773603476,0.6905739257010991,1.8636931180894747,18.01
2019-04-15,5740,5690,787.0,793.0,7.175283732660782,5.836821795392667,0.6756734991742276,1.9809300481725458,18.65
2019-04-12,5480,5570,759.0,757.0,7.357992073976222,5.81308117018526,0.6593106325396813,2.3432215825792553,21.0
2019-04-11,5500,5470,748.0,753.0,7.2642762284196545,5.7838634980878,0.6384237343748844,2.3188560365497812,20.38
2019-04-10,5530,5580,755.0,756.0,7.380952380952381,5.756028000182278,0.618469982726913,2.6273294196196955,22.02
2019-04-09,5660,5650,781.0,769.0,7.347204161248374,5.727721771876048,0.5914440869919636,2.7381834141057717,22.04
2019-04-08,5650,5590,797.0,781.0,7.157490396927017,5.701082579137835,0.5621712805413726,2.5906834237185805,20.35
2019-04-05,5700,5680,794.0,790.0,7.189873417721519,5.67586389529762,0.5381838358310869,2.8131828227168882,21.06
2019-04-04,5640,5700,795.0,793.0,7.187894073139975,5.6508426925016,0.5101035641623394,3.0132143521922377,21.38
2019-04-03,5450,5600,792.0,802.0,6.982543640897756,5.622567267043923,0.48212763804986175,2.820780777793087,19.48
2019-04-02,5440,5380,828.0,792.0,6.792929292929293,5.599792858594085,0.45703785058652296,2.6105856064307154,17.56
2019-04-01,5200,5280,805.0,803.0,6.575342465753424,5.577854863928818,0.4383468381784557,2.275567005272931,15.17
2019-03-29,5120,5060,810.0,787.0,6.429479034307497,5.562008562666017,0.4232218826654089,2.049682464853277,13.49
2019-03-28,5160,5120,813.0,801.0,6.392009987515605,5.548954848214589,0.41119204566190626,2.050271030763566,13.19
2019-03-27,5190,5200,841.0,822.0,6.326034063260341,5.534686560541277,0.40010774844171926,1.977835984934277,12.51
2019-03-26,4955,5150,837.0,857.0,6.0093348891481915,5.522834885963744,0.3895161438050438,1.2489854680527572,8.1
2019-03-25,4950,4940,862.0,834.0,5.92326139088729,5.513452778853703,0.38614480070295454,1.0612822218182227,6.92
2019-03-22,4960,5070,894.0,875.0,5.7942857142857145,5.506042404258057,0.38353324064086053,0.7515471398151056,4.97
2019-03-20,4865,4900,872.0,889.0,5.511811023622047,5.500434940525113,0.3823505576381415,0.029753018191490215,0.21
2019-03-19,4855,4945,854.0,875.0,5.651428571428571,5.496502726572405,0.3837273683580654,0.4037393671425615,2.74
2019-03-18,4920,4965,850.0,861.0,5.7665505226480835,5.490389846187561,0.3848607379288118,0.7175600139071708,4.79
2019-03-15,4920,4940,810.0,852.0,5.7981220657277,5.485309180223907,0.3836949330278647,0.8152645723916191,5.4
2019-03-14,5000,4935,830.0,809.0,6.100123609394314,5.480120701682408,0.3820574022996678,1.6228004063787385,10.16
2019-03-13,5060,4960,819.0,827.0,5.9975816203143895,5.472526589120395,0.3752582248090318,1.3991832729614218,8.75
2019-03-12,4915,5010,821.0,823.0,6.087484811664641,5.462900041531951,0.370900811221969,1.683967117987515,10.26
2019-03-11,4780,4745,816.0,813.0,5.836408364083641,5.451592523181915,0.36456006657031303,1.0555622411471826,6.59
2019-03-08,4825,4760,833.0,812.0,5.862068965517241,5.443921893142282,0.3624286634153273,1.1537362095883144,7.13
2019-03-07,4985,4940,809.0,818.0,6.039119804400978,5.436622396823026,0.35943417460739713,1.6762385163738212,9.98
2019-03-06,5080,5050,819.0,817.0,6.181150550795594,5.429691959652007,0.3526982790035783,2.130598973339371,12.16
2019-03-05,5090,5090,811.0,823.0,6.184690157958688,5.420668431840229,0.34184768688334527,2.234977024662972,12.35
2019-03-04,5150,5120,839.0,823.0,6.221142162818955,5.413542872721362,0.33125356290364777,2.438009369675823,12.98
2019-03-01,4965,5010,829.0,829.0,6.043425814234017,5.40382324418206,0.31783747413004176,2.0123573276015474,10.58
2019-02-28,4990,4925,819.0,824.0,5.976941747572815,5.400707426983591,0.3126552510829065,1.8430342001082352,9.64
2019-02-27,5000,4920,832.0,819.0,6.007326007326007,5.395097352377285,0.30596873748115483,2.000951665810074,10.19
2019-02-26,5080,5020,830.0,827.0,6.070133010882708,5.393458246460723,0.3029994497384496,2.233254103286636,11.15
2019-02-25,4955,5010,827.0,824.0,6.080097087378641,5.3898045447654095,0.29639803768532585,2.3289376272662357,11.35
2019-02-22,4895,4915,830.0,818.0,6.008557457212714,5.381249871375608,0.2854064515325913,2.1979446591643432,10.44
2019-02-21,4845,4825,823.0,832.0,5.799278846153846,5.370714316007407,0.27650067190023664,1.5499583679169775,7.39
2019-02-20,4970,4830,822.0,821.0,5.883069427527405,5.3629825919001055,0.27248710687009187,1.9086658506571141,8.84
2019-02-19,4885,4915,839.0,825.0,5.957575757575758,5.353540913754292,0.26650513985695184,2.266503543405147,10.14
2019-02-18,4930,4945,848.0,839.0,5.893921334922527,5.343813652262849,0.2574405395653149,2.136833940717059,9.33
2019-02-15,4700,4795,822.0,824.0,5.819174757281553,5.338980745960628,0.25037334204135187,1.9179118967130946,8.25
2019-02-14,4845,4770,848.0,837.0,5.698924731182796,5.334574706590358,0.2447281726803338,1.4887947742263234,6.39
2019-02-13,4785,4830,846.0,854.0,5.655737704918033,5.332866703832092,0.2426172603974114,1.3307833109526992,5.71
2019-02-12,4600,4805,801.0,838.0,5.733890214797136,5.331515297896755,0.24109255799477966,1.6689644850385386,7.02
2019-02-08,4730,4620,791.0,794.0,5.818639798488665,5.331614427314602,0.24125945178266672,2.0186789266718104,8.37
2019-02-07,4470,4850,802.0,798.0,6.0776942355889725,5.332554181186914,0.24328346264105752,3.06284712619963,12.26
2019-02-06,4490,4450,825.0,805.0,5.527950310559007,5.329342525828155,0.2348698940429458,0.8456076737299355,3.59
2019-02-05,4270,4475,819.0,813.0,5.50430504305043,5.332923263722312,0.23986453797007434,0.714494025579973,3.11
2019-02-04,4500,4595,825.0,828.0,5.549516908212561,5.337456358598256,0.24618976125018024,0.8613703045059076,3.82
2019-02-01,4365,4370,850.0,833.0,5.24609843937575,5.340669916304129,0.2504726146759657,-0.3775721232068626,-1.8
2019-01-31,4385,4445,799.0,808.0,5.501237623762377,5.348586520445785,0.25666502444779776,0.5947483637282203,2.77
2019-01-30,4300,4315,824.0,794.0,5.434508816120907,5.350400084155098,0.25821310339206993,0.32573378678656345,1.55
2019-01-29,4310,4355,813.0,819.0,5.317460317460317,5.3537569600708705,0.26090720475731777,-0.13911705751596457,-0.68
2019-01-28,4470,4430,834.0,814.0,5.442260442260443,5.35824162212844,0.26312604485576074,0.31931016246628013,1.54
2019-01-25,4325,4500,842.0,839.0,5.363528009535161,5.3591840619970545,0.26355152651443525,0.0164823463387083,0.08
2019-01-24,4325,4365,862.0,843.0,5.177935943060498,5.3629942098636,0.2656440928640877,-0.6966398718219717,-3.57
2019-01-23,4240,4325,846.0,847.0,5.106257378984652,5.371032335213806,0.2690222833875462,-0.984211987553931,-5.19
2019-01-22,4495,4345,879.0,866.0,5.017321016166282,5.37763562028599,0.26851977503385527,-1.3418550051826905,-7.18
2019-01-21,4300,4525,865.0,867.0,5.219146482122261,5.387391703235161,0.26854377052330697,-0.6265094914882717,-3.22
2019-01-18,4245,4270,859.0,859.0,4.970896391152503,5.393132650328521,0.26948638166290195,-1.5668185404047235,-8.49
2019-01-17,4200,4245,843.0,854.0,4.970725995316159,5.402990034321924,0.2673743694462931,-1.6166996107403357,-8.7
2019-01-16,4325,4190,850.0,834.0,5.023980815347722,5.414765678504152,0.2675256012079398,-1.46073819250175,-7.78
2019-01-15,4045,4310,814.0,845.0,5.100591715976331,5.428323485319923,0.2730857397185809,-1.2001057604887175,-6.43
2019-01-11,4165,4150,851.0,832.0,4.987980769230769,5.443116831612913,0.28473445721179524,-1.5984579697131551,-9.12
2019-01-10,4065,4115,828.0,845.0,4.8698224852071,5.45884182631518,0.29164716817542463,-2.0196299000365645,-12.1
2019-01-09,4155,4160,834.0,838.0,4.964200477326969,5.4767178773896115,0.29605122530223205,-1.7311781079082682,-10.32
2019-01-08,4105,4225,817.0,830.0,5.090361445783133,5.490359583098466,0.29569277786612624,-1.3527490938464213,-7.86
2019-01-07,3835,4035,832.0,808.0,4.993811881188119,5.50516330170823,0.3029990188264616,-1.6876339154516564,-10.24
2019-01-04,3860,3755,780.0,796.0,4.717336683417085,5.519551365514611,0.3039949075314985,-2.6389082916278936,-17.01
2018-12-28,4070,4070,792.0,786.0,5.178117048346056,5.534350386634781,0.2913344052649252,-1.22276439668972,-6.88
2018-12-27,3985,4110,769.0,787.0,5.222363405336722,5.542947714879055,0.2902069360421444,-1.1046748706784093,-6.14
2018-12-26,3840,3845,715.0,739.0,5.20297699594046,5.552354003495184,0.2910952426500094,-1.2002154496725586,-6.71
2018-12-25,3900,3810,755.0,730.0,5.219178082191781,5.562761272110931,0.292368519722756,-1.1751716301226947,-6.58
2018-12-21,4070,4040,734.0,756.0,5.343915343915344,5.5735485751010625,0.29441086326797483,-0.7799754011682122,-4.3
2018-12-20,4000,4000,752.0,734.0,5.449591280653951,5.58250675841822,0.29749284500016066,-0.44678546055182544,-2.44
2018-12-19,4030,4100,777.0,760.0,5.394736842105263,5.592782049279341,0.3059142706823471,-0.6473879323522079,-3.67
2018-12-18,4105,4030,808.0,780.0,5.166666666666667,5.602120807473141,0.3103840626469087,-1.4029526422619334,-8.43
2018-12-17,4210,4250,825.0,821.0,5.176613885505481,5.612462687815021,0.30861961910162705,-1.4122524147306936,-8.42
2018-12-14,4365,4280,816.0,814.0,5.257985257985258,5.623079762436161,0.3071361896926621,-1.188705586327152,-6.94
2018-12-13,4285,4365,815.0,816.0,5.349264705882353,5.63237257407961,0.30649225090512666,-0.9237031845379065,-5.29
2018-12-12,4270,4255,810.0,808.0,5.266089108910891,5.639267824919539,0.30586204759614427,-1.2200883337490365,-7.09
2018-12-11,4190,4240,818.0,798.0,5.31328320802005,5.647776014448169,0.30423387231220317,-1.099459451657849,-6.3
2018-12-10,4300,4145,823.0,818.0,5.067237163814181,5.655226811984646,0.30279008754689823,-1.9419052087674182,-11.6
2018-12-07,4410,4420,839.0,838.0,5.274463007159905,5.664497626634433,0.29519434842883907,-1.3212807817984094,-7.39
2018-12-06,4520,4360,843.0,847.0,5.147579693034238,5.672418100245215,0.2925807483189233,-1.7938241330864482,-10.2
2018-12-05,4700,4595,871.0,853.0,5.386869871043376,5.681679116593466,0.2867562301145512,-1.0280831402767507,-5.47
2018-12-04,4990,4840,918.0,888.0,5.45045045045045,5.688659767582606,0.2858656970249784,-0.8332910160652863,-4.37
2018-12-03,5030,4960,920.0,932.0,5.3218884120171674,5.693976916792884,0.285093215237121,-1.3051468252804237,-6.99
2018-11-30,4890,4975,914.0,915.0,5.437158469945355,5.703149123586903,0.284038676740027,-0.9364592762309005,-4.89
2018-11-29,4850,4860,912.0,916.0,5.3056768558951966,5.713917854361076,0.28901670891699427,-1.4125169440744203,-7.69
2018-11-28,4745,4820,890.0,898.0,5.367483296213808,5.727076631887016,0.2925749589489189,-1.2290639532687748,-6.7
2018-11-27,4680,4745,885.0,883.0,5.373725934314836,5.741032073459383,0.29995893201214113,-1.224521425918667,-6.84
2018-11-26,4545,4570,885.0,876.0,5.21689497716895,5.758039318482715,0.31446122534080895,-1.7208618987198812,-10.37
2018-11-22,4670,4575,899.0,881.0,5.192962542565267,5.774837962106397,0.31872757647794525,-1.825619941553421,-11.21
2018-11-21,4560,4680,855.0,869.0,5.385500575373993,5.787792193732592,0.31453118564414606,-1.2790198133603934,-7.47
2018-11-20,4700,4695,862.0,868.0,5.408986175115207,5.800782697524784,0.3177509419724029,-1.233030246826473,-7.24
2018-11-19,4720,4795,891.0,867.0,5.530565167243368,5.817317606127743,0.32899978530685825,-0.8715885289010776,-5.18
2018-11-16,4650,4690,896.0,889.0,5.275590551181103,5.83358372535136,0.34422604633440973,-1.6210079978322636,-10.58
2018-11-15,4700,4705,902.0,898.0,5.239420935412027,5.856618815889856,0.3633872090675495,-1.6984579123232135,-11.78
2018-11-14,4730,4735,897.0,900.0,5.261111111111111,5.881507994414481,0.38362486443673494,-1.6171967482198526,-11.79
2018-11-13,4825,4730,881.0,890.0,5.314606741573034,5.909012428425957,0.4111219456805961,-1.4458135672346752,-11.18
2018-11-12,4970,4995,915.0,905.0,5.519337016574585,5.935598124096303,0.4355674674328341,-0.9556753858939341,-7.54
2018-11-09,5210,5020,915.0,912.0,5.504385964912281,5.957668810371416,0.45540224671931,-0.9953460895824675,-8.23
2018-11-08,5050,5170,916.0,915.0,5.6502732240437155,5.98157028634537,0.477491056683767,-0.6938288323189815,-5.86
2018-11-07,5000,4910,883.0,894.0,5.492170022371365,6.004948351596973,0.5029423940332316,-1.0195567828623453,-9.34
2018-11-06,5000,5130,890.0,883.0,5.809739524348811,6.033328613367654,0.5323983380826076,-0.4199657906973973,-3.85
2018-11-05,4660,4895,856.0,881.0,5.556186152099887,6.057496060589457,0.562015731775219,-0.8919855444368096,-9.02
2018-11-02,5040,5090,872.0,865.0,5.884393063583815,6.085620836324272,0.5883854587027993,-0.34199990799245666,-3.42
2018-11-01,4795,5060,872.0,873.0,5.7961053837342495,6.109060515749836,0.6143459882999226,-0.5094118590757403,-5.4
2018-10-31,4600,4775,883.0,878.0,5.438496583143508,6.1327007696195555,0.635594268714468,-1.0922127851783836,-12.76
2018-10-30,4500,4540,868.0,870.0,5.218390804597701,6.159401318322296,0.6478154346088153,-1.4525904500759954,-18.03
2018-10-29,4600,4520,895.0,866.0,5.219399538106235,6.192077202602379,0.6611950760628141,-1.4710903025595705,-18.64
2018-10-26,4700,4585,896.0,886.0,5.1749435665914225,6.225854213913558,0.6752008887350678,-1.5564414455835927,-20.31
2018-10-25,4860,4700,907.0,899.0,5.2280311457174635,6.259685155038251,0.685189797356316,-1.5056470678653453,-19.73
2018-10-24,5130,5100,945.0,922.0,5.531453362255966,6.29515606662286,0.6995737088968758,-1.0916686757298815,-13.81
2018-10-23,5120,5110,943.0,931.0,5.488721804511278,6.328003604192116,0.7204685706092777,-1.1649110508333256,-15.29
2018-10-22,5100,5270,940.0,946.0,5.570824524312896,6.359098290059326,0.7337776472507505,-1.074267891233619,-14.15
2018-10-19,5360,5260,947.0,947.0,5.554382259767688,6.392431537346062,0.7537240772355118,-1.1118780769909171,-15.09
2018-10-18,5530,5460,963.0,951.0,5.7413249211356465,6.425553211507843,0.7705622275613128,-0.8879598115490982,-11.92
2018-10-17,5570,5630,963.0,956.0,5.889121338912134,6.455319256659488,0.7865099471891682,-0.7198865313411908,-9.61
2018-10-16,5610,5580,963.0,956.0,5.836820083682008,6.488896404239424,0.8148648434378281,-0.8002263514110816,-11.17
2018-10-15,5770,5640,974.0,973.0,5.796505652620761,6.51977492791841,0.8332419597459138,-0.8680183070931766,-12.48
2018-10-12,5650,5780,998.0,989.0,5.844287158746209,6.550698366507439,0.8487186739160139,-0.8323266937227005,-12.09
2018-10-11,5780,5750,994.0,993.0,5.790533736153072,6.580991983994701,0.8633851555909811,-0.9155337484353272,-13.65
2018-10-10,5850,5980,1027.0,1024.0,5.83984375,6.6122425789554455,0.8765259394570959,-0.8812047586793098,-13.23
2018-10-09,6090,5750,1061.0,1020.0,5.637254901960785,6.642597739529588,0.8885895502527402,-1.1313916951677578,-17.83
2018-10-05,5990,6090,1063.0,1071.0,5.686274509803922,6.670232102627346,0.8891220751723228,-1.1066619762339398,-17.3
2018-10-04,6000,6010,1043.0,1063.0,5.653809971777987,6.694492448683788,0.8867635119144305,-1.1735738592345504,-18.41
2018-10-03,5900,5750,1050.0,1043.0,5.512943432406519,6.725838323644405,0.8909641111597453,-1.3613285608767016,-22.0
2018-10-02,6030,5960,1047.0,1055.0,5.649289099526066,6.756204848569948,0.8879141587726636,-1.246647255376508,-19.59
2018-10-01,5950,5960,1053.0,1031.0,5.780795344325897,6.782196783383285,0.8836530763473711,-1.1332517996731664,-17.32
2018-09-28,5940,5960,1040.0,1064.0,5.601503759398496,6.809364621021878,0.8837701622414381,-1.366713782868588,-21.56
2018-09-27,6000,5910,1054.0,1028.0,5.749027237354086,6.837866310027,0.878812366107844,-1.2389892480635583,-18.94
2018-09-26,5970,6000,1050.0,1062.0,5.649717514124294,6.865159981949998,0.87635622721134,-1.3869274047305773,-21.51
2018-09-25,5910,5990,1043.0,1049.0,5.710200190657769,6.893517892276461,0.8709615833842128,-1.3586336345867132,-20.72
2018-09-21,5660,5930,1000.0,1013.0,5.853899308983218,6.9192078832896735,0.8640679572357596,-1.232899062377553,-18.2
2018-09-20,6030,5920,985.0,980.0,6.040816326530612,6.9411916195486025,0.8576348722448739,-1.0498352179421564,-14.9
2018-09-19,6010,6030,981.0,971.0,6.210092687950566,6.965248973129766,0.8573472131342587,-0.8808056684741844,-12.16
2018-09-18,5900,5970,955.0,968.0,6.167355371900826,6.98406300894975,0.8560506976311751,-0.9540412025933516,-13.24
2018-09-14,5730,5900,955.0,950.0,6.2105263157894735,7.003818855584623,0.854069676614251,-0.9288381984710686,-12.77
2018-09-13,5810,5670,938.0,947.0,5.9873284054910245,7.028185837248056,0.8571535497381365,-1.2143185221306234,-17.38
2018-09-12,5890,5810,960.0,937.0,6.2006403415154745,7.052628296115015,0.853252646505574,-0.9985177990232866,-13.74
2018-09-11,5700,5830,961.0,960.0,6.072916666666667,7.076588348726767,0.8542218396300141,-1.1749543684048354,-16.53
2018-09-10,5540,5600,960.0,961.0,5.82726326742976,7.102596518661407,0.8529613513035101,-1.4951829286082667,-21.89
2018-09-07,5710,5590,956.0,960.0,5.822916666666667,7.133858512868075,0.848601940986415,-1.544825415644901,-22.51
2018-09-06,5780,5750,964.0,970.0,5.927835051546392,7.163290331049893,0.8408683680025782,-1.4692612143779835,-20.84
2018-09-05,5880,5810,973.0,971.0,5.983522142121524,7.19082797696086,0.8337459900876469,-1.4480499446988873,-20.18
2018-09-04,6070,5980,1013.0,992.0,6.028225806451613,7.221766174076508,0.8314200955050945,-1.4355442863090877,-19.8
2018-09-03,6270,6100,986.0,1014.0,6.01577909270217,7.250452810021208,0.8268484548222493,-1.4932285476477793,-20.52
2018-08-31,6140,6270,998.0,1008.0,6.220238095238095,7.2788160476471555,0.820469804179653,-1.2902095202241843,-17.02
2018-08-30,6230,6150,1040.0,1009.0,6.095143706640238,7.307532656241813,0.8206075732024994,-1.4774284191286602,-19.89
2018-08-29,6200,6180,1042.0,1040.0,5.9423076923076925,7.336355816605876,0.8154657230018262,-1.7095116140093873,-23.46
2018-08-28,6140,6170,1030.0,1033.0,5.9728944820909975,7.365212726891357,0.8038344830550991,-1.7320956915267383,-23.31
2018-08-27,6060,6080,1032.0,1021.0,5.9549461312438785,7.391180194402872,0.7897713668375985,-1.8185441046184796,-24.12
2018-08-24,6110,6060,1044.0,1033.0,5.866408518877057,7.416726175016109,0.7737253932086418,-2.003705280642115,-26.43
2018-08-23,6110,6040,1036.0,1023.0,5.904203323558162,7.44292877115811,0.75379898946841,-2.0412941236298012,-26.06
2018-08-22,6010,6060,1038.0,1032.0,5.872093023255814,7.4624437804623,0.7323511911597715,-2.171568472071388,-27.08
2018-08-21,5940,5970,1008.0,1036.0,5.762548262548263,7.489120305084785,0.7100347459147633,-2.4316726082356954,-29.96
2018-08-20,6060,5980,1018.0,1019.0,5.868498527968597,7.519176013635117,0.683527778383007,-2.4149384090452894,-28.13
2018-08-17,6060,6070,1023.0,1039.0,5.842155919153032,7.553972844856406,0.664781296628704,-2.575007651966876,-29.3
2018-08-16,6030,6070,1032.0,1027.0,5.910418695228822,7.587346148125068,0.6403871696107587,-2.618615007411093,-28.37
2018-08-15,6170,6130,1030.0,1048.0,5.849236641221374,7.615391989694457,0.6117517197673532,-2.887045988435872,-30.19
2018-08-14,6050,6130,964.0,1020.0,6.009803921568627,7.642842780838325,0.5770943099603301,-2.829760805269339,-27.17
2018-08-13,6260,6020,992.0,964.0,6.244813278008299,7.665264614436629,0.5449853663041909,-2.606402711436267,-22.75
2018-08-10,6440,6280,990.0,998.0,6.292585170340681,7.684032040105321,0.5193810002704163,-2.6790484616113828,-22.11
2018-08-09,6230,6350,961.0,990.0,6.414141414141414,7.703233529799109,0.4935630772875005,-2.6118082469665738,-20.1
2018-08-08,6210,6370,951.0,958.0,6.649269311064718,7.721521168086747,0.4703232946034472,-2.2798187317642804,-16.13
2018-08-07,5790,6140,936.0,948.0,6.476793248945148,7.7333538861237745,0.45408112894464137,-2.767260203257243,-19.4
2018-08-06,5910,5770,930.0,936.0,6.164529914529915,7.7448627208030345,0.43251371861253957,-3.653832787877037,-25.64
2018-08-03,6180,6010,957.0,945.0,6.35978835978836,7.758544127962703,0.3970858224433577,-3.5225527810776187,-21.99
2018-08-02,6400,6310,965.0,949.0,6.649104320337197,7.77152472760997,0.365831210664918,-3.0681373664994656,-16.88
2018-08-01,6570,6440,953.0,954.0,6.750524109014675,7.782147844463855,0.3440003105673421,-2.998903500254916,-15.28
2018-07-31,6530,6520,903.0,931.0,7.003222341568207,7.792486080739517,0.32390574151855234,-2.4367080851084677,-11.27
2018-07-30,6780,6630,936.0,933.0,7.106109324758842,7.801686080909808,0.31089521796095576,-2.237335011818422,-9.79
2018-07-27,6690,6760,915.0,923.0,7.323943661971831,7.812037915780016,0.3003077105501201,-1.625313758724568,-6.66
2018-07-26,6550,6680,900.0,914.0,7.308533916849015,7.8197511872789285,0.2950554375985479,-1.7326142998437974,-6.99
2018-07-25,6500,6450,910.0,899.0,7.174638487208009,7.823544378465128,0.29024843793097294,-2.235691243966116,-9.04
2018-07-24,6620,6560,900.0,899.0,7.296996662958843,7.828762746282071,0.28193406555583694,-1.886136328630041,-7.29
2018-07-23,6540,6530,875.0,882.0,7.403628117913832,7.828657308961182,0.28213432255451437,-1.5064781455833864,-5.74
2018-07-20,6700,6630,871.0,870.0,7.620689655172414,7.827315556327213,0.28438278120549554,-0.7265766945485045,-2.71
2018-07-19,6760,6700,890.0,879.0,7.622298065984073,7.824693987471596,0.28716808391989906,-0.7047994983452894,-2.66
2018-07-18,6800,6830,888.0,891.0,7.665544332210999,,,,
2018-07-17,6580,6710,858.0,878.0,7.642369020501139,,,,
2018-07-13,6450,6570,863.0,868.0,7.5691244239631335,,,,
2018-07-12,6340,6310,834.0,848.0,7.441037735849057,,,,
2018-07-11,6510,6350,827.0,828.0,7.669082125603865,,,,
2018-07-10,6580,6520,845.0,841.0,7.752675386444709,,,,
2018-07-09,6510,6540,823.0,848.0,7.712264150943396,,,,
2018-07-06,6480,6500,803.0,824.0,7.888349514563107,,,,
2018-07-05,6430,6420,824.0,803.0,7.995018679950187,,,,
2018-07-04,6560,6460,815.0,826.0,7.8208232445520585,,,,
2018-07-03,6640,6610,815.0,819.0,8.07081807081807,,,,
2018-07-02,6740,6680,835.0,831.0,8.038507821901323,,,,
2018-06-29,6790,6690,813.0,839.0,7.9737783075089395,,,,
2018-06-28,6680,6810,798.0,810.0,8.407407407407407,,,,
2018-06-27,6590,6620,810.0,812.0,8.152709359605911,,,,
2018-06-26,6520,6590,786.0,812.0,8.11576354679803,,,,
2018-06-25,6530,6420,802.0,791.0,8.116308470290772,,,,
2018-06-22,6050,6540,792.0,804.0,8.134328358208956,,,,
2018-06-21,6570,6550,834.0,807.0,8.116480793060719,,,,
2018-06-20,6480,6430,856.0,834.0,7.709832134292566,,,,
2018-06-19,6670,6470,842.0,862.0,7.505800464037123,,,,
2018-06-18,6840,6740,878.0,842.0,8.004750593824228,,,,
2018-06-15,6930,6840,945.0,878.0,7.790432801822323,,,,
2018-06-14,7050,6930,895.0,912.0,7.598684210526316,,,,
2018-06-13,7100,7060,913.0,903.0,7.818383167220377,,,,
2018-06-12,7100,7120,916.0,920.0,7.739130434782608,,,,
2018-06-11,7100,7110,919.0,912.0,7.796052631578948,,,,
2018-06-08,7080,7100,916.0,913.0,7.776560788608982,,,,
2018-06-07,7000,7110,933.0,931.0,7.636949516648765,,,,
2018-06-06,6990,7000,884.0,933.0,7.502679528403001,,,,
2018-06-05,6900,6990,880.0,891.0,7.845117845117845,,,,
2018-06-04,6910,6920,885.0,908.0,7.621145374449339,,,,
2018-06-01,6760,6800,839.0,889.0,7.64904386951631,,,,
2018-05-31,6750,6760,852.0,841.0,8.038049940546967,,,,
2018-05-30,6760,6710,849.0,858.0,7.82051282051282,,,,
2018-05-29,6800,6790,849.0,849.0,7.997644287396938,,,,
2018-05-28,6830,6820,827.0,850.0,8.023529411764706,,,,
2018-05-25,6880,6750,858.0,826.0,8.171912832929783,,,,
2018-05-24,6960,6890,871.0,858.0,8.030303030303031,,,,
2018-05-23,7050,7010,846.0,877.0,7.993158494868871,,,,
2018-05-22,7110,7050,868.0,849.0,8.303886925795053,,,,
2018-05-21,7060,7100,874.0,868.0,8.179723502304148,,,,
2018-05-18,7200,7060,874.0,867.0,8.143021914648212,,,,
2018-05-17,7230,7210,875.0,861.0,8.373983739837398,,,,
2018-05-16,7190,7200,892.0,872.0,8.256880733944953,,,,
2018-05-15,7070,7150,895.0,882.0,8.106575963718821,,,,
2018-05-14,6980,6970,883.0,880.0,7.920454545454546,,,,
2018-05-11,6810,6950,865.0,883.0,7.870894677236693,,,,
2018-05-10,6670,6790,889.0,867.0,7.831603229527105,,,,
2018-05-09,6310,6550,866.0,889.0,7.367829021372328,,,,
2018-05-08,6790,6810,838.0,865.0,7.872832369942197,,,,
2018-05-07,7040,6710,833.0,837.0,8.016726403823178,,,,
2018-05-02,7100,7020,861.0,828.0,8.478260869565217,,,,
2018-05-01,7000,7060,851.0,846.0,8.3451536643026,,,,
2018-04-27,6920,6940,873.0,866.0,8.013856812933025,,,,
2018-04-26,6920,6880,896.0,870.0,7.908045977011494,,,,
2018-04-25,6820,6830,886.0,888.0,7.691441441441442,,,,
2018-04-24,6580,6780,858.0,886.0,7.652370203160271,,,,
2018-04-23,6490,6480,844.0,838.0,7.7326968973747015,,,,
2018-04-20,6580,6540,882.0,840.0,7.785714285714286,,,,
2018-04-19,6680,6670,908.0,885.0,7.536723163841808,,,,
2018-04-18,6480,6650,889.0,906.0,7.339955849889625,,,,
2018-04-17,6580,6450,900.0,897.0,7.190635451505017,,,,
2018-04-16,6570,6600,877.0,900.0,7.333333333333333,,,,
2018-04-13,6560,6530,882.0,877.0,7.445838084378563,,,,
2018-04-12,6540,6540,841.0,869.0,7.525891829689298,,,,
2018-04-11,6470,6470,820.0,841.0,7.6932223543400715,,,,
2018-04-10,6480,6440,820.0,817.0,7.88249694002448,,,,
2018-04-09,6550,6480,851.0,820.0,7.902439024390244,,,,
2018-04-06,6580,6530,852.0,860.0,7.593023255813954,,,,
2018-04-05,6630,6590,895.0,871.0,7.56601607347876,,,,
2018-04-04,6630,6480,901.0,889.0,7.2890888638920135,,,,
2018-04-03,6500,6580,885.0,901.0,7.30299667036626,,,,
2018-04-02,6530,6600,895.0,889.0,7.424071991001125,,,,
