,SYM_A,SYM_A_NAME,SYM_A_INDUSTRY,OPEN_A,CLOSE_A,AXIS_LOT_SIZE,TRADE_A,SYM_B,SYM_B_NAME,SYM_B_INDUSTRY,OPEN_B,CLOSE_B,PAIR_LOT_SIZE,TRADE_B,CORR_3M,CORR_1Y,COINT_3M,COINT_1Y,SIGMA,ABS_SIGMA,DEV_RATE,LOT_SIZE_DIFF,total_profit,average_profit,average_pl,total_times,plus_times,minus_times,pl_times,open_days,stop_profit_times,stop_loss_times,max_day_over_times
198,1963,日揮,建設業,1480.0,1508.0,700,SELL,3105,日清紡ホールディングス,電気機器,881.0,877.0,1200,BUY,0.9285194490407696,0.9073443093543067,0.009569726303378158,0.28127525123783215,0.7215174215350965,0.7215174215350965,3.36,0.3,854799.0,35617.0,1.68,24,18,6,75.0,11.0,15,3,6
40,3116,トヨタ紡織,輸送用機器,1526.0,1530.0,700,BUY,5301,東海カーボン,ガラス・土石製品,1135.0,1145.0,900,SELL,0.912671107472081,0.9460886111668205,0.008027147081344558,5.248658406643917e-05,-0.899531672804905,0.899531672804905,-2.7,3.78,679482.0,29543.0,1.5,23,14,9,60.87,8.0,13,6,4
45,7189,西日本フィナンシャルホールディングス,銀行業,776.0,774.0,1400,SELL,7278,エクセディ,輸送用機器,2192.0,2184.0,500,BUY,0.9186490085939606,0.943572149719175,0.38577277005848776,0.06263211345783504,0.9521708568580208,0.9521708568580208,2.6,0.77,582602.0,30663.0,1.59,19,12,7,63.16,12.0,10,3,6
53,1942,関電工,建設業,1010.0,1012.0,1000,SELL,9412,スカパーＪＳＡＴホールディングス,情報・通信業,440.0,442.0,2300,BUY,0.9315892512572539,0.9400113581970347,0.0012383307782120598,0.0007011983377970515,2.4424764939003922,2.4424764939003922,5.27,0.45,577090.0,32061.0,1.55,18,16,2,88.89,13.0,8,1,9
158,3635,コーエーテクモホールディングス,情報・通信業,2405.0,2380.0,300,BUY,6920,レーザーテック,電気機器,7750.0,7680.0,100,SELL,0.9092850352493164,0.9150265280173553,0.2569185607315271,0.009286481800983692,-1.3238447255220815,1.3238447255220815,-21.16,7.03,572142.0,27245.0,1.43,21,14,7,66.67,11.0,11,6,4
192,4182,三菱瓦斯化学,化学,1507.0,1510.0,700,SELL,7984,コクヨ,その他製品,1557.0,1543.0,700,BUY,0.9201259045320703,0.9085839483943395,0.36832008467800514,0.0024288422516484404,0.975708166903422,0.975708166903422,4.08,2.14,534332.0,26717.0,1.31,20,14,6,70.0,9.0,12,3,5
55,4202,ダイセル,化学,936.0,937.0,1100,BUY,7189,西日本フィナンシャルホールディングス,銀行業,776.0,774.0,1300,SELL,0.9582852626939418,0.9394837819934501,0.0760862359879214,0.20073534553880262,-0.3637473200998177,0.3637473200998177,-0.88,2.38,527044.0,25097.0,1.18,21,14,7,66.67,14.0,10,2,9
225,3105,日清紡ホールディングス,電気機器,881.0,877.0,1100,BUY,6995,東海理化電機製作所,輸送用機器,1911.0,1904.0,500,SELL,0.9260617791126227,0.9025685881242524,0.08735526581397413,0.10172013638019556,-0.4550214388089054,0.4550214388089054,-1.33,1.33,520544.0,30620.0,1.48,17,10,7,58.82,12.0,8,1,8
7,3099,三越伊勢丹ホールディングス,小売業,871.0,872.0,1200,BUY,7189,西日本フィナンシャルホールディングス,銀行業,776.0,774.0,1400,SELL,0.9042278375875099,0.9639974694077507,0.33639523883155886,0.0511287217413649,-0.9190289351464278,0.9190289351464278,-2.9,3.56,474842.0,31656.0,1.55,15,10,5,66.67,12.0,8,0,7
65,2914,日本たばこ産業,食料品,2396.0,2391.5,400,BUY,7189,西日本フィナンシャルホールディングス,銀行業,776.0,774.0,1200,SELL,0.9387717362514157,0.9343706770496437,0.07294983499156744,0.36115678997868467,-0.8908498476317966,0.8908498476317966,-4.26,2.91,472123.0,22482.0,1.13,21,15,6,71.43,13.0,11,3,7
179,6770,アルプスアルパイン,電気機器,2131.0,2115.0,400,BUY,7453,良品計画,小売業,2266.0,2297.0,400,SELL,0.919862482837505,0.9113107962557055,0.0068686964678626675,0.12863567846307933,-1.6980455188329295,1.6980455188329295,-5.97,7.92,469226.0,36094.0,1.88,13,10,3,76.92,8.0,10,2,1
132,4182,三菱瓦斯化学,化学,1507.0,1510.0,600,SELL,4208,宇部興産,化学,2246.0,2256.0,400,BUY,0.9618041838187722,0.9195299480214136,0.1855717789263634,0.06326746278357723,1.5783208280037142,1.5783208280037142,4.61,0.4,436874.0,21844.0,1.1,20,15,5,75.0,13.0,10,2,8
41,1911,住友林業,建設業,1515.0,1516.0,700,SELL,6770,アルプスアルパイン,電気機器,2131.0,2115.0,500,BUY,0.9464188340663822,0.9457997164288788,0.08544319826572438,0.016161235315733335,0.6153846381470438,0.6153846381470438,1.29,0.35,418599.0,26162.0,1.4,16,13,3,81.25,11.0,9,1,6
236,1944,きんでん,建設業,1612.0,1583.0,700,BUY,3291,飯田グループホールディングス,不動産業,1756.0,1754.0,600,SELL,0.9087975394903435,0.901466927656861,0.016543876461537762,0.038910558011153284,-1.1428795817363284,1.1428795817363284,-2.61,5.29,414514.0,25907.0,1.28,16,11,5,68.75,15.0,7,1,8
102,3291,飯田グループホールディングス,不動産業,1756.0,1754.0,600,BUY,5991,日本発條,金属製品,856.0,857.0,1200,SELL,0.9496912133487707,0.9270498507006283,0.005265161045531591,0.0001259916938269261,-1.7636605718128329,1.7636605718128329,-4.87,2.28,412992.0,19666.0,0.95,21,14,7,66.67,14.0,9,3,9
33,1860,戸田建設,建設業,659.0,652.0,1600,BUY,7251,ケーヒン,輸送用機器,1719.0,1705.0,600,SELL,0.9041168926551845,0.948862532647465,0.20417702063344823,0.00033047557051238446,-0.8311064415349709,0.8311064415349709,-3.13,1.97,409019.0,18592.0,0.9,22,14,8,63.64,11.0,11,6,5
167,8002,丸紅,卸売業,733.2,733.7,1400,SELL,8308,りそなホールディングス,銀行業,456.5,455.7,2300,BUY,0.9139543209830067,0.9137624852323347,0.12903592181928597,0.1224908808155325,0.3565153721217389,0.3565153721217389,0.79,2.04,390665.0,24417.0,1.15,16,12,4,75.0,15.0,6,1,9
98,6752,パナソニック,電気機器,896.4,888.2,1200,BUY,7189,西日本フィナンシャルホールディングス,銀行業,776.0,774.0,1400,SELL,0.9031577773158426,0.9278975257698963,0.36530959522334333,0.2561424061222619,-1.3096176754405808,1.3096176754405808,-4.86,1.67,376546.0,25103.0,1.21,15,10,5,66.67,12.0,9,3,3
83,6371,椿本チエイン,機械,3545.0,3525.0,300,SELL,7278,エクセディ,輸送用機器,2192.0,2184.0,500,BUY,0.9705977811574057,0.9312620808528372,0.011295072093264436,0.007154111494228805,0.11877470603466395,0.11877470603466395,0.22,3.26,367982.0,36798.0,2.11,10,7,3,70.0,10.0,6,0,4
67,3861,王子ホールディングス,パルプ・紙,545.0,543.0,1900,SELL,5411,ジェイ　エフ　イー　ホールディングス,鉄鋼,1305.0,1307.0,800,BUY,0.9360568716174951,0.9341481495074491,0.08187336059558059,0.2964896882563312,2.6929830799885703,2.6929830799885703,5.59,1.33,360840.0,20047.0,0.93,18,11,7,61.11,13.0,7,3,8
161,4208,宇部興産,化学,2246.0,2256.0,400,SELL,6301,小松製作所,機械,2489.0,2488.0,400,BUY,0.9298971325532595,0.9148593129215266,0.004819311427935185,0.008700600813726629,0.8434878487183779,0.8434878487183779,1.6,9.32,346563.0,31506.0,1.64,11,8,3,72.73,12.0,7,0,4
119,7186,コンコルディア・フィナンシャルグループ,銀行業,419.0,418.0,2500,BUY,8750,第一生命ホールディングス,保険業,1716.0,1737.0,600,SELL,0.949700318224123,0.9228329500177048,0.1764638131233745,0.31642254936110686,-2.16680988472706,2.16680988472706,-4.6,0.27,328916.0,21928.0,1.09,15,9,6,60.0,11.0,8,1,6
49,6770,アルプスアルパイン,電気機器,2131.0,2115.0,400,SELL,6923,スタンレー電気,電気機器,2951.0,2964.0,300,BUY,0.9438843915220396,0.9420603063726888,0.17218264033141278,0.004919083160859674,0.4089296374214488,0.4089296374214488,1.07,4.86,325326.0,23238.0,1.26,14,10,4,71.43,11.0,8,2,4
230,3148,クリエイトＳＤホールディングス,小売業,2744.0,2700.0,400,BUY,7453,良品計画,小売業,2266.0,2297.0,500,SELL,0.9024530522693763,0.9018679317131275,0.18946027921288539,0.03148122076737679,-2.10209656395968,2.10209656395968,-6.8,6.34,317915.0,19870.0,1.0,16,11,5,68.75,14.0,8,3,5
118,5991,日本発條,金属製品,856.0,857.0,1200,SELL,6371,椿本チエイン,機械,3545.0,3525.0,300,BUY,0.9231100070239245,0.9228972365011171,0.21053952631614914,0.15234516765821743,0.9196140836566656,0.9196140836566656,2.4,2.75,317790.0,17655.0,0.85,18,11,7,61.11,13.0,7,1,10
123,1893,五洋建設,建設業,621.0,622.0,1700,SELL,9989,サンドラッグ,小売業,3515.0,3460.0,300,BUY,0.9272604065229925,0.9222971298645052,0.0005211257629803728,0.003139419080887642,1.628831907401799,1.628831907401799,3.88,1.87,311622.0,19476.0,1.14,16,12,4,75.0,14.0,8,2,6
35,5301,東海カーボン,ガラス・土石製品,1135.0,1145.0,900,BUY,7251,ケーヒン,輸送用機器,1719.0,1705.0,600,SELL,0.9109368469864573,0.9484233511786628,0.07884710686704233,0.11227149973326761,-1.1322349684379729,1.1322349684379729,-4.01,0.73,311613.0,11541.0,0.69,27,15,12,55.56,8.0,12,12,3
144,1860,戸田建設,建設業,659.0,652.0,1400,BUY,6923,スタンレー電気,電気機器,2951.0,2964.0,300,SELL,0.9562972092284214,0.9175037621951587,0.005972042815207677,0.009300171834179354,-0.2352487529733821,0.2352487529733821,-0.57,2.65,310952.0,16366.0,0.7,19,14,5,73.68,12.0,9,5,5
91,6371,椿本チエイン,機械,3545.0,3525.0,300,BUY,7259,アイシン精機,輸送用機器,3690.0,3665.0,300,SELL,0.919587015930819,0.9301180978881697,0.16687230812553977,0.025939303754240087,-1.0048912392462248,1.0048912392462248,-3.82,3.82,305033.0,38129.0,2.17,8,6,2,75.0,10.0,6,0,2
31,5401,日本製鉄,鉄鋼,1519.0,1525.5,700,SELL,9404,日本テレビホールディングス,情報・通信業,1429.0,1413.0,800,BUY,0.9285839759593643,0.9491545334106885,0.06941809378292618,0.02385550004164457,0.02598602499761236,0.02598602499761236,0.06,5.86,293779.0,17281.0,0.84,17,11,6,64.71,12.0,8,3,6
152,5802,住友電気工業,非鉄金属,1415.0,1406.5,700,BUY,6995,東海理化電機製作所,輸送用機器,1911.0,1904.0,500,SELL,0.9872561008638132,0.9156337680346508,0.08036952315016865,0.39229498250795425,-1.0211681851332026,1.0211681851332026,-2.05,3.42,290222.0,17072.0,0.84,17,11,6,64.71,15.0,5,0,12
93,7186,コンコルディア・フィナンシャルグループ,銀行業,419.0,418.0,2000,SELL,8273,イズミ,小売業,4305.0,4230.0,200,BUY,0.9562710738241683,0.9288777997078661,0.08465515494636416,0.02250069296042512,1.4149713516601723,1.4149713516601723,4.34,1.18,289203.0,18075.0,1.34,16,11,5,68.75,13.0,7,3,6
146,4208,宇部興産,化学,2246.0,2256.0,400,SELL,9810,日鉄物産,卸売業,4430.0,4420.0,200,BUY,0.9440675640552878,0.9172030544548392,0.28130231352602164,0.011910588708266914,0.7915124920960805,0.7915124920960805,1.41,2.08,285316.0,25938.0,1.56,11,9,2,81.82,14.0,4,0,7
140,6371,椿本チエイン,機械,3545.0,3525.0,300,BUY,7762,シチズン時計,精密機器,553.0,552.0,1900,SELL,0.9362626365971906,0.9178804867570202,0.005680870427468148,0.21790913788884958,-0.33187413554629713,0.33187413554629713,-0.65,0.82,276294.0,14542.0,0.78,19,13,6,68.42,13.0,7,4,8
125,7205,日野自動車,輸送用機器,946.0,940.0,1100,SELL,8601,大和証券グループ本社,証券、商品先物取引業,483.0,483.4,2100,BUY,0.9117543235691178,0.921391363923466,0.001144432058287158,0.1295301580905574,3.1633802166697658,3.1633802166697658,5.84,1.82,275928.0,18395.0,0.88,15,12,3,80.0,14.0,6,1,8
141,4612,日本ペイントホールディングス,化学,6140.0,6160.0,100,BUY,6857,アドバンテスト,電気機器,5290.0,5290.0,100,SELL,0.9071417287645847,0.9176939804189718,0.3854895848887186,0.006914913245299051,-0.3467506100592572,0.3467506100592572,-3.41,14.12,270212.0,16888.0,0.91,16,9,7,56.25,9.0,9,6,1
85,7259,アイシン精機,輸送用機器,3690.0,3665.0,300,SELL,7278,エクセディ,輸送用機器,2192.0,2184.0,500,BUY,0.9289212392829956,0.9306447150922948,0.2623864156952551,0.20520384175841305,1.5199224647869145,1.5199224647869145,3.81,0.68,265669.0,24152.0,1.6,11,9,2,81.82,14.0,3,1,7
201,6371,椿本チエイン,機械,3545.0,3525.0,300,BUY,7189,西日本フィナンシャルホールディングス,銀行業,776.0,774.0,1400,SELL,0.9005645856933717,0.906778461377341,0.16817175768202663,0.07281114543441561,-0.6425492780721921,0.6425492780721921,-2.54,2.47,263616.0,11983.0,0.72,22,13,9,59.09,13.0,9,4,9
183,7189,西日本フィナンシャルホールディングス,銀行業,776.0,774.0,1100,SELL,7846,パイロットコーポレーション,その他製品,4190.0,4080.0,200,BUY,0.9546590944722052,0.9103615604875085,0.005124318760612144,0.34241054346658456,0.5850785172975101,0.5850785172975101,1.59,4.34,263165.0,17544.0,1.26,15,10,5,66.67,13.0,7,3,5
100,8359,八十二銀行,銀行業,452.0,453.0,2400,SELL,8385,伊予銀行,銀行業,572.0,567.0,1900,BUY,0.9497386723772927,0.9271740899623846,0.292577320127955,0.1854934871088338,1.1118754436508012,1.1118754436508012,2.42,0.92,262660.0,16416.0,0.76,16,10,6,62.5,14.0,5,1,10
88,7186,コンコルディア・フィナンシャルグループ,銀行業,419.0,418.0,2600,SELL,8308,りそなホールディングス,銀行業,456.5,455.7,2400,BUY,0.9523327231804194,0.9305683237436664,0.21821295296901805,0.25808414326693757,1.3829147408688405,1.3829147408688405,3.21,0.63,261570.0,15386.0,0.73,17,10,7,58.82,15.0,7,1,9
80,5110,住友ゴム工業,ゴム製品,1356.0,1355.0,800,BUY,6770,アルプスアルパイン,電気機器,2131.0,2115.0,500,SELL,0.9020307482144841,0.9313863073098005,0.04249658640746034,0.031050963450344724,-0.10842260275222672,0.10842260275222672,-0.35,2.51,260185.0,15305.0,0.82,17,10,7,58.82,11.0,8,6,3
20,8273,イズミ,小売業,4305.0,4230.0,200,BUY,8308,りそなホールディングス,銀行業,456.5,455.7,1900,SELL,0.9201719487186373,0.9543911806414349,0.014595534155426805,0.06664955021387177,-0.4282292555659765,0.4282292555659765,-1.25,2.34,259770.0,15281.0,0.92,17,11,6,64.71,12.0,7,4,6
37,7211,三菱自動車工業,輸送用機器,493.0,490.0,2000,BUY,8242,エイチ・ツー・オー　リテイリング,小売業,1228.0,1240.0,800,SELL,0.9441967934051411,0.9473451254016866,0.073309652816727,0.0957691982511848,-0.09301006610723618,0.09301006610723618,-0.18,1.21,258024.0,16126.0,0.82,16,9,7,56.25,11.0,6,4,6
18,8411,みずほフィナンシャルグループ,銀行業,165.4,164.6,6500,SELL,8601,大和証券グループ本社,証券、商品先物取引業,483.0,483.4,2200,BUY,0.9209204613598805,0.9552960357657245,0.24588876719010994,0.136775214210127,0.5983392726716241,0.5983392726716241,1.33,0.6,254740.0,16983.0,0.8,15,10,5,66.67,15.0,2,0,13
221,4061,デンカ,化学,3070.0,3105.0,300,SELL,6752,パナソニック,電気機器,896.4,888.2,1000,BUY,0.9111553330394045,0.9032978185127133,0.07556633025241012,0.060187504453595934,1.2799677571036752,1.2799677571036752,2.59,4.65,252708.0,14039.0,0.78,18,12,6,66.67,13.0,7,3,8
190,1860,戸田建設,建設業,659.0,652.0,1600,BUY,7272,ヤマハ発動機,輸送用機器,2105.0,2098.0,500,SELL,0.9136385982078448,0.9088867106364766,0.3077222061054333,0.0006161747139731783,-1.1503288894426755,1.1503288894426755,-3.09,0.55,251538.0,13974.0,0.68,18,11,7,61.11,10.0,10,5,3
182,6506,安川電機,電気機器,4010.0,4035.0,200,BUY,6645,オムロン,電気機器,6230.0,6320.0,100,SELL,0.9654061813762279,0.9104925934230395,0.11103461414684157,0.038442174298389746,-2.2027330309572783,2.2027330309572783,-4.63,27.69,249448.0,19188.0,0.86,13,8,5,61.54,13.0,5,3,5
157,4005,住友化学,化学,506.0,511.0,1700,BUY,7267,本田技研工業,輸送用機器,2911.0,2908.5,300,SELL,0.960107499651585,0.9150869512449666,0.00028706690883505473,0.21138962100445513,-0.6322495521000214,0.6322495521000214,-1.75,0.44,248001.0,13778.0,0.68,18,12,6,66.67,14.0,5,1,12
103,4202,ダイセル,化学,936.0,937.0,1200,BUY,7259,アイシン精機,輸送用機器,3690.0,3665.0,300,SELL,0.9075726738412461,0.9267571989025035,0.388983612965212,0.0166164717661801,-0.7409075704491701,0.7409075704491701,-2.15,2.26,247494.0,15468.0,0.93,16,9,7,56.25,14.0,7,1,8
32,3405,クラレ,化学,1351.0,1355.0,800,BUY,7205,日野自動車,輸送用機器,946.0,940.0,1200,SELL,0.9137606167012972,0.9488704732417386,0.007675585128816816,0.040534410337415984,-1.0300691164823406,1.0300691164823406,-2.04,4.06,242999.0,20250.0,1.0,12,10,2,83.33,13.0,5,2,5
145,7278,エクセディ,輸送用機器,2192.0,2184.0,500,BUY,8242,エイチ・ツー・オー　リテイリング,小売業,1228.0,1240.0,900,SELL,0.9663327997850594,0.9172897330272746,0.008968682777646756,0.39401806957606395,-0.1691699614205116,0.1691699614205116,-0.24,2.2,241919.0,10996.0,0.57,22,14,8,63.64,12.0,10,6,6
194,4634,東洋インキＳＣホールディングス,化学,2617.0,2600.0,400,SELL,5802,住友電気工業,非鉄金属,1415.0,1406.5,700,BUY,0.9396586621269635,0.9079890538939903,0.32414480955405883,0.008700462928341519,1.7721289317692153,1.7721289317692153,5.36,5.33,241831.0,14225.0,0.67,17,11,6,64.71,14.0,6,2,9
170,6134,ＦＵＪＩ,機械,1671.0,1687.0,600,BUY,6762,ＴＤＫ,電気機器,10640.0,10610.0,100,SELL,0.9303846910658655,0.9130927494318849,0.047379452565592374,0.0033151713941059675,-1.1379703660995784,1.1379703660995784,-3.54,4.6,240334.0,18487.0,1.04,13,9,4,69.23,13.0,5,1,7
26,3099,三越伊勢丹ホールディングス,小売業,871.0,872.0,1200,BUY,7211,三菱自動車工業,輸送用機器,493.0,490.0,2100,SELL,0.9312219835440764,0.951733522345038,0.07219018164841767,0.06554454674521537,-0.10362430850215268,0.10362430850215268,-0.23,1.66,237674.0,13981.0,0.67,17,10,7,58.82,12.0,9,2,6
239,5020,ＪＸＴＧホールディングス,石油・石炭製品,504.6,505.9,1600,BUY,7846,パイロットコーポレーション,その他製品,4190.0,4080.0,200,SELL,0.9411519554034429,0.9000742768641249,0.015611493356598815,0.37997319244413574,-0.11746873307697,0.11746873307697,-0.31,0.8,234383.0,11161.0,0.73,21,13,8,61.9,10.0,12,7,2
5,3116,トヨタ紡織,輸送用機器,1526.0,1530.0,700,BUY,7251,ケーヒン,輸送用機器,1719.0,1705.0,600,SELL,0.917020867790285,0.9653099409183156,0.07520238045427095,0.0005467855675125273,-1.4454412327706492,1.4454412327706492,-6.81,4.69,231706.0,13630.0,0.71,17,10,7,58.82,13.0,7,3,7
25,6752,パナソニック,電気機器,896.4,888.2,1200,BUY,7211,三菱自動車工業,輸送用機器,493.0,490.0,2200,SELL,0.9462641044641811,0.9524980433281894,0.2746537226771978,0.2817120134552312,-0.8820470404879925,0.8820470404879925,-2.12,1.14,231399.0,21036.0,0.99,11,8,3,72.73,13.0,5,2,4
137,7186,コンコルディア・フィナンシャルグループ,銀行業,419.0,418.0,2500,SELL,8601,大和証券グループ本社,証券、商品先物取引業,483.0,483.4,2200,BUY,0.9322426041070065,0.9189385502130618,0.09501270492483788,0.0884723458227441,1.2824661121742804,1.2824661121742804,4.16,1.74,228811.0,13459.0,0.61,17,12,5,70.59,15.0,4,2,11
94,7182,ゆうちょ銀行,銀行業,1047.0,1046.0,900,BUY,7202,いすゞ自動車,輸送用機器,1239.5,1236.5,800,SELL,0.900755681296453,0.9284991527826991,0.35780404645666014,0.3365472616209555,-1.6460963390927683,1.6460963390927683,-4.02,4.83,226424.0,15095.0,0.69,15,9,6,60.0,13.0,7,1,7
224,5991,日本発條,金属製品,856.0,857.0,1200,SELL,7211,三菱自動車工業,輸送用機器,493.0,490.0,2100,BUY,0.937773506563881,0.9026366638868857,0.3410504568696875,0.3169928497836949,0.9146281443593491,0.9146281443593491,2.56,0.06,216897.0,13556.0,0.61,16,9,7,56.25,11.0,8,4,4
211,5110,住友ゴム工業,ゴム製品,1356.0,1355.0,800,SELL,9513,電源開発,電気・ガス業,2574.0,2569.0,400,BUY,0.9018147930088608,0.9055052175461819,0.0022704609192663334,0.0034977398591408927,2.3363983729159976,2.3363983729159976,5.18,5.49,216123.0,16625.0,0.87,13,9,4,69.23,13.0,6,1,6
178,8086,ニプロ,精密機器,1260.0,1255.0,800,BUY,8410,セブン銀行,銀行業,305.0,308.0,3300,SELL,0.9039662303088124,0.911391557692547,0.05640658477842371,0.17407741613934286,-0.6646317689404868,0.6646317689404868,-1.26,1.24,212894.0,11827.0,0.6,18,10,8,55.56,10.0,8,4,6
9,7013,ＩＨＩ,機械,2580.0,2579.0,300,SELL,7846,パイロットコーポレーション,その他製品,4190.0,4080.0,200,BUY,0.9152048079896141,0.9626072447121825,0.04297691965645043,0.08604237299998474,1.2171395173595765,1.2171395173595765,5.26,5.18,212602.0,23622.0,1.45,9,7,2,77.78,9.0,6,1,2
208,1820,西松建設,建設業,2168.0,2140.0,500,SELL,9072,ニッコンホールディングス,陸運業,2590.0,2568.0,400,BUY,0.9208891405359808,0.9061765172771952,0.0790220614295239,0.05179241232834118,1.54980576117733,1.54980576117733,3.81,4.17,210610.0,19146.0,0.98,11,7,4,63.64,16.0,5,0,6
74,4118,カネカ,化学,3500.0,3535.0,300,SELL,5406,神戸製鋼所,鉄鋼,560.0,561.0,1900,BUY,0.9027178298088038,0.9325289595961824,0.09186464287038665,0.09393407687780392,1.9435907072456662,1.9435907072456662,6.75,0.51,204492.0,12029.0,0.57,17,10,7,58.82,11.0,8,4,5
177,5201,ＡＧＣ,ガラス・土石製品,3505.0,3540.0,300,SELL,5214,日本電気硝子,ガラス・土石製品,2385.0,2379.0,400,BUY,0.9437161591083532,0.911452365303519,0.0023732251563730283,0.0672588457861683,3.6939574908156985,3.6939574908156985,7.56,10.4,202734.0,22526.0,1.12,9,4,5,44.44,15.0,4,1,4
156,3116,トヨタ紡織,輸送用機器,1526.0,1530.0,700,SELL,8601,大和証券グループ本社,証券、商品先物取引業,483.0,483.4,2200,BUY,0.9244887838367537,0.9153550190675642,0.00010941612874385905,0.21000237464460342,1.5217976900561736,1.5217976900561736,3.11,0.7,200214.0,15401.0,0.71,13,9,4,69.23,13.0,5,3,5
133,7211,三菱自動車工業,輸送用機器,493.0,490.0,2200,BUY,7259,アイシン精機,輸送用機器,3690.0,3665.0,300,SELL,0.95876678654395,0.9191489911843721,0.11256071978326188,0.20742273862362387,-1.9181995750304572,1.9181995750304572,-3.95,1.96,198687.0,11038.0,0.56,18,10,8,55.56,12.0,7,5,6
185,4005,住友化学,化学,506.0,511.0,2000,BUY,5301,東海カーボン,ガラス・土石製品,1135.0,1145.0,900,SELL,0.9265323633375759,0.9099968454733088,0.04899727084444164,0.16225983141208156,-1.1914245017196765,1.1914245017196765,-2.68,0.82,195678.0,8508.0,0.42,23,14,9,60.87,9.0,13,7,3
187,4182,三菱瓦斯化学,化学,1507.0,1510.0,700,SELL,5334,日本特殊陶業,ガラス・土石製品,2112.0,2091.0,500,BUY,0.9137376567557268,0.9096940642338148,0.05966295843209288,0.029392199310429967,0.9146045326451152,0.9146045326451152,3.21,1.1,192109.0,11301.0,0.56,17,10,7,58.82,12.0,5,4,8
163,3191,ジョイフル本田,小売業,1405.0,1386.0,700,SELL,9024,西武ホールディングス,陸運業,1889.0,1898.0,500,BUY,0.9155658446938777,0.9141998774091569,0.010739791825155727,0.03548501294280232,0.3679936715475693,0.3679936715475693,0.95,2.23,189084.0,9454.0,0.46,20,12,8,60.0,15.0,7,4,9
28,8002,丸紅,卸売業,733.2,733.7,1400,SELL,8601,大和証券グループ本社,証券、商品先物取引業,483.0,483.4,2100,BUY,0.9385802331638369,0.9494985424943729,0.005067812071723573,0.004756485647580582,0.9952475116097804,0.9952475116097804,1.8,1.17,187942.0,11746.0,0.55,16,10,6,62.5,14.0,6,3,7
184,8309,三井住友トラスト・ホールディングス,銀行業,3850.0,3843.0,200,BUY,8341,七十七銀行,銀行業,1623.0,1617.0,500,SELL,0.9554826489613808,0.910044149617001,0.13897001499342593,0.17125468127073895,-1.1745220134818293,1.1745220134818293,-3.68,5.19,184184.0,9694.0,0.66,19,12,7,63.16,14.0,6,3,10
13,4182,三菱瓦斯化学,化学,1507.0,1510.0,700,SELL,5802,住友電気工業,非鉄金属,1415.0,1406.5,800,BUY,0.9756855721385354,0.9581844286268711,0.10361799937884536,0.04910961828702787,1.852555615415796,1.852555615415796,4.13,6.45,183257.0,10780.0,0.65,17,10,7,58.82,13.0,7,4,6
64,7278,エクセディ,輸送用機器,2192.0,2184.0,400,BUY,7846,パイロットコーポレーション,その他製品,4190.0,4080.0,200,SELL,0.9456724906984357,0.9354079825355069,0.11082914826294293,0.2692758879359852,-0.5868489319622894,0.5868489319622894,-1.06,7.06,180727.0,20081.0,1.01,9,6,3,66.67,11.0,5,2,2
12,6752,パナソニック,電気機器,896.4,888.2,1200,BUY,7278,エクセディ,輸送用機器,2192.0,2184.0,500,SELL,0.9581458665791476,0.9596162696324099,0.011184114208014441,0.26084174490990975,-1.1363861578078551,1.1363861578078551,-2.05,2.4,178895.0,10523.0,0.53,17,9,8,52.94,12.0,6,2,9
131,6417,ＳＡＮＫＹＯ,機械,3770.0,3740.0,200,BUY,9627,アインホールディングス,小売業,6110.0,6140.0,100,SELL,0.9263734641779315,0.9196756326354019,2.508656688005563e-05,0.002392834907694341,-0.7805690921136961,0.7805690921136961,-2.37,21.82,176932.0,14744.0,0.85,12,9,3,75.0,12.0,6,2,4
61,3635,コーエーテクモホールディングス,情報・通信業,2405.0,2380.0,300,BUY,4612,日本ペイントホールディングス,化学,6140.0,6160.0,100,SELL,0.9394003122697379,0.9373985446961989,0.09571155149137744,0.0018825294148559206,-1.9304182648586428,1.9304182648586428,-12.91,15.91,175106.0,11674.0,0.46,15,9,6,60.0,10.0,8,5,2
50,4118,カネカ,化学,3500.0,3535.0,300,SELL,5401,日本製鉄,鉄鋼,1519.0,1525.5,700,BUY,0.9298448420604903,0.9418941681127544,0.3487612242442284,0.13960909121945914,0.9780562856955533,0.9780562856955533,3.21,0.69,170750.0,13135.0,0.63,13,9,4,69.23,12.0,6,3,4
120,3076,あい　ホールディングス,卸売業,1860.0,1854.0,600,SELL,9513,電源開発,電気・ガス業,2574.0,2569.0,400,BUY,0.9192903574179858,0.9226184628925942,0.01885345169659635,0.00014189332984482,0.8496884950194121,0.8496884950194121,2.07,8.25,170411.0,11361.0,0.58,15,10,5,66.67,11.0,6,3,6
171,3099,三越伊勢丹ホールディングス,小売業,871.0,872.0,1200,SELL,9412,スカパーＪＳＡＴホールディングス,情報・通信業,440.0,442.0,2400,BUY,0.9207777721948739,0.9129426549264812,0.024840268199164562,0.15258000364321678,0.15159041392471193,0.15159041392471193,0.59,1.38,165987.0,9222.0,0.48,18,12,6,66.67,14.0,7,3,8
233,6301,小松製作所,機械,2489.0,2488.0,400,SELL,6305,日立建機,機械,2615.0,2590.0,400,BUY,0.9688688837889339,0.9016774884705644,0.35531646965325653,0.020958722957881183,0.03617295559013428,0.03617295559013428,0.13,3.94,165768.0,11841.0,0.64,14,10,4,71.43,16.0,2,1,11
52,4182,三菱瓦斯化学,化学,1507.0,1510.0,700,SELL,6752,パナソニック,電気機器,896.4,888.2,1200,BUY,0.9152233993069775,0.9402412284664758,0.20843448598448733,0.14314904553252156,2.2834861374403563,2.2834861374403563,7.85,0.84,165115.0,9173.0,0.43,18,12,6,66.67,13.0,7,4,7
42,7182,ゆうちょ銀行,銀行業,1047.0,1046.0,1000,BUY,7278,エクセディ,輸送用機器,2192.0,2184.0,500,SELL,0.9072842164817779,0.9453454155011586,0.06332850490977468,0.019247036710170095,-1.1829060878964144,1.1829060878964144,-2.96,4.21,164980.0,9705.0,0.49,17,10,7,58.82,13.0,7,2,8
57,9072,ニッコンホールディングス,陸運業,2590.0,2568.0,300,SELL,9810,日鉄物産,卸売業,4430.0,4420.0,200,BUY,0.9201125251563907,0.9388083722230974,0.016932235275390464,0.0005741921212938296,0.1963577126727555,0.1963577126727555,0.29,12.85,161996.0,11571.0,0.75,14,9,5,64.29,14.0,6,1,7
95,1820,西松建設,建設業,2168.0,2140.0,500,SELL,3099,三越伊勢丹ホールディングス,小売業,871.0,872.0,1200,BUY,0.9083341290248241,0.928448636398017,0.03406518428067913,0.21354871430333378,2.1706228570209096,2.1706228570209096,4.28,2.21,161844.0,8518.0,0.48,19,12,7,63.16,11.0,8,4,7
10,7182,ゆうちょ銀行,銀行業,1047.0,1046.0,1000,BUY,7211,三菱自動車工業,輸送用機器,493.0,490.0,2100,SELL,0.9228795002711669,0.9613135785118503,0.3318343533533322,0.006314220103110448,-1.0591055971458905,1.0591055971458905,-3.03,1.63,160408.0,10694.0,0.5,15,8,7,53.33,16.0,3,1,11
151,8273,イズミ,小売業,4305.0,4230.0,200,BUY,9412,スカパーＪＳＡＴホールディングス,情報・通信業,440.0,442.0,1900,SELL,0.9247347975210087,0.9159868992527407,0.0005102620774197529,0.05425088847058681,-0.3664235526205641,0.3664235526205641,-1.0,0.73,158847.0,8825.0,0.34,18,10,8,55.56,13.0,7,4,7
3,3099,三越伊勢丹ホールディングス,小売業,871.0,872.0,1100,BUY,8242,エイチ・ツー・オー　リテイリング,小売業,1228.0,1240.0,800,SELL,0.9552759620053034,0.9737946293540753,0.03398497489408536,0.0005230077079265014,-0.2526791479310642,0.2526791479310642,-0.38,3.31,153254.0,11789.0,0.63,13,9,4,69.23,11.0,7,3,3
149,3116,トヨタ紡織,輸送用機器,1526.0,1530.0,600,BUY,6995,東海理化電機製作所,輸送用機器,1911.0,1904.0,500,SELL,0.9413189515072908,0.9163550833101866,0.09068579133169474,0.1721767944651647,-0.7272526463390304,0.7272526463390304,-2.49,3.57,151613.0,9476.0,0.5,16,9,7,56.25,14.0,4,2,10
212,3105,日清紡ホールディングス,電気機器,881.0,877.0,1000,SELL,8078,阪和興業,卸売業,3055.0,3035.0,300,BUY,0.9087382121183433,0.9051332410573212,0.08614578824749713,0.019712168077492955,0.8571997010674047,0.8571997010674047,1.65,3.68,150170.0,11552.0,0.67,13,8,5,61.54,13.0,3,3,7
59,8273,イズミ,小売業,4305.0,4230.0,200,BUY,8601,大和証券グループ本社,証券、商品先物取引業,483.0,483.4,1800,SELL,0.9010995149676674,0.9381421748679251,0.024319131754263004,0.22242442851919086,-0.0769240143992058,0.0769240143992058,-0.23,2.85,141527.0,9435.0,0.79,15,11,4,73.33,12.0,8,3,4
38,7846,パイロットコーポレーション,その他製品,4190.0,4080.0,200,SELL,9505,北陸電力,電気・ガス業,736.0,741.0,1100,BUY,0.9347096138835745,0.946680034562981,0.00012782661616006122,0.047480468893491674,0.32698239170988896,0.32698239170988896,0.82,0.11,139470.0,6641.0,0.38,21,11,10,52.38,12.0,7,4,10
189,8273,イズミ,小売業,4305.0,4230.0,200,BUY,8385,伊予銀行,銀行業,572.0,567.0,1500,SELL,0.936582027908802,0.9094434634394399,0.36293034968535265,0.07407224525006986,-1.3244129845543884,1.3244129845543884,-3.61,0.53,137189.0,8574.0,0.68,16,8,8,50.0,14.0,6,3,7
16,7013,ＩＨＩ,機械,2580.0,2579.0,400,SELL,8795,Ｔ＆Ｄホールディングス,保険業,1189.0,1190.0,900,BUY,0.9483039151677344,0.9559670261594881,0.011564877298471426,0.10140237065338431,1.4575171638322324,1.4575171638322324,4.77,3.82,133543.0,7029.0,0.47,19,11,8,57.89,10.0,9,7,3
154,4061,デンカ,化学,3070.0,3105.0,200,SELL,8316,三井住友フィナンシャルグループ,銀行業,3753.0,3742.0,200,BUY,0.9410190721474081,0.915496276041622,0.02039869596885013,0.008006944049955568,1.0299838766021363,1.0299838766021363,2.35,17.02,133292.0,16662.0,0.99,8,6,2,75.0,14.0,2,0,6
43,4612,日本ペイントホールディングス,化学,6140.0,6160.0,100,BUY,6920,レーザーテック,電気機器,7750.0,7680.0,100,SELL,0.9398397427248764,0.9446450157729533,0.06583050845965792,0.01732655052482479,-0.7467123208594934,0.7467123208594934,-6.99,19.79,131121.0,11920.0,0.54,11,6,5,54.55,11.0,5,4,2
204,4118,カネカ,化学,3500.0,3535.0,300,SELL,7751,キヤノン,電気機器,2909.5,2859.0,400,BUY,0.9075853618635996,0.9065918234046637,0.06859149310093471,0.013490057035674031,0.28532768184674684,0.28532768184674684,1.53,7.84,129977.0,43326.0,1.93,3,3,0,100.0,11.0,2,0,1
181,8273,イズミ,小売業,4305.0,4230.0,200,BUY,8309,三井住友トラスト・ホールディングス,銀行業,3850.0,3843.0,200,SELL,0.9297698475505372,0.9110637686531539,0.015299597761138185,0.16226734874977333,-0.5149748551951537,0.5149748551951537,-1.25,9.15,129319.0,64660.0,3.55,2,2,0,100.0,12.0,2,0,0
27,6752,パナソニック,電気機器,896.4,888.2,900,BUY,7846,パイロットコーポレーション,その他製品,4190.0,4080.0,200,SELL,0.9326163934760435,0.9500955536879424,0.07152488283977922,0.12079022753841545,-1.4523467183150542,1.4523467183150542,-3.12,2.04,128492.0,8031.0,0.29,16,7,9,43.75,13.0,6,2,8
4,4581,大正製薬ホールディングス,医薬品,7920.0,7850.0,100,SELL,7181,かんぽ生命保険,保険業,1664.0,1667.0,500,BUY,0.9022864777344093,0.9684294189586866,0.03411776927275725,0.07119702583475752,0.17470524716881025,0.17470524716881025,0.69,6.18,127968.0,12797.0,0.84,10,6,4,60.0,12.0,4,2,4
147,5401,日本製鉄,鉄鋼,1519.0,1525.5,700,BUY,6586,マキタ,機械,3470.0,3420.0,300,SELL,0.9123640290030538,0.917051906068291,0.16987804459208355,0.06012245530076101,-2.1259517668627512,2.1259517668627512,-6.53,4.08,127686.0,10640.0,0.63,12,7,5,58.33,14.0,4,1,7
89,4208,宇部興産,化学,2246.0,2256.0,500,SELL,9072,ニッコンホールディングス,陸運業,2590.0,2568.0,400,BUY,0.9450422368412024,0.9304071924466459,0.002351573990527655,0.0009759639514806037,0.6080526592125841,0.6080526592125841,1.11,9.81,126426.0,11493.0,0.65,11,7,4,63.64,14.0,5,1,5
66,5201,ＡＧＣ,ガラス・土石製品,3505.0,3540.0,300,BUY,7012,川崎重工業,輸送用機器,2504.0,2513.0,400,SELL,0.9653678134377635,0.9341900815055257,0.008596853868594038,0.1531903584947482,-0.9052387680215146,0.9052387680215146,-2.31,5.35,126142.0,11467.0,0.6,11,6,5,54.55,15.0,3,0,8
175,4634,東洋インキＳＣホールディングス,化学,2617.0,2600.0,400,BUY,5471,大同特殊鋼,鉄鋼,4640.0,4600.0,200,SELL,0.9154340291980037,0.9120287899973066,0.27658693086474195,0.08639753081885998,-0.3573135971271303,0.3573135971271303,-0.98,13.04,121580.0,15198.0,1.01,8,6,2,75.0,15.0,3,1,4
69,5991,日本発條,金属製品,856.0,857.0,1300,BUY,7259,アイシン精機,輸送用機器,3690.0,3665.0,300,SELL,0.951716221830801,0.9337532687790265,0.2895824068542955,0.02959733171198573,-0.43090825396086135,0.43090825396086135,-1.27,1.33,119946.0,7497.0,0.55,16,9,7,56.25,11.0,7,3,6
220,4208,宇部興産,化学,2246.0,2256.0,400,BUY,5991,日本発條,金属製品,856.0,857.0,1100,SELL,0.9492826029039564,0.9035043859393167,0.04934289761458013,0.0441053741592553,-0.503289807425923,0.503289807425923,-1.26,4.47,118186.0,7879.0,0.34,15,9,6,60.0,11.0,7,4,4
153,1893,五洋建設,建設業,621.0,622.0,1600,SELL,2229,カルビー,食料品,3410.0,3340.0,300,BUY,0.9042874945783662,0.9155118680601745,0.0950100208101387,0.003964650286204617,2.5027053831876067,2.5027053831876067,6.78,0.68,116482.0,5547.0,0.19,21,11,10,52.38,12.0,6,6,9
150,4208,宇部興産,化学,2246.0,2256.0,500,BUY,7259,アイシン精機,輸送用機器,3690.0,3665.0,300,SELL,0.9595650713124294,0.9162839708238497,0.06392695643851706,0.007976246742860876,-0.7292392104888835,0.7292392104888835,-2.53,2.59,114827.0,9569.0,0.74,12,7,5,58.33,13.0,6,2,4
165,6471,日本精工,機械,979.0,983.0,1100,SELL,7259,アイシン精機,輸送用機器,3690.0,3665.0,300,BUY,0.9701428976117302,0.9140612975565549,0.007149385838367489,0.12048759830578681,0.048337620946003024,0.048337620946003024,0.12,1.66,114507.0,5725.0,0.39,20,12,8,60.0,12.0,7,4,9
75,6472,ＮＴＮ,機械,323.0,327.0,1700,SELL,6988,日東電工,化学,5490.0,5543.0,100,BUY,0.9400355084463858,0.9323567740894717,0.22930397705337002,0.06794897257618727,0.14092903307782315,0.14092903307782315,0.53,0.29,111707.0,7447.0,0.46,15,7,8,46.67,14.0,6,2,7
237,4634,東洋インキＳＣホールディングス,化学,2617.0,2600.0,400,SELL,6770,アルプスアルパイン,電気機器,2131.0,2115.0,500,BUY,0.969416989488128,0.9010823256480813,0.010901328990227594,0.00285229077711512,0.330377709514373,0.330377709514373,0.79,1.68,108948.0,5447.0,0.15,20,12,8,60.0,11.0,7,5,8
36,4005,住友化学,化学,506.0,511.0,2100,SELL,7211,三菱自動車工業,輸送用機器,493.0,490.0,2200,BUY,0.9292733096296758,0.9477027795834727,0.2306614527265859,0.0015747423217260022,0.40856710753976505,0.40856710753976505,1.47,0.46,108463.0,6026.0,0.31,18,9,9,50.0,12.0,6,4,8
24,6752,パナソニック,電気機器,896.4,888.2,1200,BUY,7167,めぶきフィナンシャルグループ,銀行業,265.0,265.0,4000,SELL,0.9622237681891534,0.9529384727357968,0.07145237380214606,0.05017935755365668,-0.3202953687933777,0.3202953687933777,-0.76,0.55,107959.0,5998.0,0.3,18,9,9,50.0,13.0,6,3,9
2,4530,久光製薬,医薬品,5140.0,5040.0,200,SELL,8276,平和堂,小売業,2074.0,2046.0,500,BUY,0.9031670365582983,0.975393900792918,0.000607931420378513,0.011929126760952858,2.7790836194517383,2.7790836194517383,9.58,1.49,107616.0,8278.0,0.49,13,7,6,53.85,14.0,5,1,7
122,3116,トヨタ紡織,輸送用機器,1526.0,1530.0,700,BUY,6770,アルプスアルパイン,電気機器,2131.0,2115.0,500,SELL,0.9062269922131756,0.9224457648756852,0.15225491060421004,0.0708485950436808,-1.521184335630196,1.521184335630196,-5.33,1.28,105658.0,7044.0,0.35,15,8,7,53.33,12.0,5,3,7
148,5411,ジェイ　エフ　イー　ホールディングス,鉄鋼,1305.0,1307.0,800,BUY,6586,マキタ,機械,3470.0,3420.0,300,SELL,0.9220821428636266,0.9165027666529841,0.01820566999197952,0.053738616763189584,-2.089388270422305,2.089388270422305,-6.06,1.91,105655.0,10566.0,0.68,10,7,3,70.0,10.0,5,2,3
231,6301,小松製作所,機械,2489.0,2488.0,400,BUY,6472,ＮＴＮ,機械,323.0,327.0,3000,SELL,0.9064959969803013,0.9017226649297473,0.049790142636347054,5.8732479587374985e-06,-1.1498323888998243,1.1498323888998243,-4.52,1.43,102461.0,4879.0,0.16,21,11,10,52.38,11.0,8,7,6
78,3387,クリエイト・レストランツ・ホールディングス,小売業,1870.0,1858.0,300,BUY,4612,日本ペイントホールディングス,化学,6140.0,6160.0,100,SELL,0.9067187120899561,0.9315990814991469,0.029464787881401316,0.06342359586152445,-1.5510389017747082,1.5510389017747082,-9.75,9.51,101624.0,5646.0,0.28,18,10,8,55.56,11.0,8,4,6
71,1860,戸田建設,建設業,659.0,652.0,1700,BUY,5110,住友ゴム工業,ゴム製品,1356.0,1355.0,800,SELL,0.9598869509210319,0.9334790665533658,0.02844273817807138,0.00463930302284834,-0.6868557971865445,0.6868557971865445,-1.39,2.25,98838.0,5814.0,0.24,17,10,7,58.82,14.0,5,4,8
168,6995,東海理化電機製作所,輸送用機器,1911.0,1904.0,500,SELL,8002,丸紅,卸売業,733.2,733.7,1300,BUY,0.9517869263680983,0.9137315014333051,0.10731572825239233,0.008678648816347131,1.7062591935993734,1.7062591935993734,3.66,0.19,96206.0,7400.0,0.33,13,8,5,61.54,14.0,3,1,9
101,7251,ケーヒン,輸送用機器,1719.0,1705.0,600,SELL,8601,大和証券グループ本社,証券、商品先物取引業,483.0,483.4,2100,BUY,0.9166556826781843,0.9270747043872474,0.028592279703260726,0.1401580067393624,2.822330489565048,2.822330489565048,9.16,0.77,94774.0,6318.0,0.36,15,9,6,60.0,14.0,5,1,9
114,6371,椿本チエイン,機械,3545.0,3525.0,300,SELL,7327,第四北越フィナンシャルグループ,銀行業,2722.0,2700.0,400,BUY,0.9062347512284821,0.923516443563427,0.07747897323032793,0.02554996961295895,1.065686144867463,1.065686144867463,2.29,2.13,92235.0,46118.0,2.1,2,2,0,100.0,11.0,2,0,0
0,5406,神戸製鋼所,鉄鋼,560.0,561.0,1900,BUY,5411,ジェイ　エフ　イー　ホールディングス,鉄鋼,1305.0,1307.0,800,SELL,0.93547602858844,0.9879687092534841,0.11126018674976895,0.0009937493500860595,-1.2952165219845788,1.2952165219845788,-4.31,1.94,91632.0,7636.0,0.3,12,7,5,58.33,11.0,5,4,3
229,1860,戸田建設,建設業,659.0,652.0,1600,SELL,9513,電源開発,電気・ガス業,2574.0,2569.0,400,BUY,0.9078413301447836,0.9021027104340379,0.06283497254482362,0.0029065169447875174,1.6603296959237412,1.6603296959237412,3.88,1.52,91602.0,4362.0,0.28,21,11,10,52.38,12.0,9,5,7
17,5802,住友電気工業,非鉄金属,1415.0,1406.5,600,BUY,7267,本田技研工業,輸送用機器,2911.0,2908.5,300,SELL,0.984946080398066,0.9556474782023364,0.0710382083431558,0.0415666850990185,-0.8513771884361755,0.8513771884361755,-1.33,3.28,89443.0,5590.0,0.28,16,10,6,62.5,16.0,1,0,15
48,4208,宇部興産,化学,2246.0,2256.0,400,BUY,5802,住友電気工業,非鉄金属,1415.0,1406.5,600,SELL,0.9534904698053394,0.9429615036296224,0.19513211048088197,0.01612642740589239,-0.2683665253578465,0.2683665253578465,-0.54,6.48,89209.0,6862.0,0.28,13,7,6,53.85,13.0,5,3,5
191,7202,いすゞ自動車,輸送用機器,1239.5,1236.5,700,BUY,7267,本田技研工業,輸送用機器,2911.0,2908.5,300,SELL,0.9381413683457601,0.9086272005758244,0.17365621761422556,0.03979259671095253,-1.0571643003823366,1.0571643003823366,-2.33,0.8,88797.0,5550.0,0.27,16,10,6,62.5,15.0,2,2,12
111,6752,パナソニック,電気機器,896.4,888.2,1100,BUY,8242,エイチ・ツー・オー　リテイリング,小売業,1228.0,1240.0,800,SELL,0.9585831757125005,0.9246401750601991,0.00014882723687400167,0.021394924674571263,-1.3950121762116543,1.3950121762116543,-2.27,1.51,88150.0,4408.0,0.2,20,12,8,60.0,14.0,8,5,7
213,4182,三菱瓦斯化学,化学,1507.0,1510.0,600,SELL,6995,東海理化電機製作所,輸送用機器,1911.0,1904.0,500,BUY,0.9696717352980273,0.9048193654744638,0.38648916658848187,0.038724141499474826,0.9350725516117214,0.9350725516117214,2.18,4.83,87641.0,7967.0,0.42,11,8,3,72.73,15.0,3,1,7
176,8604,野村ホールディングス,証券、商品先物取引業,486.3,483.5,2100,SELL,9989,サンドラッグ,小売業,3515.0,3460.0,300,BUY,0.9056485364589388,0.9116274787759167,0.05797787511807223,0.022327125107938047,1.3078548717147576,1.3078548717147576,7.16,2.18,77595.0,5542.0,0.28,14,7,7,50.0,13.0,5,4,5
63,4005,住友化学,化学,506.0,511.0,2100,BUY,4182,三菱瓦斯化学,化学,1507.0,1510.0,700,SELL,0.9377954490608396,0.9356812882936063,0.04117139361495709,0.0047569516802932746,-1.088316897618729,1.088316897618729,-4.83,1.52,71264.0,4454.0,0.26,16,11,5,68.75,14.0,6,4,6
62,7167,めぶきフィナンシャルグループ,銀行業,265.0,265.0,4100,SELL,7327,第四北越フィナンシャルグループ,銀行業,2722.0,2700.0,400,BUY,0.9284490829739767,0.9370052608529502,0.32106626684730644,0.3171533870608297,0.34793492213427146,0.34793492213427146,0.8,0.6,64321.0,32160.0,2.1,2,2,0,100.0,10.0,1,0,1
58,6752,パナソニック,電気機器,896.4,888.2,1200,SELL,7327,第四北越フィナンシャルグループ,銀行業,2722.0,2700.0,400,BUY,0.9148666629345523,0.9382134494402266,0.27259074713734,0.15008321332552882,0.04077054299850714,0.04077054299850714,0.08,1.31,61534.0,61534.0,3.06,1,1,0,100.0,16.0,1,0,0
216,3291,飯田グループホールディングス,不動産業,1756.0,1754.0,600,BUY,7211,三菱自動車工業,輸送用機器,493.0,490.0,2100,SELL,0.9354704281116744,0.9042558490546081,0.19792345558884927,0.18426147511174906,-0.7107356262009613,0.7107356262009613,-2.15,2.22,59266.0,3293.0,0.13,18,8,10,44.44,10.0,7,5,6
30,4530,久光製薬,医薬品,5140.0,5040.0,200,SELL,8267,イオン,小売業,2185.0,2175.0,500,BUY,0.9031952129822826,0.949262866838428,0.2318982912591941,0.061575808945390706,0.2643670023170076,0.2643670023170076,0.77,7.89,58626.0,5330.0,0.3,11,6,5,54.55,13.0,3,2,6
8,3116,トヨタ紡織,輸送用機器,1526.0,1530.0,600,BUY,6923,スタンレー電気,電気機器,2951.0,2964.0,300,SELL,0.9054715388896326,0.9638980652943822,0.3296040195084713,0.01401745131016911,-1.879666049955532,1.879666049955532,-4.13,3.24,58031.0,4145.0,0.31,14,8,6,57.14,12.0,4,3,7
110,7167,めぶきフィナンシャルグループ,銀行業,265.0,265.0,3900,BUY,9505,北陸電力,電気・ガス業,736.0,741.0,1400,SELL,0.9457942891547063,0.924975672495494,0.0031738105299204925,0.10500463832527424,-0.8082003528866626,0.8082003528866626,-1.49,0.38,57605.0,3032.0,0.13,19,8,11,42.11,13.0,4,4,11
174,8242,エイチ・ツー・オー　リテイリング,小売業,1228.0,1240.0,700,SELL,9810,日鉄物産,卸売業,4430.0,4420.0,200,BUY,0.9507814345175553,0.9120355380916406,0.002325107863744987,0.08402646014193199,0.07059147493600626,0.07059147493600626,0.16,1.81,56182.0,3511.0,0.13,16,7,9,43.75,14.0,4,1,11
232,7211,三菱自動車工業,輸送用機器,493.0,490.0,1600,SELL,8309,三井住友トラスト・ホールディングス,銀行業,3850.0,3843.0,200,BUY,0.9567839506328258,0.9016866913092823,0.11025359094358117,0.20218054497873006,0.26871111462225306,0.26871111462225306,0.59,2.0,55849.0,3103.0,0.19,18,10,8,55.56,14.0,6,3,9
105,7186,コンコルディア・フィナンシャルグループ,銀行業,419.0,418.0,2300,BUY,8341,七十七銀行,銀行業,1623.0,1617.0,600,SELL,0.9644811555328241,0.9265696810397644,0.3987004311211588,0.13277792585539622,-0.1373801677587254,0.1373801677587254,-0.32,0.91,55547.0,3086.0,0.12,18,9,9,50.0,13.0,6,3,9
73,7167,めぶきフィナンシャルグループ,銀行業,265.0,265.0,4000,BUY,8795,Ｔ＆Ｄホールディングス,保険業,1189.0,1190.0,900,SELL,0.9436671666391244,0.9332748553203283,0.2782722157673421,0.30221997082927954,-1.0574311189384815,1.0574311189384815,-2.95,1.03,53886.0,3592.0,0.13,15,8,7,53.33,15.0,2,1,12
116,6301,小松製作所,機械,2489.0,2488.0,400,BUY,9810,日鉄物産,卸売業,4430.0,4420.0,200,SELL,0.9170827278017657,0.9230351015078938,0.07986256987023072,0.01375562074962324,-0.1216645613502074,0.1216645613502074,-0.22,12.58,52500.0,5833.0,0.57,9,5,4,55.56,12.0,4,2,3
109,4061,デンカ,化学,3070.0,3105.0,300,SELL,7167,めぶきフィナンシャルグループ,銀行業,265.0,265.0,3500,BUY,0.9015412990381373,0.9250084318617962,0.29901276144480915,0.005869283040707577,0.7320533510102815,0.7320533510102815,1.87,0.43,51792.0,2466.0,0.16,21,11,10,52.38,15.0,6,5,10
199,5802,住友電気工業,非鉄金属,1415.0,1406.5,700,SELL,7202,いすゞ自動車,輸送用機器,1239.5,1236.5,800,BUY,0.9336498379529587,0.9070220179649174,0.3446687958850734,0.12447622282773785,0.41867666962216255,0.41867666962216255,0.94,0.47,50699.0,3900.0,0.2,13,8,5,61.54,15.0,3,1,9
196,1833,奥村組,建設業,2986.0,3000.0,300,SELL,5401,日本製鉄,鉄鋼,1519.0,1525.5,600,BUY,0.9038815371282365,0.9078079505958057,0.13159389683817507,0.13539076257619387,1.561487257792071,1.561487257792071,4.09,1.7,48959.0,2577.0,0.16,19,11,8,57.89,12.0,8,5,6
11,8341,七十七銀行,銀行業,1623.0,1617.0,600,BUY,8750,第一生命ホールディングス,保険業,1716.0,1737.0,600,SELL,0.9472170922898022,0.9598765602098518,0.014494270233811356,0.10929082390807049,-1.6245757187032073,1.6245757187032073,-4.31,6.91,46578.0,2588.0,0.16,18,11,7,61.11,13.0,4,4,10
79,4005,住友化学,化学,506.0,511.0,1900,BUY,5802,住友電気工業,非鉄金属,1415.0,1406.5,700,SELL,0.9550647955663064,0.931562309385417,0.002212005327851076,0.18029485156557895,-0.15084637753565852,0.15084637753565852,-0.43,1.39,46076.0,3072.0,0.16,15,8,7,53.33,15.0,5,1,9
77,7167,めぶきフィナンシャルグループ,銀行業,265.0,265.0,3100,BUY,7846,パイロットコーポレーション,その他製品,4190.0,4080.0,200,SELL,0.9469253990442889,0.9320622997765998,0.014959248230186666,0.08663035601452118,-1.0445031976564354,1.0445031976564354,-2.37,0.67,44595.0,2124.0,0.12,21,10,11,47.62,13.0,7,7,7
39,6472,ＮＴＮ,機械,323.0,327.0,2900,SELL,6995,東海理化電機製作所,輸送用機器,1911.0,1904.0,500,BUY,0.9664031126511634,0.9461637161119348,0.2994608339825051,0.020483768827335772,0.07382940493694658,0.07382940493694658,0.17,0.39,43246.0,3327.0,0.18,13,8,5,61.54,15.0,5,2,6
54,1333,マルハニチロ,水産・農林業,2765.0,2770.0,300,BUY,5401,日本製鉄,鉄鋼,1519.0,1525.5,500,SELL,0.9197979363560045,0.9395860508746771,0.051480943263069616,0.08889376514497976,-0.07898384577358421,0.07898384577358421,-0.21,8.21,42346.0,2823.0,0.22,15,7,8,46.67,12.0,4,4,7
226,6752,パナソニック,電気機器,896.4,888.2,1200,BUY,9505,北陸電力,電気・ガス業,736.0,741.0,1400,SELL,0.9011112379906583,0.9023136088751121,0.1114631871148754,0.16109178925634043,-0.7275286579742983,0.7275286579742983,-2.26,2.67,41020.0,1865.0,0.1,22,12,10,54.55,13.0,6,6,10
19,4182,三菱瓦斯化学,化学,1507.0,1510.0,700,SELL,8002,丸紅,卸売業,733.2,733.7,1400,BUY,0.9078797618004778,0.9549449257268594,0.35507869648131407,0.10133055630714582,1.6145132025171232,1.6145132025171232,5.75,2.82,40744.0,2144.0,0.12,19,12,7,63.16,14.0,6,5,8
159,7180,九州フィナンシャルグループ,銀行業,446.0,440.0,2500,BUY,7186,コンコルディア・フィナンシャルグループ,銀行業,419.0,418.0,2600,SELL,0.9428555855753665,0.9148784356142461,0.12474617080889067,0.032870859029351274,-0.6850379515199784,0.6850379515199784,-2.02,1.2,38039.0,1902.0,0.1,20,10,10,50.0,14.0,6,4,10
186,5802,住友電気工業,非鉄金属,1415.0,1406.5,700,BUY,7272,ヤマハ発動機,輸送用機器,2105.0,2098.0,500,SELL,0.9364419841493876,0.9097409906400891,0.3759979270401193,0.18648639283403778,-2.160078445474402,2.160078445474402,-6.33,6.14,36422.0,2023.0,0.05,18,9,9,50.0,15.0,5,2,11
228,5463,丸一鋼管,鉄鋼,2822.0,2843.0,300,SELL,7182,ゆうちょ銀行,銀行業,1047.0,1046.0,800,BUY,0.9173713358153543,0.9022134218002422,0.27502712833177134,0.38102726324151076,0.8435986027433958,0.8435986027433958,1.59,1.89,33045.0,2360.0,0.08,14,7,7,50.0,14.0,3,3,8
162,6371,椿本チエイン,機械,3545.0,3525.0,300,SELL,9810,日鉄物産,卸売業,4430.0,4420.0,200,BUY,0.9379314183639067,0.9146564672667334,0.001299686080544819,0.09606734618576623,0.09753949990492276,0.09753949990492276,0.18,19.63,32551.0,8138.0,0.83,4,3,1,75.0,12.0,2,1,1
143,7201,日産自動車,輸送用機器,690.0,689.3,1600,SELL,8058,三菱商事,卸売業,2677.0,2677.0,400,BUY,0.921837720625539,0.917514446073139,0.004235840523292112,0.09801487503513107,0.3571614484333095,0.3571614484333095,0.81,3.0,32501.0,2955.0,0.15,11,7,4,63.64,16.0,1,1,9
108,6371,椿本チエイン,機械,3545.0,3525.0,300,SELL,6752,パナソニック,電気機器,896.4,888.2,1200,BUY,0.9437663693659604,0.9250613575603177,0.0017788357148227178,0.20684188226241268,1.2930306590025775,1.2930306590025775,2.21,0.79,31718.0,1586.0,0.08,20,9,11,45.0,14.0,4,3,13
209,1963,日揮,建設業,1480.0,1508.0,700,SELL,8002,丸紅,卸売業,733.2,733.7,1400,BUY,0.9186809273659905,0.9061412806368383,0.12586753208548423,0.3732195306049925,1.5862438552342646,1.5862438552342646,5.76,2.69,30546.0,1455.0,0.07,21,12,9,57.14,13.0,7,6,8
126,7189,西日本フィナンシャルホールディングス,銀行業,776.0,774.0,1100,SELL,9810,日鉄物産,卸売業,4430.0,4420.0,200,BUY,0.9396679110216388,0.9213360817224128,0.06999153011126652,0.0412905995255045,0.6775884477161699,0.6775884477161699,2.52,3.69,29244.0,2250.0,0.23,13,8,5,61.54,12.0,4,4,5
99,4005,住友化学,化学,506.0,511.0,2100,SELL,8601,大和証券グループ本社,証券、商品先物取引業,483.0,483.4,2200,BUY,0.9076962515878485,0.9276868023919985,0.011213887279547476,0.00670973937325146,1.4911380812524853,1.4911380812524853,3.11,0.9,26195.0,1455.0,0.07,18,8,10,44.44,14.0,6,3,9
130,5802,住友電気工業,非鉄金属,1415.0,1406.5,600,SELL,9810,日鉄物産,卸売業,4430.0,4420.0,200,BUY,0.9082738544353605,0.9201834942474674,0.311843833145966,0.05736155714706457,0.7284967044403033,0.7284967044403033,1.9,4.54,26176.0,1745.0,0.23,15,10,5,66.67,15.0,2,2,11
172,5802,住友電気工業,非鉄金属,1415.0,1406.5,700,SELL,8385,伊予銀行,銀行業,572.0,567.0,1700,BUY,0.9138983909551742,0.9128688991343412,0.0003779009767060278,0.33611619818182803,0.09307020893791136,0.09307020893791136,0.22,2.1,23702.0,1975.0,0.15,12,6,6,50.0,14.0,3,2,7
22,3105,日清紡ホールディングス,電気機器,881.0,877.0,600,BUY,6988,日東電工,化学,5490.0,5543.0,100,SELL,0.9207724811619119,0.9533013798362989,0.08281638976994349,0.011860003008382709,-0.4671163624173937,0.4671163624173937,-0.89,5.07,23521.0,1384.0,-0.12,17,9,8,52.94,12.0,5,5,7
82,3116,トヨタ紡織,輸送用機器,1526.0,1530.0,700,SELL,8002,丸紅,卸売業,733.2,733.7,1500,BUY,0.9156974614347081,0.9313160567947183,0.055180732942341,0.05778140752789642,0.4884186963283808,0.4884186963283808,1.3,2.76,22425.0,1869.0,0.16,12,4,8,33.33,17.0,3,0,9
68,4182,三菱瓦斯化学,化学,1507.0,1510.0,700,BUY,5803,フジクラ,非鉄金属,446.0,452.0,2300,SELL,0.969196663669648,0.9338771240894607,0.10118249760543024,0.09178030426689898,-1.800371124222676,1.800371124222676,-6.53,1.65,18656.0,1244.0,0.03,15,9,6,60.0,10.0,6,6,3
14,5020,ＪＸＴＧホールディングス,石油・石炭製品,504.6,505.9,2100,BUY,8795,Ｔ＆Ｄホールディングス,保険業,1189.0,1190.0,900,SELL,0.9649241915054381,0.9580374043959445,0.011311634744867174,0.008080330634767824,-0.3604749215835453,0.3604749215835453,-0.86,0.8,13332.0,702.0,0.02,19,10,9,52.63,10.0,7,7,5
86,7327,第四北越フィナンシャルグループ,銀行業,2722.0,2700.0,300,BUY,8316,三井住友フィナンシャルグループ,銀行業,3753.0,3742.0,200,SELL,0.9244027326412014,0.9305901318970922,0.02192423905817703,0.072129440553812,-0.1595909915793509,0.1595909915793509,-0.37,8.23,12378.0,12378.0,0.77,1,1,0,100.0,18.0,0,0,1
215,8242,エイチ・ツー・オー　リテイリング,小売業,1228.0,1240.0,800,BUY,9072,ニッコンホールディングス,陸運業,2590.0,2568.0,400,SELL,0.9386006997138162,0.9045408336894889,0.2097802778462023,0.026995452764051648,-0.05832122050148472,0.05832122050148472,-0.15,3.43,7638.0,509.0,0.05,15,8,7,53.33,14.0,5,3,7
21,3099,三越伊勢丹ホールディングス,小売業,871.0,872.0,1200,BUY,9505,北陸電力,電気・ガス業,736.0,741.0,1400,SELL,0.9228406161615239,0.9536072128346706,0.022210277981874978,0.15286681230910276,-0.14526757294811032,0.14526757294811032,-0.35,0.86,4783.0,228.0,-0.03,21,11,10,52.38,11.0,9,8,4
112,7278,エクセディ,輸送用機器,2192.0,2184.0,500,SELL,7327,第四北越フィナンシャルグループ,銀行業,2722.0,2700.0,400,BUY,0.9172888117670046,0.9245160014281127,0.201931849459499,0.04078243242861229,1.0388326012162894,1.0388326012162894,2.06,1.11,0.0,0.0,0.0,0,0,0,0.0,0.0,0,0,0
84,7846,パイロットコーポレーション,その他製品,4190.0,4080.0,200,BUY,8341,七十七銀行,銀行業,1623.0,1617.0,500,SELL,0.9150404412536829,0.9311550501688558,0.38186917326459896,0.17174009347376318,-0.5837012179099614,0.5837012179099614,-2.06,0.92,-2424.0,-173.0,-0.02,14,7,7,50.0,13.0,4,4,6
180,5214,日本電気硝子,ガラス・土石製品,2385.0,2379.0,400,BUY,5703,日本軽金属ホールディングス,非鉄金属,201.0,202.0,4700,SELL,0.9546127525347332,0.9111025157240444,0.03949522049618958,0.17634138287717321,-1.296291079740472,1.296291079740472,-2.76,0.23,-2663.0,-127.0,0.07,21,9,12,42.86,12.0,8,5,8
193,5406,神戸製鋼所,鉄鋼,560.0,561.0,1900,BUY,7731,ニコン,精密機器,1376.0,1355.0,800,SELL,0.9435478185685019,0.908299815158355,0.0016047260809859082,0.3489281508070602,-0.8886271409021479,0.8886271409021479,-4.06,1.67,-3059.0,-170.0,-0.01,18,9,9,50.0,14.0,5,4,9
142,6178,日本郵政,サービス業,980.0,981.0,1100,BUY,8058,三菱商事,卸売業,2677.0,2677.0,400,SELL,0.9158499536921338,0.9176605488511074,0.3197658844709082,0.11019554575498003,-0.7810645636728627,0.7810645636728627,-3.41,0.78,-5422.0,-417.0,-0.03,13,6,7,46.15,16.0,1,2,10
107,7189,西日本フィナンシャルホールディングス,銀行業,776.0,774.0,1400,SELL,9505,北陸電力,電気・ガス業,736.0,741.0,1500,BUY,0.9387748089586461,0.9263472850656461,0.014435465315897353,0.14151085206165365,1.1236446792647932,1.1236446792647932,2.44,2.57,-6900.0,-383.0,-0.05,18,7,11,38.89,12.0,6,6,6
29,6471,日本精工,機械,979.0,983.0,1000,SELL,6473,ジェイテクト,機械,1290.0,1289.0,800,BUY,0.9553257598786477,0.9493500684938198,0.2945132814593115,0.038869831348405416,1.6958650414950975,1.6958650414950975,3.27,4.67,-10881.0,-777.0,-0.07,14,9,5,64.29,15.0,1,2,11
106,5020,ＪＸＴＧホールディングス,石油・石炭製品,504.6,505.9,2100,SELL,6752,パナソニック,電気機器,896.4,888.2,1200,BUY,0.9366092521210307,0.9264499071266515,0.028304471573845923,0.1328702925908553,0.8775935872882791,0.8775935872882791,2.68,0.32,-13992.0,-736.0,-0.05,19,8,11,42.11,12.0,6,5,8
207,7846,パイロットコーポレーション,その他製品,4190.0,4080.0,200,BUY,8795,Ｔ＆Ｄホールディングス,保険業,1189.0,1190.0,700,SELL,0.9521747121484777,0.9065006060309134,0.039282555948080645,0.38432603588998593,-0.2487462702103009,0.2487462702103009,-0.58,2.08,-16848.0,-936.0,0.07,18,9,9,50.0,11.0,8,6,4
76,6770,アルプスアルパイン,電気機器,2131.0,2115.0,500,BUY,7251,ケーヒン,輸送用機器,1719.0,1705.0,600,SELL,0.9595675640628619,0.9320750082380365,0.11241119424833274,0.1300737986114332,-0.44965916008384654,0.44965916008384654,-1.41,3.26,-21537.0,-1538.0,-0.01,14,6,8,42.86,14.0,4,2,8
206,4005,住友化学,化学,506.0,511.0,2100,BUY,7186,コンコルディア・フィナンシャルグループ,銀行業,419.0,418.0,2600,SELL,0.9128047041208176,0.9065069538037183,0.028422627759485158,0.24257132192988973,-0.3158691885357188,0.3158691885357188,-1.19,1.28,-23574.0,-1473.0,-0.08,16,7,9,43.75,12.0,4,5,7
97,6752,パナソニック,電気機器,896.4,888.2,1200,BUY,8795,Ｔ＆Ｄホールディングス,保険業,1189.0,1190.0,900,SELL,0.9618548605613555,0.9281544741009796,0.013808400772715432,0.21230631601300032,-1.3502212666619609,1.3502212666619609,-3.7,0.48,-25150.0,-1572.0,-0.03,16,7,9,43.75,14.0,5,5,6
72,6371,椿本チエイン,機械,3545.0,3525.0,300,SELL,7211,三菱自動車工業,輸送用機器,493.0,490.0,2200,BUY,0.9178016526614999,0.9333520909196595,0.17785852565214427,0.26538193062214965,0.04650675318534613,0.04650675318534613,0.13,1.94,-26967.0,-1685.0,-0.11,16,6,10,37.5,13.0,5,4,7
139,4634,東洋インキＳＣホールディングス,化学,2617.0,2600.0,400,SELL,6995,東海理化電機製作所,輸送用機器,1911.0,1904.0,500,BUY,0.9520645148122269,0.9181502275290665,0.19954912231109523,0.13870154058706952,1.7590891692486634,1.7590891692486634,3.47,8.46,-27782.0,-1852.0,-0.17,15,8,7,53.33,14.0,2,3,10
51,1860,戸田建設,建設業,659.0,652.0,1600,SELL,8385,伊予銀行,銀行業,572.0,567.0,1800,BUY,0.9078220259573334,0.9410747525927509,0.23591536563823207,0.12164324808768928,1.242529565118356,1.242529565118356,3.24,2.17,-27820.0,-1739.0,-0.09,16,7,9,43.75,14.0,4,3,9
222,4182,三菱瓦斯化学,化学,1507.0,1510.0,700,SELL,9412,スカパーＪＳＡＴホールディングス,情報・通信業,440.0,442.0,2400,BUY,0.9227867503247505,0.9032489860804442,0.009195415439912877,0.31655038453880335,1.4194349367753991,1.4194349367753991,6.68,0.36,-30964.0,-1407.0,-0.06,22,11,11,50.0,11.0,9,7,6
202,6371,椿本チエイン,機械,3545.0,3525.0,300,SELL,7182,ゆうちょ銀行,銀行業,1047.0,1046.0,1000,BUY,0.922476279313903,0.9067021041407679,0.016076489418400803,0.06880670540655755,1.5539435922744274,1.5539435922744274,3.06,1.09,-34043.0,-2128.0,-0.12,16,8,8,50.0,14.0,3,3,10
164,4902,コニカミノルタ,電気機器,790.0,781.0,1400,BUY,5401,日本製鉄,鉄鋼,1519.0,1525.5,700,SELL,0.958075746545997,0.9141047970427507,0.1350800653814413,0.3719101117258596,-0.5034366058541312,0.5034366058541312,-3.59,2.39,-34045.0,-1891.0,-0.12,18,9,9,50.0,13.0,4,6,8
15,1942,関電工,建設業,1010.0,1012.0,1100,SELL,1959,九電工,建設業,3575.0,3560.0,300,BUY,0.9422153655987036,0.9577123563590623,0.1689858698668053,0.0007726368892116753,1.251587364698704,1.251587364698704,2.05,4.23,-35672.0,-2744.0,-0.12,13,5,8,38.46,15.0,4,4,5
235,6371,椿本チエイン,機械,3545.0,3525.0,300,BUY,6471,日本精工,機械,979.0,983.0,1100,SELL,0.9083234987802679,0.9015640214300125,0.19658526773063734,0.19793921020735883,-1.3768230551435714,1.3768230551435714,-3.95,2.25,-37626.0,-1636.0,-0.12,23,11,12,47.83,15.0,8,5,10
96,6674,ジーエス・ユアサ　コーポレーション,電気機器,1895.0,1900.0,500,BUY,7181,かんぽ生命保険,保険業,1664.0,1667.0,600,SELL,0.9242332016499669,0.9282344831607189,0.018908635032921055,0.03743751396802255,-0.14489026062664556,0.14489026062664556,-0.47,5.28,-39625.0,-2477.0,-0.09,16,9,7,56.25,13.0,7,6,3
104,8273,イズミ,小売業,4305.0,4230.0,200,BUY,8341,七十七銀行,銀行業,1623.0,1617.0,500,SELL,0.9360682166131075,0.9266251906231898,0.007534132010484498,0.3262232124997535,-1.0739981370031209,1.0739981370031209,-5.0,4.43,-40504.0,-3116.0,-0.01,13,7,6,53.85,12.0,5,4,4
166,5411,ジェイ　エフ　イー　ホールディングス,鉄鋼,1305.0,1307.0,800,BUY,8058,三菱商事,卸売業,2677.0,2677.0,400,SELL,0.9470108656145994,0.9139311888614772,0.2654256738096501,0.14879904229437757,-0.2370616194523732,0.2370616194523732,-1.04,2.35,-41794.0,-2458.0,-0.16,17,8,9,47.06,14.0,3,5,9
160,7186,コンコルディア・フィナンシャルグループ,銀行業,419.0,418.0,2500,SELL,8002,丸紅,卸売業,733.2,733.7,1400,BUY,0.9159193852296188,0.9148717461265302,0.178746169382845,0.13905732772757012,0.7898323646686859,0.7898323646686859,2.39,1.73,-46992.0,-2764.0,-0.1,17,9,8,52.94,13.0,6,6,5
129,5233,太平洋セメント,ガラス・土石製品,3130.0,3140.0,300,SELL,7261,マツダ,輸送用機器,999.8,991.0,1000,BUY,0.9258473550860818,0.9202231205780362,0.0006665769318549884,0.07600665803119622,2.545836899819184,2.545836899819184,6.75,5.2,-54670.0,-2603.0,-0.03,21,12,9,57.14,12.0,8,6,7
138,4581,大正製薬ホールディングス,医薬品,7920.0,7850.0,100,BUY,5463,丸一鋼管,鉄鋼,2822.0,2843.0,300,SELL,0.9305890087334883,0.9185245894214755,0.03687470636955502,0.3278385219398692,-1.036696005478113,1.036696005478113,-2.18,8.65,-57304.0,-5209.0,-0.32,11,5,6,45.45,12.0,4,4,3
128,4182,三菱瓦斯化学,化学,1507.0,1510.0,700,SELL,7167,めぶきフィナンシャルグループ,銀行業,265.0,265.0,4000,BUY,0.9313148820703389,0.9208496705701418,0.24166743560911114,0.24839014752439648,2.3004595024321737,2.3004595024321737,7.19,0.28,-64227.0,-4014.0,-0.26,16,9,7,56.25,15.0,3,4,9
234,3405,クラレ,化学,1351.0,1355.0,700,BUY,4631,ＤＩＣ,化学,3130.0,3115.0,300,SELL,0.9490754501631812,0.901566600189121,0.06069037737392839,0.37282847707776645,-1.296833319155521,1.296833319155521,-2.25,1.5,-65496.0,-4366.0,-0.25,15,7,8,46.67,14.0,3,4,8
205,4612,日本ペイントホールディングス,化学,6140.0,6160.0,100,SELL,4996,クミアイ化学工業,化学,993.0,998.0,600,BUY,0.9034563861040413,0.906585682972084,0.21967947829350515,0.04830344545723083,1.7086154300053251,1.7086154300053251,9.71,2.79,-69207.0,-3296.0,-0.32,21,9,12,42.86,9.0,8,8,5
23,1333,マルハニチロ,水産・農林業,2765.0,2770.0,300,SELL,5406,神戸製鋼所,鉄鋼,560.0,561.0,1500,BUY,0.9278895865255267,0.9529800230545952,0.013652300455887686,0.0036686431969518776,0.8954818078305277,0.8954818078305277,3.42,1.26,-71417.0,-3759.0,-0.26,19,11,8,57.89,8.0,10,8,1
195,4182,三菱瓦斯化学,化学,1507.0,1510.0,600,SELL,7267,本田技研工業,輸送用機器,2911.0,2908.5,300,BUY,0.9440095917233094,0.907924326997038,0.3050153065434941,0.05506717275161488,1.0648352046186855,1.0648352046186855,2.86,3.83,-72187.0,-4812.0,-0.33,15,9,6,60.0,14.0,4,4,7
134,2784,アルフレッサ　ホールディングス,卸売業,2429.0,2399.0,400,SELL,6178,日本郵政,サービス業,980.0,981.0,1000,BUY,0.9025763060591003,0.9190971183512674,0.0026027209201932543,0.14284674073335918,0.3069993911516428,0.3069993911516428,0.98,2.23,-75218.0,-3959.0,-0.2,19,10,9,52.63,14.0,4,5,10
203,4182,三菱瓦斯化学,化学,1507.0,1510.0,700,SELL,9505,北陸電力,電気・ガス業,736.0,741.0,1400,BUY,0.9205265410277856,0.9066146064502253,0.2676072694740631,0.029981118972789975,1.75589541773674,1.75589541773674,5.82,1.85,-75632.0,-3151.0,-0.22,24,12,12,50.0,11.0,10,10,4
223,5214,日本電気硝子,ガラス・土石製品,2385.0,2379.0,400,BUY,6302,住友重機械工業,機械,3265.0,3240.0,300,SELL,0.918876965421298,0.903000318938479,0.015889499416572004,0.17107168651503124,-0.2870205968782973,0.2870205968782973,-0.75,2.1,-79213.0,-8801.0,-0.68,9,3,6,33.33,13.0,1,2,6
227,4061,デンカ,化学,3070.0,3105.0,300,SELL,8377,ほくほくフィナンシャルグループ,銀行業,1047.0,1040.0,900,BUY,0.9316707013795094,0.9022450196499097,0.0062880325137316985,0.01816172729391186,1.8625835143095448,1.8625835143095448,4.39,0.48,-85011.0,-4474.0,-0.17,19,10,9,52.63,11.0,8,7,4
44,6472,ＮＴＮ,機械,323.0,327.0,3100,SELL,8002,丸紅,卸売業,733.2,733.7,1400,BUY,0.9303154082356211,0.944048526946379,0.14501085217784127,0.04080825826995043,1.1838292039372251,1.1838292039372251,3.82,1.31,-86913.0,-4346.0,-0.21,20,10,10,50.0,14.0,7,4,9
6,7976,三菱鉛筆,その他製品,1789.0,1762.0,600,SELL,9603,エイチ・アイ・エス,サービス業,2717.0,2736.0,400,BUY,0.9205727873100981,0.9650321389513964,6.623526781900366e-05,0.008619717417109284,0.7300949855396764,0.7300949855396764,1.31,3.4,-88313.0,-6793.0,-0.37,13,7,6,53.85,13.0,4,5,4
200,4182,三菱瓦斯化学,化学,1507.0,1510.0,700,SELL,8410,セブン銀行,銀行業,305.0,308.0,3400,BUY,0.9437630925527098,0.9068869121067047,0.11184890403452669,0.05143669844772783,0.7373310431781471,0.7373310431781471,3.25,0.93,-89355.0,-5585.0,-0.29,16,7,9,43.75,11.0,6,6,4
197,4005,住友化学,化学,506.0,511.0,2000,BUY,7251,ケーヒン,輸送用機器,1719.0,1705.0,600,SELL,0.9171435383121977,0.9073578087351579,0.08835525172403735,0.005368771922720871,-1.4977253912702702,1.4977253912702702,-6.8,0.1,-96703.0,-4835.0,-0.24,20,10,10,50.0,13.0,5,6,9
60,3405,クラレ,化学,1351.0,1355.0,800,SELL,4005,住友化学,化学,506.0,511.0,2100,BUY,0.9391627449382677,0.9374445001551911,0.06987407350577261,0.020088130368389856,0.4404085525142245,0.4404085525142245,0.83,1.01,-97107.0,-6069.0,-0.33,16,7,9,43.75,15.0,3,4,9
219,1824,前田建設工業,建設業,975.0,981.0,900,SELL,6923,スタンレー電気,電気機器,2951.0,2964.0,300,BUY,0.9055621585601906,0.9037886669690696,0.24929043816726193,0.2520370276359819,0.6846946625137244,0.6846946625137244,2.31,0.71,-97453.0,-5733.0,-0.32,17,7,10,41.18,13.0,6,5,6
92,3291,飯田グループホールディングス,不動産業,1756.0,1754.0,600,SELL,7182,ゆうちょ銀行,銀行業,1047.0,1046.0,1000,BUY,0.9150768174915064,0.9295653235002824,0.07570704802564553,0.06666845532080282,0.4260056018193402,0.4260056018193402,0.84,0.61,-99560.0,-5856.0,-0.28,17,9,8,52.94,15.0,2,3,12
155,8304,あおぞら銀行,銀行業,2662.0,2655.0,400,BUY,8411,みずほフィナンシャルグループ,銀行業,165.4,164.6,6500,SELL,0.9216419494171134,0.9154316943012479,0.09309205464583864,0.04429804381197322,-0.20868842862939868,0.20868842862939868,-0.38,0.74,-111266.0,-5856.0,-0.34,19,6,13,31.58,18.0,2,2,15
115,5406,神戸製鋼所,鉄鋼,560.0,561.0,1900,BUY,8058,三菱商事,卸売業,2677.0,2677.0,400,SELL,0.9273774346444593,0.9232478412886423,0.22053868379294284,0.20829577012124156,-0.8673149357160298,0.8673149357160298,-5.43,0.46,-122859.0,-6143.0,-0.29,20,9,11,45.0,11.0,8,6,6
34,5214,日本電気硝子,ガラス・土石製品,2385.0,2379.0,400,BUY,7261,マツダ,輸送用機器,999.8,991.0,1000,SELL,0.937756587795444,0.9485552632541225,0.024957353121447177,0.009984469784086625,-1.1098235265423415,1.1098235265423415,-2.59,4.14,-123230.0,-5868.0,-0.33,21,11,10,52.38,13.0,7,4,10
188,5803,フジクラ,非鉄金属,446.0,452.0,2300,SELL,5991,日本発條,金属製品,856.0,857.0,1200,BUY,0.9028120273196557,0.9096801306752328,0.3688908764445306,0.037457117907916546,2.060908600811853,2.060908600811853,9.23,1.09,-125072.0,-7817.0,-0.37,16,7,9,43.75,13.0,4,5,7
117,7180,九州フィナンシャルグループ,銀行業,446.0,440.0,2400,BUY,8385,伊予銀行,銀行業,572.0,567.0,1900,SELL,0.9536869275558063,0.9230322654000932,0.1901266888559459,0.08112543415802353,-0.4704948203814411,0.4704948203814411,-1.01,1.98,-131955.0,-6945.0,-0.33,19,8,11,42.11,16.0,2,2,15
135,8586,日立キャピタル,その他金融業,2367.0,2401.0,400,SELL,9810,日鉄物産,卸売業,4430.0,4420.0,200,BUY,0.9035451799243811,0.9190356116689256,0.029288968484718386,0.09181008584976563,2.194813707217837,2.194813707217837,3.83,8.64,-136974.0,-13697.0,-0.7,10,4,6,40.0,15.0,2,3,5
70,8002,丸紅,卸売業,733.2,733.7,1400,SELL,8306,三菱ＵＦＪフィナンシャル・グループ,銀行業,549.0,547.0,1900,BUY,0.9293957487768,0.9336384798378251,0.27711894262886794,0.10195884797573784,0.025170350322436752,0.025170350322436752,0.06,1.18,-138604.0,-8663.0,-0.4,16,6,10,37.5,16.0,2,4,10
46,5020,ＪＸＴＧホールディングス,石油・石炭製品,504.6,505.9,2100,SELL,7167,めぶきフィナンシャルグループ,銀行業,265.0,265.0,4000,BUY,0.9464215596846794,0.9435188403854662,0.07032958090993242,0.05541677610266612,0.9736072961051496,0.9736072961051496,2.0,0.22,-139732.0,-8220.0,-0.4,17,7,10,41.18,14.0,3,5,9
81,4005,住友化学,化学,506.0,511.0,2000,SELL,8002,丸紅,卸売業,733.2,733.7,1400,BUY,0.9485145881118461,0.9313204680761009,0.0028640689239145434,0.10572386043940252,0.8827374738037765,0.8827374738037765,1.34,0.5,-151457.0,-9466.0,-0.43,16,8,8,50.0,15.0,3,3,10
1,9506,東北電力,電気・ガス業,1091.0,1088.0,1000,BUY,9507,四国電力,電気・ガス業,1034.0,1039.0,1000,SELL,0.9090554186656609,0.9761644441872744,0.12269194395505817,0.04540133156743047,-0.3724157134749048,0.3724157134749048,-0.76,4.5,-158012.0,-6870.0,-0.32,23,10,13,43.48,14.0,2,6,15
87,4208,宇部興産,化学,2246.0,2256.0,400,BUY,5803,フジクラ,非鉄金属,446.0,452.0,2000,SELL,0.9387117478453056,0.9305772779895747,0.16189822995862357,0.009477339873532567,-1.813772720933264,1.813772720933264,-11.85,0.18,-166771.0,-11118.0,-0.59,15,8,7,53.33,13.0,5,3,7
47,5020,ＪＸＴＧホールディングス,石油・石炭製品,504.6,505.9,2000,BUY,7013,ＩＨＩ,機械,2580.0,2579.0,400,SELL,0.945298322640739,0.9434656534765893,0.09781235390396237,0.0477629330759418,-1.5636839962557607,1.5636839962557607,-6.02,1.92,-190284.0,-10015.0,-0.63,19,10,9,52.63,10.0,7,8,4
124,5019,出光興産,石油・石炭製品,3100.0,3080.0,300,SELL,8601,大和証券グループ本社,証券、商品先物取引業,483.0,483.4,1900,BUY,0.9387620230911525,0.9220163500136586,0.0717531489977204,0.2566066559600737,0.23055733729905714,0.23055733729905714,0.77,0.6,-213142.0,-11841.0,-0.67,18,7,11,38.89,10.0,5,10,3
214,5301,東海カーボン,ガラス・土石製品,1135.0,1145.0,500,SELL,6988,日東電工,化学,5490.0,5543.0,100,BUY,0.9199270738160372,0.9047609525528515,0.14638313103017037,0.00380394973327701,0.2878402869221807,0.2878402869221807,0.61,3.28,-217585.0,-8369.0,-0.28,26,14,12,53.85,9.0,11,11,4
238,4182,三菱瓦斯化学,化学,1507.0,1510.0,500,SELL,8309,三井住友トラスト・ホールディングス,銀行業,3850.0,3843.0,200,BUY,0.9133643376412547,0.9006546214092388,0.23329188762020803,0.0724645959471311,2.1542033993258687,2.1542033993258687,6.52,1.77,-223518.0,-13970.0,-0.75,16,7,9,43.75,12.0,3,6,7
136,5901,東洋製罐グループホールディングス,金属製品,1739.0,1743.0,600,SELL,7181,かんぽ生命保険,保険業,1664.0,1667.0,600,BUY,0.9142872556367062,0.9189792750307096,0.018567661372565308,0.2466502690892471,0.21796029927170668,0.21796029927170668,0.85,4.36,-228212.0,-12678.0,-0.74,18,4,14,22.22,13.0,4,6,8
127,5214,日本電気硝子,ガラス・土石製品,2385.0,2379.0,400,BUY,7012,川崎重工業,輸送用機器,2504.0,2513.0,400,SELL,0.9024476287840993,0.9211775804065804,0.3801883175827527,0.007981369868936388,-2.6443104739949894,2.6443104739949894,-10.75,5.33,-243298.0,-24330.0,-1.42,10,4,6,40.0,13.0,1,5,4
121,1944,きんでん,建設業,1612.0,1583.0,500,BUY,4581,大正製薬ホールディングス,医薬品,7920.0,7850.0,100,SELL,0.9066597023940828,0.9224493672672938,0.22944586068393036,0.005271138058751467,-0.5142810878985092,0.5142810878985092,-1.2,0.83,-255347.0,-21279.0,-1.24,12,2,10,16.67,16.0,1,3,8
217,4182,三菱瓦斯化学,化学,1507.0,1510.0,600,SELL,9810,日鉄物産,卸売業,4430.0,4420.0,200,BUY,0.9347405331053023,0.9041373843122399,0.18211391162388546,0.15144235979428422,1.5533890254623874,1.5533890254623874,5.93,2.49,-277350.0,-19811.0,-1.36,14,5,9,35.71,13.0,1,5,8
210,4634,東洋インキＳＣホールディングス,化学,2617.0,2600.0,400,BUY,5803,フジクラ,非鉄金属,446.0,452.0,2300,SELL,0.9623558316936499,0.9059735582713817,0.1140865679374426,0.010219329446120433,-0.9839192940653104,0.9839192940653104,-5.21,0.04,-282821.0,-16637.0,-0.93,17,8,9,47.06,13.0,3,6,8
56,5110,住友ゴム工業,ゴム製品,1356.0,1355.0,800,BUY,7251,ケーヒン,輸送用機器,1719.0,1705.0,600,SELL,0.9361217067753678,0.9391050324853075,0.3332009999111656,0.10860222200656683,-0.5211368960200133,0.5211368960200133,-1.72,5.96,-300472.0,-17675.0,-0.9,17,5,12,29.41,13.0,2,6,9
218,3291,飯田グループホールディングス,不動産業,1756.0,1754.0,600,BUY,7202,いすゞ自動車,輸送用機器,1239.5,1236.5,900,SELL,0.9397196625994885,0.9039204981889755,0.031998649378366995,0.0985088223297863,-1.8649893349299616,1.8649893349299616,-3.11,5.74,-313047.0,-18415.0,-0.92,17,7,10,41.18,12.0,2,8,7
90,5019,出光興産,石油・石炭製品,3100.0,3080.0,300,BUY,8002,丸紅,卸売業,733.2,733.7,1300,SELL,0.9651449466893859,0.9302688980409044,0.004092795728905531,0.005830080455944148,-0.4005927736675057,0.4005927736675057,-1.04,3.23,-325169.0,-16258.0,-0.87,20,7,13,35.0,11.0,5,8,7
113,4118,カネカ,化学,3500.0,3535.0,300,SELL,5411,ジェイ　エフ　イー　ホールディングス,鉄鋼,1305.0,1307.0,800,BUY,0.9158088383493163,0.9244013386533333,0.26133135490147186,0.06945643744576215,0.8721752983012007,0.8721752983012007,2.79,1.4,-341403.0,-21338.0,-1.17,16,8,8,50.0,13.0,2,7,7
169,1928,積水ハウス,建設業,2256.5,2290.0,400,SELL,3387,クリエイト・レストランツ・ホールディングス,小売業,1870.0,1858.0,500,BUY,0.9133706155731677,0.9136932365462164,0.14285313591300747,0.04370654971274706,0.7546596607323651,0.7546596607323651,3.63,1.42,-349268.0,-29106.0,-1.46,12,3,9,25.0,13.0,1,5,6
173,5803,フジクラ,非鉄金属,446.0,452.0,1900,SELL,7267,本田技研工業,輸送用機器,2911.0,2908.5,300,BUY,0.9099447901611988,0.9121021975700705,0.22443594666429323,0.06039127080123653,1.7968265764507942,1.7968265764507942,8.67,1.58,-369778.0,-23111.0,-1.18,16,5,11,31.25,14.0,2,5,9
