コード,銘柄名,05/11,05/08,05/07,05/01,04/30
1301,極洋,0.05,0.00,0.05,0.00,0.05
1377,サカタのタネ,0.05,0.05,0.10,0.30,0.10
1414,ショーボンドホールディングス,0.00,0.00,0.00,0.00,0.00
1420,サンヨーホームズ,0.05,0.00,0.05,0.00,0.05
1430,ファーストコーポレーション,0.05,0.05,0.00,0.15,0.05
1433,ベステラ,0.05,0.05,0.05,0.15,0.05
1515,日鉄鉱業,0.05,0.10,0.05,0.15,0.05
1518,三井松島ホールディングス,0.00,-,-,-,-
1712,ダイセキ環境ソリューション,0.00,-,-,-,-
1719,安藤・間,0.00,-,0.00,-,0.00
1762,高松コンストラクショングループ,0.00,0.00,-,-,-
1766,東建コーポレーション,0.15,0.15,0.15,0.45,0.15
1768,ソネック,0.05,0.05,0.05,0.15,0.05
1801,大成建設,0.00,0.00,0.00,0.00,0.00
1803,清水建設,0.00,0.00,0.00,0.00,0.00
1808,長谷工コーポレーション,0.00,0.00,0.00,0.00,0.05
1810,松井建設,0.00,0.00,-,-,0.00
1811,錢高組,0.10,0.10,0.10,0.30,0.00
1815,鉄建建設,0.00,0.00,-,-,0.00
1820,西松建設,0.00,-,-,-,-
1822,大豊建設,0.00,0.00,0.00,0.00,0.00
1824,前田建設工業,0.00,0.00,0.00,0.00,0.00
1826,佐田建設,0.00,0.00,0.00,-,-
1827,ナカノフドー建設,0.00,0.00,0.00,-,-
1835,東鉄工業,0.00,-,-,-,0.00
1860,戸田建設,0.00,0.05,0.00,0.00,0.05
1861,熊谷組,0.00,0.00,0.00,0.00,0.00
1866,北野建設,0.00,0.05,0.05,0.15,0.05
1867,植木組,0.05,0.05,0.05,0.15,0.05
1870,矢作建設工業,0.05,0.05,0.05,0.15,0.05
1878,大東建託,0.20,0.20,0.20,0.45,0.20
1881,ＮＩＰＰＯ,0.00,0.05,0.05,0.15,0.05
1884,日本道路,0.10,0.15,0.10,0.30,0.15
1885,東亜建設工業,0.00,0.05,0.00,0.00,0.00
1911,住友林業,0.00,0.00,-,-,0.00
1925,大和ハウス工業,0.05,0.05,0.05,0.15,0.05
1928,積水ハウス,0.05,0.05,0.05,0.15,0.05
1930,北陸電気工事,0.05,0.05,0.05,0.00,0.00
1934,ユアテック,0.00,0.00,0.00,0.00,0.00
1939,四電工,0.05,0.05,0.05,0.15,0.05
1944,きんでん,0.00,0.00,0.00,0.00,0.00
1946,トーエネック,0.10,-,-,-,-
1949,住友電設,0.00,0.00,0.00,0.00,0.00
1950,日本電設工業,0.00,0.00,0.00,0.00,0.00
1952,新日本空調,0.00,0.00,-,0.00,0.00
1954,日本工営,0.00,0.00,-,0.00,-
1959,九電工,0.00,0.00,0.00,-,0.00
1963,日揮ホールディングス,0.00,0.00,0.00,0.00,0.00
1964,中外炉工業,0.05,0.05,0.00,0.00,0.05
1968,太平電業,0.00,-,-,-,-
1975,朝日工業社,0.00,0.00,0.00,0.00,0.00
1976,明星工業,0.00,0.05,0.05,0.15,0.05
1979,大氣社,0.00,0.00,0.00,0.15,0.05
1980,ダイダン,0.05,0.05,0.05,0.15,0.05
1982,日比谷総合設備,0.00,0.00,0.00,0.00,0.00
2004,昭和産業,0.05,0.05,0.05,0.15,0.10
2053,中部飼料,0.05,0.05,0.05,0.00,0.05
2120,ＬＩＦＵＬＬ,0.00,0.00,0.00,0.00,0.00
2127,日本Ｍ＆Ａセンター,0.05,0.05,0.10,0.00,0.10
2130,メンバーズ,0.00,-,-,-,-
2139,中広,0.00,0.00,0.00,0.00,0.00
2146,ＵＴグループ,0.05,0.05,-,-,0.05
2157,コシダカホールディングス,0.05,0.05,0.05,0.15,0.05
2168,パソナグループ,0.05,0.05,0.05,0.15,0.05
2170,リンクアンドモチベーション,0.00,0.00,0.00,0.00,0.00
2174,ＧＣＡ,0.00,0.00,-,-,-
2181,パーソルホールディングス,0.05,0.05,0.05,0.15,0.05
2198,アイ・ケイ・ケイ,0.05,0.05,0.05,0.15,0.05
2204,中村屋,0.10,0.10,0.10,0.30,0.10
2206,江崎グリコ,0.05,0.00,0.00,0.00,0.00
2215,第一屋製パン,0.00,0.00,0.00,0.00,0.00
2217,モロゾフ,0.10,0.10,0.10,0.30,0.10
2220,亀田製菓,0.10,0.10,0.10,0.30,0.10
2222,寿スピリッツ,0.10,0.10,0.10,0.30,0.10
2229,カルビー,0.00,0.00,0.00,0.00,0.00
2266,六甲バター,0.00,-,-,-,-
2267,ヤクルト本社,0.00,-,0.00,-,-
2269,明治ホールディングス,0.00,-,0.00,-,0.00
2270,雪印メグミルク,0.00,0.00,0.00,0.00,0.00
2281,プリマハム,0.00,0.00,0.00,0.00,0.00
2288,丸大食品,0.05,0.05,0.05,0.15,0.05
2292,エスフーズ,0.00,0.00,0.00,0.00,0.00
2294,柿安本店,0.05,0.05,0.05,0.15,0.05
2296,伊藤ハム米久ホールディングス,0.00,0.00,0.00,0.00,0.00
2305,スタジオアリス,0.05,0.05,0.05,0.15,0.05
2309,シミックホールディングス,0.00,0.00,0.00,0.00,-
2325,ＮＪＳ,0.05,0.00,-,0.00,0.05
2326,デジタルアーツ,0.00,0.00,0.00,0.00,0.00
2331,綜合警備保障,0.00,0.10,0.10,0.30,0.10
2337,いちご,0.00,-,-,-,-
2371,カカクコム,0.05,0.05,0.05,0.00,0.05
2378,ルネサンス,0.05,0.05,0.05,0.15,0.05
2379,ディップ,0.00,0.05,-,0.15,0.05
2389,オプトホールディング,0.00,0.00,0.00,0.00,-
2398,ツクイ,0.00,0.00,-,-,-
2410,キャリアデザインセンター,0.00,0.00,0.00,0.00,0.00
2412,ベネフィット・ワン,0.05,0.05,0.05,0.15,0.05
2428,ウェルネット,0.00,0.00,0.00,-,-
2432,ディー・エヌ・エー,0.00,0.00,0.00,0.00,0.00
2433,博報堂ＤＹホールディングス,0.05,0.05,0.05,0.15,0.05
2440,ぐるなび,0.05,0.00,0.05,0.00,0.05
2461,ファンコミュニケーションズ,0.00,0.00,0.00,0.00,0.00
2462,ライク,0.05,0.05,0.05,0.15,0.05
2471,エスプール,0.00,0.00,0.00,0.00,0.00
2475,ＷＤＢホールディングス,0.00,0.00,0.00,0.00,0.00
2485,ティア,0.00,0.00,0.00,0.00,0.00
2487,ＣＤＧ,0.05,0.05,0.05,0.15,0.05
2491,バリューコマース,0.05,0.00,0.00,0.00,0.00
2492,インフォマート,0.05,0.05,0.05,0.15,0.05
2502,アサヒグループホールディングス,0.00,0.00,0.00,-,0.00
2533,オエノンホールディングス,0.05,0.00,0.00,-,0.00
2587,サントリー食品インターナショナル,0.00,0.00,0.00,0.00,0.00
2590,ダイドーグループホールディングス,0.10,0.10,0.10,0.30,0.10
2593,伊藤園,0.10,0.10,0.10,0.30,0.10
2594,キーコーヒー,0.05,0.05,0.05,0.15,0.05
2599,ジャパンフーズ,0.00,-,-,-,-
2651,ローソン,0.00,0.00,-,0.00,0.00
2659,サンエー,0.10,0.10,0.10,0.30,0.10
2664,カワチ薬品,0.05,0.05,0.05,0.15,0.05
2670,エービーシー・マート,0.10,0.10,0.00,0.00,0.10
2676,高千穂交易,0.00,0.00,0.00,0.00,0.00
2678,アスクル,0.05,0.00,0.00,0.00,0.00
2681,ゲオホールディングス,0.05,0.00,0.00,0.15,0.05
2685,アダストリア,0.05,0.05,-,0.15,0.00
2687,シー・ヴイ・エス・ベイエリア,0.00,0.00,0.00,0.00,0.00
2689,カワニシホールディングス,0.00,0.05,0.05,0.15,0.05
2692,伊藤忠食品,0.10,0.10,0.10,0.30,0.10
2695,くら寿司,0.10,0.10,0.10,0.30,0.10
2698,キャンドゥ,0.05,0.05,0.05,0.15,0.05
2729,ＪＡＬＵＸ,0.05,0.05,0.05,0.15,0.05
2730,エディオン,0.00,0.00,0.00,0.00,0.05
2733,あらた,0.10,0.00,0.10,-,0.10
2734,サーラコーポレーション,0.00,0.00,0.00,0.00,0.00
2784,アルフレッサ　ホールディングス,0.05,0.05,0.05,0.15,0.00
2791,大黒天物産,0.00,0.00,0.00,0.00,0.00
2796,ファーマライズホールディングス,0.05,0.05,0.05,0.15,0.05
2801,キッコーマン,0.00,0.00,0.00,0.00,0.10
2809,キユーピー,0.00,0.00,0.00,0.00,0.00
2811,カゴメ,0.00,0.00,0.00,0.00,0.05
2815,アリアケジャパン,0.00,0.00,0.10,0.00,0.00
2818,ピエトロ,0.05,0.05,0.05,0.15,0.05
2819,エバラ食品工業,0.05,0.05,0.05,0.15,0.05
2875,東洋水産,0.10,0.10,0.10,0.30,0.10
2882,イートアンド,0.05,0.05,0.05,0.15,0.05
2884,ヨシムラ・フード・ホールディングス,0.05,0.05,0.05,0.15,0.05
2899,永谷園ホールディングス,0.00,0.00,-,0.00,0.00
2904,一正蒲鉾,0.00,0.00,0.05,0.00,0.00
2910,ロック・フィールド,0.05,0.05,0.05,0.15,0.05
2914,日本たばこ産業,0.00,-,-,-,0.00
2922,なとり,0.00,0.05,0.05,0.15,0.05
2924,イフジ産業,0.00,-,0.00,0.00,0.00
2930,北の達人コーポレーション,0.05,0.05,0.05,0.15,0.05
2931,ユーグレナ,0.00,0.00,0.00,0.00,0.00
2975,スター・マイカ・ホールディングス,0.05,0.05,0.05,0.15,0.05
2982,ＡＤワークスグループ,0.05,0.05,0.05,0.15,0.05
3023,ラサ商事,0.00,0.00,0.00,0.00,0.00
3028,アルペン,0.05,0.05,0.05,0.15,0.05
3038,神戸物産,0.00,0.00,0.00,0.00,0.00
3046,ジンズホールディングス,0.10,0.10,0.10,0.30,0.10
3048,ビックカメラ,0.05,0.05,0.05,0.15,0.05
3050,ＤＣＭホールディングス,0.00,0.00,0.00,0.15,0.05
3064,ＭｏｎｏｔａＲＯ,0.10,0.10,0.10,0.30,0.10
3067,東京一番フーズ,0.05,0.05,0.05,0.15,0.05
3079,ディーブイエックス,0.00,0.00,-,0.00,0.00
3082,きちりホールディングス,0.05,0.05,0.05,0.15,0.05
3086,Ｊ．フロント　リテイリング,0.05,0.05,0.05,0.15,0.05
3092,ＺＯＺＯ,0.05,0.05,0.05,0.15,0.05
3097,物語コーポレーション,0.15,0.15,0.15,0.45,0.15
3099,三越伊勢丹ホールディングス,0.05,0.05,0.05,0.15,0.05
3101,東洋紡,0.00,-,-,-,-
3103,ユニチカ,0.00,0.00,-,0.00,0.00
3106,倉敷紡績,0.10,0.10,0.10,0.30,0.15
3107,ダイワボウホールディングス,0.15,0.15,0.15,0.45,0.15
3110,日東紡績,0.10,0.10,0.10,0.30,0.10
3116,トヨタ紡織,0.00,0.00,0.00,0.00,0.00
3132,マクニカ・富士エレホールディングス,0.00,-,-,-,-
3134,Ｈａｍｅｅ,0.05,0.05,0.05,0.15,0.05
3139,ラクト・ジャパン,0.00,0.05,0.00,0.00,0.00
3141,ウエルシアホールディングス,0.15,0.15,0.15,0.45,0.15
3148,クリエイトＳＤホールディングス,0.05,0.05,0.05,0.15,0.05
3151,バイタルケーエスケー・ホールディングス,0.05,0.05,0.05,0.15,0.05
3159,丸善ＣＨＩホールディングス,0.00,0.00,0.00,0.15,0.05
3160,大光,0.05,0.05,0.05,0.15,0.05
3166,ＯＣＨＩホールディングス,0.05,0.05,0.05,0.15,0.05
3167,ＴＯＫＡＩホールディングス,0.00,-,0.00,0.15,0.05
3168,黒谷,0.05,0.05,0.05,0.15,0.05
3172,ティーライフ,0.05,0.05,0.05,0.15,0.05
3178,チムニー,0.05,0.05,0.05,0.15,0.05
3180,ビューティガレージ,0.00,0.05,0.05,0.15,0.05
3186,ネクステージ,0.00,0.05,0.05,0.15,0.05
3191,ジョイフル本田,0.00,0.00,0.00,0.00,0.00
3193,鳥貴族,0.05,0.05,0.05,0.15,0.10
3196,ホットランド,0.05,0.05,0.05,0.15,0.05
3197,すかいらーくホールディングス,0.05,0.05,0.00,0.15,0.00
3201,日本毛織,0.05,0.05,0.05,0.15,0.00
3204,トーア紡コーポレーション,0.00,0.00,0.00,-,-
3205,ダイドーリミテッド,0.00,0.05,0.05,0.15,0.05
3222,ユナイテッド・スーパーマーケット・ホールディングス,0.05,0.05,0.05,0.00,0.05
3231,野村不動産ホールディングス,0.00,0.05,0.05,-,0.05
3232,三重交通グループホールディングス,0.05,0.05,0.05,0.15,0.05
3245,ディア・ライフ,0.00,0.00,0.00,0.00,0.00
3252,日本商業開発,0.00,0.05,0.05,0.00,0.00
3254,プレサンスコーポレーション,0.00,0.00,0.00,0.00,0.00
3271,ＴＨＥグローバル社,2.00,1.00,2.00,3.00,1.00
3276,日本管理センター,0.00,0.05,0.05,0.15,0.05
3280,エストラスト,0.00,0.00,0.00,0.00,0.00
3284,フージャースホールディングス,0.00,0.00,0.05,0.00,0.00
3288,オープンハウス,0.05,0.05,0.05,0.15,0.05
3289,東急不動産ホールディングス,0.00,0.00,0.00,-,0.00
3291,飯田グループホールディングス,0.05,0.05,0.05,0.15,0.05
3299,ムゲンエステート,0.05,0.05,0.05,0.15,0.05
3302,帝国繊維,0.05,0.00,0.05,0.00,0.05
3349,コスモス薬品,0.50,0.50,0.50,1.50,0.50
3371,ソフトクリエイトホールディングス,0.00,-,0.05,0.15,0.05
3387,クリエイト・レストランツ・ホールディングス,0.05,0.05,0.05,0.15,0.05
3391,ツルハホールディングス,0.00,0.00,0.00,0.00,0.00
3395,サンマルクホールディングス,0.00,0.00,0.05,0.15,0.05
3397,トリドールホールディングス,0.05,0.05,0.05,0.15,0.05
3433,トーカロ,0.00,-,-,-,0.00
3436,ＳＵＭＣＯ,0.00,0.00,-,-,0.00
3445,ＲＳ　Ｔｅｃｈｎｏｌｏｇｉｅｓ,0.00,0.00,0.00,0.00,0.00
3454,ファーストブラザーズ,0.00,0.00,0.00,0.00,0.00
3457,ハウスドゥ,0.00,0.00,0.00,-,0.00
3475,グッドコムアセット,0.05,0.05,0.05,0.15,0.05
3480,ジェイ・エス・ビー,0.00,0.00,0.00,0.00,0.00
3484,テンポイノベーション,0.05,0.05,0.05,0.15,0.05
3501,住江織物,0.00,0.00,0.00,0.00,0.00
3538,ウイルプラスホールディングス,0.00,0.00,0.00,0.00,0.00
3539,ＪＭホールディングス,0.05,0.05,0.05,0.15,0.05
3543,コメダホールディングス,0.00,0.00,0.00,0.15,0.05
3544,サツドラホールディングス,0.05,0.05,0.05,0.15,0.05
3547,串カツ田中ホールディングス,0.05,0.05,0.05,0.15,0.05
3549,クスリのアオキホールディングス,0.15,0.15,0.15,0.45,0.15
3561,力の源ホールディングス,0.00,0.00,0.00,0.00,0.00
3563,スシローグローバルホールディングス,0.00,0.05,0.00,0.00,0.00
3569,セーレン,0.05,0.05,0.05,0.15,0.05
3571,ソトー,0.05,0.05,0.05,0.15,0.05
3580,小松マテーレ,0.05,0.05,0.05,0.15,0.05
3591,ワコールホールディングス,0.00,-,-,-,0.00
3606,レナウン,0.05,0.05,0.05,0.00,0.05
3608,ＴＳＩホールディングス,0.00,-,0.05,0.00,0.05
3611,マツオカコーポレーション,0.00,0.00,0.00,0.00,0.00
3612,ワールド,0.00,-,0.00,0.00,0.00
3627,ネオス,0.00,0.00,0.00,0.00,0.00
3635,コーエーテクモホールディングス,0.00,-,-,0.00,-
3636,三菱総合研究所,0.10,-,-,-,-
3640,電算,0.05,0.05,0.05,0.15,0.05
3648,ＡＧＳ,0.00,0.00,0.00,0.00,0.00
3655,ブレインパッド,0.10,0.10,0.10,0.30,0.10
3656,ＫＬａｂ,0.05,0.05,0.05,0.15,0.05
3659,ネクソン,0.00,0.05,0.05,0.15,0.05
3660,アイスタイル,0.00,0.05,0.00,0.00,0.00
3661,エムアップホールディングス,0.10,0.10,0.10,0.30,0.65
3665,エニグモ,0.05,0.05,0.05,0.15,0.05
3667,ｅｎｉｓｈ,0.05,0.05,0.05,0.15,0.05
3668,コロプラ,0.05,0.05,0.05,0.15,0.05
3678,メディアドゥホールディングス,0.10,0.20,0.20,0.30,0.50
3682,エンカレッジ・テクノロジ,0.00,0.00,0.00,0.00,0.00
3683,サイバーリンクス,0.05,0.05,0.05,0.15,0.05
3694,オプティム,0.00,0.00,0.00,0.00,0.00
3697,ＳＨＩＦＴ,0.15,0.15,0.15,0.45,0.20
3708,特種東海製紙,0.10,0.10,0.10,0.30,0.10
3769,ＧＭＯペイメントゲートウェイ,0.20,0.25,0.30,1.05,0.55
3834,朝日ネット,0.00,0.05,0.00,0.00,-
3843,フリービット,0.00,0.00,0.00,0.00,0.00
3861,王子ホールディングス,0.00,0.00,0.00,0.00,0.00
3865,北越コーポレーション,0.00,0.00,0.00,0.00,0.00
3877,中越パルプ工業,0.00,0.00,0.00,0.00,0.00
3878,巴川製紙所,0.05,0.05,0.05,0.15,0.05
3880,大王製紙,0.05,0.05,0.05,0.15,0.05
3919,パイプドＨＤ,0.05,0.05,0.05,0.15,0.05
3928,マイネット,0.05,0.05,0.05,0.15,0.00
3964,オークネット,0.00,0.05,0.05,0.15,0.05
3983,オロ,0.00,0.00,0.00,0.00,0.00
3996,サインポスト,0.00,0.05,0.05,0.15,0.05
4004,昭和電工,0.00,0.00,0.00,0.00,0.00
4005,住友化学,0.00,0.00,-,-,0.00
4008,住友精化,0.00,0.00,0.00,0.00,0.00
4021,日産化学,0.00,0.00,0.00,0.00,0.00
4025,多木化学,0.15,0.15,0.15,0.45,0.15
4031,片倉コープアグリ,0.05,-,0.05,-,0.05
4041,日本曹達,0.00,0.00,0.00,0.00,0.00
4042,東ソー,0.00,0.00,-,0.00,0.00
4043,トクヤマ,0.00,0.00,-,-,0.00
4046,大阪ソーダ,0.00,0.00,-,-,0.00
4047,関東電化工業,0.00,0.00,0.00,0.00,0.00
4061,デンカ,0.00,0.00,0.00,0.00,0.00
4062,イビデン,0.00,0.05,0.05,0.15,0.05
4095,日本パーカライジング,0.05,0.05,0.05,0.15,0.05
4097,高圧ガス工業,0.00,0.00,0.00,-,0.00
4099,四国化成工業,0.00,0.00,0.05,0.15,0.05
4100,戸田工業,0.00,0.00,0.00,0.00,0.00
4112,保土谷化学工業,0.10,0.10,0.10,0.30,0.10
4116,大日精化工業,0.00,0.00,0.00,0.00,0.00
4118,カネカ,0.00,0.00,0.00,0.00,0.00
4151,協和キリン,0.00,0.00,0.00,0.00,0.00
4182,三菱瓦斯化学,0.00,0.00,-,-,0.00
4183,三井化学,0.00,0.00,-,-,0.00
4185,ＪＳＲ,0.05,0.05,0.05,0.15,0.05
4186,東京応化工業,0.00,0.00,0.00,0.00,0.00
4202,ダイセル,0.00,0.00,0.00,0.00,0.00
4204,積水化学工業,0.00,0.00,-,0.00,-
4205,日本ゼオン,0.00,0.00,0.00,0.00,0.00
4212,積水樹脂,0.00,0.00,0.00,0.15,0.00
4216,旭有機材,0.00,0.05,0.00,0.15,0.00
4218,ニチバン,0.05,0.05,0.05,0.15,0.05
4221,大倉工業,0.00,0.00,0.00,0.00,0.00
4229,群栄化学工業,0.00,0.00,0.00,0.00,0.00
4231,タイガースポリマー,0.00,0.00,0.00,0.00,0.00
4248,竹本容器,0.00,0.00,0.00,0.00,0.00
4272,日本化薬,0.00,0.00,0.00,0.00,0.05
4286,レッグス,0.00,0.00,0.00,0.00,0.00
4290,プレステージ・インターナショナル,0.00,-,-,-,-
4298,プロトコーポレーション,0.00,0.00,0.00,0.00,0.00
4301,アミューズ,0.05,0.05,0.05,0.15,0.05
4310,ドリームインキュベータ,0.00,0.00,0.00,0.00,0.00
4321,ケネディクス,0.00,-,0.00,-,0.00
4337,ぴあ,7.00,7.40,7.00,21.00,7.00
4344,ソースネクスト,0.00,-,-,-,-
4368,扶桑化学工業,0.00,0.00,0.00,-,0.00
4401,ＡＤＥＫＡ,0.05,0.00,0.00,0.00,0.00
4403,日油,0.05,0.00,0.00,0.00,0.00
4410,ハリマ化成グループ,0.05,0.05,0.05,0.15,0.05
4461,第一工業製薬,0.10,0.10,0.10,0.00,0.10
4462,石原ケミカル,0.05,0.05,0.05,0.15,0.05
4503,アステラス製薬,0.00,0.05,0.05,0.00,0.05
4526,理研ビタミン,0.00,0.00,0.00,0.00,0.00
4528,小野薬品工業,0.00,0.00,0.00,0.00,0.00
4530,久光製薬,0.00,0.00,0.10,0.00,0.10
4536,参天製薬,0.05,0.05,0.05,0.15,0.05
4538,扶桑薬品工業,0.05,0.00,0.00,0.00,0.05
4547,キッセイ薬品工業,0.05,-,0.05,-,0.05
4550,日水製薬,0.00,-,-,-,-
4552,ＪＣＲファーマ,0.00,0.00,0.00,0.00,-
4553,東和薬品,0.00,0.05,0.05,0.15,0.00
4554,富士製薬工業,0.00,0.00,0.00,0.00,0.00
4555,沢井製薬,0.00,0.00,0.00,0.00,-
4559,ゼリア新薬工業,0.05,0.00,0.05,0.15,0.05
4568,第一三共,0.00,0.00,0.00,0.00,0.00
4578,大塚ホールディングス,0.00,0.00,0.00,-,0.00
4611,大日本塗料,0.05,0.00,0.05,0.15,0.05
4612,日本ペイントホールディングス,0.15,0.15,0.10,0.30,0.10
4613,関西ペイント,0.05,0.05,0.05,0.15,0.05
4617,中国塗料,0.05,0.05,0.05,0.15,0.05
4620,藤倉化成,0.00,0.00,0.00,0.00,0.00
4631,ＤＩＣ,0.00,-,0.00,-,0.00
4634,東洋インキＳＣホールディングス,0.00,0.00,0.00,0.00,0.05
4636,Ｔ＆Ｋ　ＴＯＫＡ,0.00,0.00,0.00,0.00,0.00
4641,アルプス技研,0.00,0.00,0.00,0.00,0.00
4651,サニックス,0.00,-,-,-,0.00
4661,オリエンタルランド,0.25,0.25,0.25,0.75,0.25
4665,ダスキン,0.05,0.05,0.05,0.15,0.05
4666,パーク２４,0.00,-,-,0.00,-
4668,明光ネットワークジャパン,0.00,0.00,0.00,0.00,0.00
4676,フジ・メディア・ホールディングス,0.00,0.00,0.00,0.00,0.00
4678,秀英予備校,0.05,0.05,0.05,0.15,0.05
4680,ラウンドワン,0.25,0.55,0.55,0.15,0.10
4681,リゾートトラスト,0.00,0.05,0.00,0.00,0.05
4696,ワタベウェディング,0.05,0.05,0.05,0.15,0.05
4716,日本オラクル,0.20,0.20,0.20,0.60,0.20
4718,早稲田アカデミー,0.05,0.05,0.05,0.15,0.05
4719,アルファシステムズ,0.10,0.10,0.10,0.15,0.10
4726,ＳＢテクノロジー,0.00,0.00,0.00,0.00,0.00
4732,ユー・エス・エス,0.00,0.00,0.00,0.00,0.00
4751,サイバーエージェント,0.10,0.10,0.10,0.30,0.10
4755,楽天,0.00,0.00,0.00,-,-
4792,山田コンサルティンググループ,0.00,0.00,0.00,0.00,0.00
4812,電通国際情報サービス,0.00,0.00,0.00,-,0.10
4819,デジタルガレージ,0.05,0.00,0.00,0.00,0.00
4820,イーエムシステムズ,0.00,0.00,0.00,0.00,0.00
4825,ウェザーニューズ,0.05,0.00,0.00,0.00,0.00
4839,ＷＯＷＯＷ,0.00,0.05,0.05,0.15,0.05
4847,インテリジェント　ウェイブ,0.00,0.00,0.00,0.00,0.00
4911,資生堂,0.15,0.10,0.10,0.45,0.00
4912,ライオン,0.05,0.05,0.05,0.15,0.05
4917,マンダム,0.00,-,-,-,-
4921,ファンケル,0.05,0.05,0.00,-,-
4922,コーセー,0.00,0.00,0.00,-,0.00
4928,ノエビアホールディングス,0.10,0.10,0.10,0.30,0.05
4929,アジュバンコスメジャパン,0.05,0.05,0.05,0.15,0.05
4955,アグロ　カネショウ,0.05,0.05,0.05,0.15,0.05
4958,長谷川香料,0.05,0.05,0.05,0.15,0.05
4967,小林製薬,0.20,0.20,0.20,0.60,0.20
4968,荒川化学工業,0.00,-,0.05,-,-
4971,メック,0.00,-,-,-,-
4975,ＪＣＵ,0.05,0.05,0.05,0.15,0.05
4977,新田ゼラチン,0.00,0.00,0.00,0.00,-
4985,アース製薬,0.00,0.00,-,0.00,0.10
4992,北興化学工業,0.00,-,-,-,-
4997,日本農薬,0.05,0.05,0.05,0.15,0.00
5011,ニチレキ,0.05,-,-,0.15,-
5018,ＭＯＲＥＳＣＯ,0.05,0.05,0.05,0.15,0.05
5020,ＪＸＴＧホールディングス,0.00,0.00,0.00,0.00,0.00
5101,横浜ゴム,0.00,0.00,0.00,-,0.00
5105,ＴＯＹＯ　ＴＩＲＥ,0.05,0.05,0.05,0.15,0.05
5108,ブリヂストン,0.00,0.00,-,0.00,0.00
5110,住友ゴム工業,0.00,0.00,0.00,-,0.00
5122,オカモト,0.00,0.00,0.00,0.00,0.00
5186,ニッタ,0.00,0.00,0.00,0.00,0.00
5202,日本板硝子,0.00,0.00,0.00,0.00,0.00
5218,オハラ,0.00,0.00,0.00,0.00,0.00
5232,住友大阪セメント,0.05,0.05,0.00,0.15,0.05
5273,三谷セキサン,0.10,0.10,0.10,0.30,0.10
5301,東海カーボン,0.05,0.05,0.05,0.15,0.05
5302,日本カーボン,0.05,0.05,0.05,0.30,0.10
5332,ＴＯＴＯ,0.10,0.10,0.10,0.30,0.10
5344,ＭＡＲＵＷＡ,0.15,0.15,0.15,0.45,0.15
5358,イソライト工業,0.00,-,0.00,-,0.00
5363,東京窯業,0.00,-,0.05,0.15,0.05
5393,ニチアス,0.05,0.05,0.05,0.15,0.05
5401,日本製鉄,0.00,0.00,-,0.00,0.00
5406,神戸製鋼所,0.00,0.00,-,-,0.00
5408,中山製鋼所,0.00,0.00,0.00,0.00,-
5411,ジェイ　エフ　イー　ホールディングス,0.00,-,-,-,0.00
5423,東京製鐵,0.05,0.00,0.05,0.15,0.00
5451,淀川製鋼所,0.05,-,-,-,-
5463,丸一鋼管,0.05,0.05,0.05,0.15,0.05
5471,大同特殊鋼,0.05,0.10,0.00,-,0.10
5480,日本冶金工業,0.00,0.05,0.00,0.00,0.00
5486,日立金属,0.00,0.00,0.00,0.00,0.00
5491,日本金属,0.00,0.00,-,-,-
5541,大平洋金属,0.00,0.00,0.00,0.00,0.00
5658,日亜鋼業,0.00,0.00,0.00,0.00,-
5707,東邦亜鉛,0.00,-,-,-,-
5711,三菱マテリアル,0.00,-,0.00,-,0.00
5713,住友金属鉱山,0.00,0.00,-,-,0.00
5714,ＤＯＷＡホールディングス,0.00,0.00,0.00,0.00,0.00
5726,大阪チタニウムテクノロジーズ,0.00,0.00,0.00,0.00,0.00
5727,東邦チタニウム,0.00,0.00,-,-,-
5741,ＵＡＣＪ,0.00,0.05,0.05,0.00,0.05
5809,タツタ電線,0.00,0.00,0.05,0.15,0.05
5930,文化シヤッター,0.00,0.00,0.00,0.00,0.00
5936,東洋シヤッター,0.00,0.00,0.00,0.00,0.00
5943,ノーリツ,0.05,0.05,0.05,0.00,0.00
5946,長府製作所,0.05,0.05,0.05,0.15,0.05
5947,リンナイ,0.15,0.15,0.15,0.45,0.15
5951,ダイニチ工業,0.00,0.05,0.00,0.15,0.05
5958,三洋工業,0.00,-,0.00,0.00,0.00
5959,岡部,0.00,0.00,0.00,0.00,0.00
5981,東京製綱,0.00,0.00,-,-,0.00
5985,サンコール,0.00,-,-,-,0.00
5988,パイオラックス,0.05,-,0.05,0.00,0.00
5991,日本発条,0.05,0.05,0.00,0.00,0.05
5992,中央発條,0.05,0.05,0.05,0.15,0.05
5998,アドバネクス,0.05,0.05,0.05,0.15,0.05
6005,三浦工業,0.10,0.10,0.10,0.30,0.10
6013,タクマ,0.00,-,-,-,-
6028,テクノプロ・ホールディングス,0.10,0.10,-,-,-
6037,ファーストロジック,0.00,0.00,0.00,0.00,0.00
6047,Ｇｕｎｏｓｙ,0.00,0.00,0.00,0.00,0.00
6048,デザインワン・ジャパン,0.00,0.00,0.00,0.00,-
6054,リブセンス,0.05,0.00,0.05,0.15,0.00
6058,ベクトル,0.00,0.00,-,0.00,0.00
6070,キャリアリンク,0.00,-,-,-,0.00
6071,ＩＢＪ,0.00,0.00,0.00,0.00,0.00
6073,アサンテ,0.00,-,-,-,-
6078,バリューＨＲ,0.00,-,0.00,-,0.00
6083,ＥＲＩホールディングス,0.00,0.00,-,-,-
6093,エスクロー・エージェント・ジャパン,0.00,0.00,0.00,0.00,0.00
6098,リクルートホールディングス,0.05,0.05,0.00,0.00,0.05
6099,エラン,0.00,0.00,0.00,0.00,0.00
6101,ツガミ,0.00,0.05,0.00,0.00,0.00
6103,オークマ,0.10,0.10,0.10,0.30,0.10
6135,牧野フライス製作所,0.00,0.00,-,-,-
6136,オーエスジー,0.00,0.00,-,-,-
6141,ＤＭＧ森精機,0.00,0.00,0.00,0.00,0.00
6143,ソディック,0.05,0.05,0.05,0.15,0.00
6146,ディスコ,0.45,0.45,0.45,0.00,0.40
6151,日東工器,0.00,0.00,0.00,0.00,0.00
6157,日進工具,0.05,0.05,0.05,0.15,0.05
6165,パンチ工業,0.00,0.00,0.00,0.00,-
6175,ネットマーケティング,0.00,0.00,0.00,-,-
6178,日本郵政,0.00,0.00,0.00,0.00,0.00
6184,鎌倉新書,0.00,0.00,0.00,0.00,0.00
6185,ＳＭＮ,0.05,0.05,0.05,0.15,0.05
6187,ＬＩＴＡＬＩＣＯ,0.05,0.05,0.05,0.15,0.05
6194,アトラエ,0.05,0.05,0.05,0.15,0.05
6197,ソラスト,0.00,0.00,-,-,-
6200,インソース,0.05,0.05,0.05,0.00,0.05
6201,豊田自動織機,0.00,0.00,0.00,0.00,0.00
6205,ＯＫＫ,0.00,0.05,0.00,0.15,0.00
6210,東洋機械金属,0.00,0.00,0.00,0.00,0.00
6217,津田駒工業,0.05,0.05,0.05,0.15,0.05
6218,エンシュウ,0.00,0.00,0.00,0.00,0.00
6237,イワキ,0.00,0.00,0.05,0.00,0.05
6240,ヤマシンフィルタ,0.05,0.05,0.05,0.30,0.15
6258,平田機工,0.00,0.10,0.10,0.30,0.10
6264,マルマエ,0.00,0.00,0.00,0.00,0.00
6268,ナブテスコ,0.05,0.05,0.05,0.15,0.05
6273,ＳＭＣ,0.85,0.85,0.95,3.00,0.90
6274,ヤマハモーターロボティクスホールディングス,0.05,0.05,0.05,0.15,0.05
6277,ホソカワミクロン,0.10,0.10,0.10,0.30,0.10
6284,日精エー・エス・ビー機械,0.05,0.05,0.05,0.15,0.05
6289,技研製作所,0.00,0.00,0.00,0.00,0.00
6293,日精樹脂工業,0.00,0.00,0.00,0.00,0.05
6301,小松製作所,0.00,0.00,0.00,0.00,0.00
6302,住友重機械工業,0.05,0.05,0.05,0.15,0.05
6305,日立建機,0.05,0.05,0.05,-,0.05
6310,井関農機,0.00,-,-,-,-
6315,ＴＯＷＡ,0.05,0.05,0.05,0.00,0.05
6325,タカキタ,0.05,0.05,0.05,0.15,0.05
6326,クボタ,0.00,0.00,0.00,-,0.00
6330,東洋エンジニアリング,0.00,0.00,0.00,0.00,0.00
6345,アイチコーポレーション,0.00,0.00,0.00,0.00,0.00
6349,小森コーポレーション,0.00,0.00,0.00,0.00,0.00
6351,鶴見製作所,0.05,0.05,0.05,0.15,0.05
6356,日本ギア工業,0.00,-,-,-,-
6361,荏原製作所,0.00,-,0.00,-,-
6370,栗田工業,0.00,0.00,0.00,0.00,0.00
6379,レイズネクスト,0.00,0.00,0.00,0.00,0.00
6383,ダイフク,0.15,0.15,0.15,0.90,0.15
6406,フジテック,0.05,0.05,0.05,0.15,0.05
6407,ＣＫＤ,0.05,0.05,0.05,0.15,0.05
6412,平和,0.05,0.05,0.05,0.15,0.05
6413,理想科学工業,0.00,0.00,0.00,0.00,0.00
6417,ＳＡＮＫＹＯ,0.05,0.05,0.05,0.15,0.05
6418,日本金銭機械,0.00,0.00,0.00,0.00,0.00
6428,オーイズミ,0.00,0.05,0.00,0.00,0.00
6430,ダイコク電機,0.00,0.00,0.00,0.00,0.00
6432,竹内製作所,0.00,0.00,0.00,0.00,0.05
6445,蛇の目ミシン工業,0.05,0.05,0.05,0.15,0.00
6448,ブラザー工業,0.05,0.05,0.05,0.00,0.05
6454,マックス,0.00,0.00,0.00,0.00,0.00
6455,モリタホールディングス,0.05,-,-,-,0.00
6460,セガサミーホールディングス,0.00,0.00,-,0.00,0.00
6465,ホシザキ,0.00,0.00,0.00,0.00,0.00
6471,日本精工,0.00,0.00,0.00,0.00,0.00
6473,ジェイテクト,0.00,0.00,0.00,-,0.00
6474,不二越,0.00,0.05,0.00,0.15,0.00
6479,ミネベアミツミ,0.05,0.05,0.00,-,0.05
6481,ＴＨＫ,0.05,0.05,0.05,0.15,0.05
6485,前澤給装工業,0.05,0.05,0.05,0.15,-
6490,日本ピラー工業,0.05,0.05,0.05,0.15,0.05
6498,キッツ,0.00,0.05,0.00,0.00,0.00
6503,三菱電機,0.00,0.00,0.00,0.00,0.00
6504,富士電機,0.00,0.00,-,0.00,0.00
6505,東洋電機製造,0.00,0.00,0.00,0.00,0.00
6506,安川電機,0.00,0.00,0.00,0.00,0.10
6516,山洋電気,0.00,0.10,0.00,-,0.10
6535,アイモバイル,0.05,0.05,0.05,0.30,0.05
6538,キャリアインデックス,0.00,0.00,0.00,0.00,0.00
6551,ツナググループ・ホールディングス,0.00,0.00,0.00,0.00,0.00
6552,ＧａｍｅＷｉｔｈ,0.00,0.00,0.00,0.00,0.00
6584,三櫻工業,0.00,0.00,0.00,0.00,0.00
6586,マキタ,0.00,0.00,0.00,0.00,0.00
6615,ユー・エム・シー・エレクトロニクス,0.05,0.00,0.05,0.00,0.00
6619,ダブル・スコープ,0.00,0.00,0.00,-,0.00
6622,ダイヘン,0.05,-,0.00,0.00,0.00
6630,ヤーマン,0.05,0.05,0.05,0.15,0.05
6640,第一精工,0.00,0.00,0.00,0.00,0.05
6645,オムロン,0.15,0.15,0.15,0.30,0.15
6652,ＩＤＥＣ,0.00,0.00,0.00,0.15,0.05
6654,不二電機工業,0.05,0.05,0.05,0.15,0.05
6702,富士通,0.20,0.20,0.20,0.60,0.20
6704,岩崎通信機,0.05,0.05,0.05,0.15,0.05
6715,ナカヨ,0.05,0.05,0.05,0.15,0.05
6723,ルネサスエレクトロニクス,0.00,0.00,-,-,0.00
6727,ワコム,0.00,0.00,-,0.00,0.00
6728,アルバック,0.00,0.00,0.00,-,0.00
6737,ＥＩＺＯ,0.00,0.00,-,-,-
6742,京三製作所,0.00,0.00,-,0.00,0.00
6745,ホーチキ,0.05,0.05,-,-,-
6750,エレコム,0.00,0.10,0.10,0.00,0.00
6754,アンリツ,0.05,0.05,0.05,0.15,0.05
6755,富士通ゼネラル,0.05,0.05,0.05,0.15,0.05
6763,帝国通信工業,0.00,0.00,0.05,0.00,0.05
6785,鈴木,0.05,-,0.05,-,0.05
6788,日本トリム,0.00,-,0.00,0.00,-
6794,フォスター電機,0.00,0.00,0.00,0.00,0.00
6806,ヒロセ電機,0.20,0.20,0.20,0.60,0.20
6820,アイコム,0.00,0.00,0.00,0.00,0.00
6839,船井電機,0.00,0.00,0.00,0.00,0.00
6841,横河電機,0.05,0.05,0.05,0.15,0.05
6845,アズビル,0.00,-,0.05,0.00,0.05
6848,東亜ディーケーケー,0.00,0.00,0.00,0.00,0.00
6850,チノー,0.05,0.00,0.05,0.15,0.00
6853,共和電業,0.00,-,0.00,0.15,0.00
6855,日本電子材料,0.00,0.00,0.00,0.00,0.00
6861,キーエンス,0.70,0.65,0.70,1.95,0.65
6877,ＯＢＡＲＡ　ＧＲＯＵＰ,0.00,0.00,0.00,0.00,0.00
6879,ＩＭＡＧＩＣＡ　ＧＲＯＵＰ,0.00,0.00,0.00,0.00,0.00
6902,デンソー,0.00,0.00,0.00,-,0.10
6908,イリソ電子工業,0.00,0.00,0.00,0.00,0.00
6923,スタンレー電気,0.05,0.05,0.00,0.15,0.05
6926,岡谷電機産業,0.05,0.05,0.05,0.15,0.05
6947,図研,0.05,0.00,0.05,0.15,-
6952,カシオ計算機,0.05,0.05,0.05,0.15,0.05
6962,大真空,0.05,0.05,0.05,0.15,0.05
6965,浜松ホトニクス,0.10,0.10,0.10,0.30,0.10
6967,新光電気工業,0.05,0.05,0.05,0.15,0.05
6976,太陽誘電,0.05,0.00,0.05,0.00,0.05
6988,日東電工,0.00,0.00,0.00,0.00,0.00
6989,北陸電気工業,0.00,0.00,0.00,0.00,0.00
6997,日本ケミコン,0.00,0.00,-,-,0.00
6999,ＫＯＡ,0.00,0.00,-,-,-
7003,三井Ｅ＆Ｓホールディングス,0.05,0.05,0.05,0.15,0.05
7004,日立造船,0.00,0.00,0.00,-,0.00
7011,三菱重工業,0.00,0.00,0.00,0.00,0.00
7102,日本車輌製造,0.05,0.05,0.05,0.15,0.05
7105,三菱ロジスネクスト,0.00,0.00,0.00,0.00,0.00
7150,島根銀行,0.00,0.05,0.05,0.15,0.00
7167,めぶきフィナンシャルグループ,0.00,0.05,0.00,0.00,0.00
7180,九州フィナンシャルグループ,0.05,0.05,0.05,0.15,0.05
7182,ゆうちょ銀行,0.05,0.05,0.05,0.15,0.05
7186,コンコルディア・フィナンシャルグループ,0.00,0.00,0.00,0.00,0.00
7187,ジェイリース,0.05,0.05,0.05,0.15,0.05
7189,西日本フィナンシャルホールディングス,0.00,0.00,0.00,0.00,0.00
7190,マーキュリアインベストメント,0.05,0.05,0.05,0.15,0.05
7191,イントラスト,0.00,0.00,0.00,0.00,0.00
7201,日産自動車,0.05,0.00,-,0.00,0.05
7202,いすゞ自動車,0.05,0.00,0.00,0.00,0.00
7203,トヨタ自動車,0.10,0.00,-,0.00,0.15
7205,日野自動車,0.05,-,-,-,-
7211,三菱自動車工業,0.00,-,0.00,0.00,0.00
7220,武蔵精密工業,0.00,-,0.00,-,0.00
7222,日産車体,0.05,0.05,0.05,0.15,0.05
7226,極東開発工業,0.00,0.00,0.00,0.00,0.00
7231,トピー工業,0.00,-,-,-,0.00
7236,ティラド,0.00,-,-,-,-
7238,曙ブレーキ工業,0.05,-,0.05,-,0.05
7239,タチエス,0.00,0.00,-,0.00,0.05
7240,ＮＯＫ,0.05,0.05,0.05,0.15,0.05
7244,市光工業,0.00,-,0.00,-,0.00
7250,太平洋工業,0.00,-,-,-,-
7256,河西工業,0.00,0.00,-,-,0.00
7259,アイシン精機,0.00,0.00,0.00,0.00,0.05
7261,マツダ,0.05,0.05,0.00,0.15,0.05
7267,本田技研工業,0.05,0.05,0.05,0.15,0.05
7269,スズキ,0.10,0.10,0.10,0.30,0.10
7270,ＳＵＢＡＲＵ,0.05,0.00,0.00,0.00,0.05
7276,小糸製作所,0.00,0.00,0.00,0.00,0.00
7277,ＴＢＫ,0.05,0.05,0.05,0.15,0.05
7278,エクセディ,0.00,0.00,0.00,-,0.05
7280,ミツバ,0.05,0.00,0.00,0.00,0.05
7282,豊田合成,0.05,0.05,0.05,0.15,0.05
7283,愛三工業,0.00,0.00,0.00,0.00,0.00
7294,ヨロズ,0.05,0.05,0.05,0.15,0.05
7296,エフ・シー・シー,0.00,0.00,0.00,0.00,0.00
7309,シマノ,0.35,0.35,0.35,1.50,0.30
7313,テイ・エス　テック,0.05,0.05,0.05,0.15,0.05
7322,三十三フィナンシャルグループ,0.05,0.00,0.05,0.00,0.00
7327,第四北越フィナンシャルグループ,0.00,0.00,0.00,0.00,0.00
7414,小野建,0.00,-,-,-,-
7416,はるやまホールディングス,0.05,0.05,0.05,0.15,0.05
7421,カッパ・クリエイト,0.05,0.05,0.05,0.15,0.05
7445,ライトオン,0.05,0.05,0.05,0.15,0.05
7455,三城ホールディングス,0.00,0.00,0.00,0.00,0.00
7458,第一興商,0.10,0.10,0.05,0.15,0.10
7459,メディパルホールディングス,0.00,0.05,0.05,0.00,0.00
7463,アドヴァン,0.05,0.05,-,-,-
7475,アルビス,0.05,0.05,0.00,0.00,0.05
7480,スズデン,0.05,0.05,0.05,0.15,0.05
7482,シモジマ,0.05,0.05,0.05,0.15,0.05
7487,小津産業,0.00,0.00,-,0.00,-
7494,コナカ,0.00,0.00,0.00,0.00,0.00
7504,高速,0.00,-,0.00,-,-
7512,イオン北海道,0.00,0.05,0.05,0.15,0.05
7513,コジマ,0.00,0.00,0.00,-,0.00
7518,ネットワンシステムズ,0.10,0.10,0.10,0.30,0.10
7522,ワタミ,0.05,0.05,0.05,0.15,0.05
7524,マルシェ,0.05,0.05,0.05,0.15,0.05
7525,リックス,0.05,0.05,0.05,0.15,0.05
7532,パン・パシフィック・インターナショナルホールディングス,0.05,0.05,0.05,0.15,0.05
7537,丸文,0.00,0.00,0.00,0.00,0.00
7545,西松屋チェーン,0.05,0.05,0.05,0.15,0.05
7550,ゼンショーホールディングス,0.05,0.05,0.05,0.15,0.05
7554,幸楽苑ホールディングス,0.05,0.10,0.05,0.30,0.10
7581,サイゼリヤ,0.05,0.05,0.05,0.15,0.05
7593,ＶＴホールディングス,0.00,0.00,0.00,0.00,0.00
7605,フジ・コーポレーション,0.05,0.05,0.05,0.15,0.05
7611,ハイデイ日高,0.05,0.05,0.05,0.15,0.05
7615,京都きもの友禅,0.00,0.05,0.05,0.15,0.05
7616,コロワイド,0.05,0.05,0.05,0.15,0.05
7618,ピーシーデポコーポレーション,0.05,0.05,0.05,0.15,0.05
7628,オーハシテクニカ,0.05,0.05,0.05,0.15,0.05
7630,壱番屋,0.10,0.10,0.10,0.30,0.10
7649,スギホールディングス,0.10,0.10,0.10,0.30,0.15
7701,島津製作所,0.00,0.00,0.00,0.00,-
7709,クボテック,0.00,0.00,0.00,0.00,0.00
7723,愛知時計電機,0.10,0.10,0.10,0.30,0.10
7725,インターアクション,0.00,0.00,0.00,0.00,-
7730,マニー,0.00,-,-,-,0.00
7734,理研計器,0.00,0.00,0.00,0.00,0.00
7739,キヤノン電子,0.00,-,-,-,-
7743,シード,0.00,0.00,0.00,0.00,0.00
7747,朝日インテック,0.00,0.00,0.00,0.00,0.00
7752,リコー,0.00,0.00,0.00,0.00,0.00
7762,シチズン時計,0.00,-,-,-,0.00
7782,シンシア,0.00,0.00,0.00,0.00,0.00
7817,パラマウントベッドホールディングス,0.00,0.00,0.00,0.00,0.00
7819,粧美堂,0.05,0.05,0.05,0.15,0.05
7832,バンダイナムコホールディングス,0.00,0.00,0.00,0.00,0.00
7840,フランスベッドホールディングス,0.00,0.00,0.00,0.00,0.00
7844,マーベラス,0.00,0.00,0.00,0.00,0.00
7846,パイロットコーポレーション,0.00,0.10,0.00,0.30,0.10
7873,アーク,0.00,0.00,0.00,0.00,0.00
7898,ウッドワン,0.00,0.00,0.00,0.00,0.00
7916,光村印刷,0.00,0.00,0.00,0.00,0.00
7921,ＴＡＫＡＲＡ　＆　ＣＯＭＰＡＮＹ,0.05,0.00,-,-,-
7931,未来工業,0.00,0.00,0.00,0.00,0.00
7936,アシックス,0.00,0.05,-,0.00,0.00
7937,ツツミ,0.00,0.00,0.00,-,-
7942,ＪＳＰ,0.00,-,0.00,-,-
7949,小松ウオール工業,0.00,0.00,0.00,0.00,0.00
7951,ヤマハ,0.10,0.10,-,-,0.10
7952,河合楽器製作所,0.05,0.05,-,0.15,0.00
7956,ピジョン,0.00,0.00,-,-,-
7962,キングジム,0.00,0.00,0.00,0.00,0.00
7965,象印マホービン,0.05,0.05,0.05,0.15,0.05
7966,リンテック,0.05,0.05,0.05,0.15,0.05
7976,三菱鉛筆,0.00,0.05,0.05,0.15,0.05
7984,コクヨ,0.05,0.05,0.05,0.15,0.05
7988,ニフコ,0.05,0.05,0.05,0.15,0.05
7989,立川ブラインド工業,0.00,-,0.05,0.15,0.00
7994,オカムラ,0.00,0.00,-,-,-
8001,伊藤忠商事,0.05,0.05,0.05,0.15,0.05
8008,ヨンドシーホールディングス,0.05,0.05,0.05,0.15,0.05
8011,三陽商会,0.05,0.05,0.05,0.00,0.05
8012,長瀬産業,0.00,0.00,0.00,0.00,0.00
8013,ナイガイ,0.05,-,0.05,0.00,0.05
8015,豊田通商,0.00,0.00,-,-,0.00
8016,オンワードホールディングス,0.00,-,0.00,0.00,-
8018,三共生興,0.05,0.05,0.00,0.15,0.05
8020,兼松,0.00,0.00,0.00,0.00,0.00
8022,美津濃,0.05,0.05,0.05,0.15,0.05
8028,ファミリーマート,0.00,0.00,0.00,-,0.05
8031,三井物産,0.00,0.00,0.00,0.00,0.00
8032,日本紙パルプ商事,0.10,0.10,0.10,0.30,0.10
8038,東都水産,0.05,0.05,0.05,0.15,0.05
8041,ＯＵＧホールディングス,0.05,0.05,0.05,0.15,0.05
8050,セイコーホールディングス,0.00,0.00,0.00,-,0.00
8051,山善,0.05,0.05,0.05,0.15,0.05
8052,椿本興業,0.05,0.05,0.05,0.15,-
8053,住友商事,0.00,0.00,-,-,0.00
8058,三菱商事,0.00,0.00,0.00,0.00,0.00
8059,第一実業,0.00,0.00,0.00,0.00,0.00
8060,キヤノンマーケティングジャパン,0.05,-,-,0.00,0.00
8068,菱洋エレクトロ,0.10,0.15,0.15,0.45,0.20
8074,ユアサ商事,0.05,0.00,0.05,0.15,0.05
8075,神鋼商事,0.00,0.00,0.00,0.00,0.00
8077,トルク,0.05,0.05,0.05,0.15,0.05
8079,正栄食品工業,0.10,0.10,0.10,0.30,0.10
8087,フルサト工業,0.05,-,0.00,0.00,0.00
8088,岩谷産業,0.10,0.10,0.10,0.30,0.10
8089,ナイス,0.00,0.00,0.00,0.00,0.00
8097,三愛石油,0.05,0.05,0.05,0.15,0.05
8101,ＧＳＩクレオス,0.00,0.00,0.00,0.00,0.00
8103,明和産業,0.05,0.05,0.05,0.15,0.10
8111,ゴールドウイン,0.00,0.00,0.00,0.00,0.10
8113,ユニ・チャーム,0.00,0.00,0.00,0.00,-
8114,デサント,0.05,0.05,0.05,0.15,0.55
8125,ワキタ,0.00,0.00,0.00,0.00,0.00
8127,ヤマトインターナショナル,0.00,0.00,0.00,-,-
8131,ミツウロコグループホールディングス,0.00,0.00,0.00,0.00,0.00
8132,シナネンホールディングス,0.10,0.10,0.10,0.30,0.10
8136,サンリオ,0.05,0.05,0.05,0.15,0.05
8140,リョーサン,0.00,0.05,0.05,0.00,0.05
8141,新光商事,0.05,0.05,0.05,0.15,0.05
8142,トーホー,0.05,0.05,0.05,0.15,0.05
8150,三信電気,0.00,0.00,0.00,0.00,0.00
8153,モスフードサービス,0.05,0.05,0.05,0.15,0.05
8158,ソーダニッカ,0.00,0.00,0.00,0.00,0.00
8159,立花エレテック,0.05,0.05,0.05,0.15,0.05
8160,木曽路,0.05,0.05,0.05,0.15,0.05
8163,ＳＲＳホールディングス,0.05,0.05,0.05,0.15,0.05
8166,タカキュー,0.00,0.00,0.00,0.00,0.05
8167,リテールパートナーズ,0.05,-,-,-,-
8168,ケーヨー,0.05,0.05,0.05,0.15,0.05
8173,上新電機,0.05,0.05,0.05,0.15,0.05
8174,日本瓦斯,0.00,0.00,0.00,0.30,-
8179,ロイヤルホールディングス,0.05,0.05,0.05,0.15,0.05
8182,いなげや,0.05,0.05,0.05,0.15,0.05
8184,島忠,0.00,0.00,0.00,0.00,0.00
8185,チヨダ,0.05,0.00,0.00,0.00,0.00
8200,リンガーハット,0.05,0.05,0.05,0.15,0.05
8214,ＡＯＫＩホールディングス,0.05,0.05,0.05,0.00,0.05
8217,オークワ,0.00,0.00,0.05,0.15,0.05
8218,コメリ,0.00,-,-,0.00,0.00
8219,青山商事,0.05,0.05,0.05,0.15,0.05
8227,しまむら,0.10,0.15,0.10,0.45,0.15
8230,はせがわ,0.05,0.05,0.05,0.15,0.05
8233,高島屋,0.05,0.05,0.05,0.15,0.05
8237,松屋,0.05,0.05,0.05,0.15,0.05
8242,エイチ・ツー・オー　リテイリング,0.00,0.00,0.00,0.00,0.05
8244,近鉄百貨店,0.05,0.05,0.05,0.15,0.05
8255,アクシアル　リテイリング,0.00,0.10,0.10,0.30,0.10
8260,井筒屋,0.00,0.00,0.05,0.15,0.05
8267,イオン,0.05,0.05,0.05,0.15,0.05
8273,イズミ,0.00,0.00,0.00,0.00,0.00
8275,フォーバル,0.05,0.05,0.05,0.15,0.05
8276,平和堂,0.05,-,-,0.00,0.05
8278,フジ,0.05,0.05,0.05,0.15,0.05
8281,ゼビオホールディングス,0.00,0.00,0.00,0.00,0.00
8282,ケーズホールディングス,0.05,0.05,0.00,0.15,0.05
8283,ＰＡＬＴＡＣ,0.00,0.10,0.10,0.30,0.10
8285,三谷産業,0.05,0.05,0.05,0.00,0.00
8289,Ｏｌｙｍｐｉｃグループ,0.05,0.05,0.05,0.15,0.05
8303,新生銀行,0.00,0.00,0.00,0.00,-
8309,三井住友トラスト・ホールディングス,0.00,-,-,-,-
8331,千葉銀行,0.00,0.05,0.05,0.00,0.00
8334,群馬銀行,0.00,0.05,0.05,0.15,0.00
8336,武蔵野銀行,0.00,0.00,0.00,0.00,0.00
8338,筑波銀行,0.00,0.05,0.00,0.15,0.00
8341,七十七銀行,0.05,0.05,0.05,0.15,0.05
8342,青森銀行,0.05,0.05,0.05,0.15,0.05
8343,秋田銀行,0.05,0.05,0.05,0.15,0.05
8344,山形銀行,0.05,0.05,0.05,0.15,0.05
8345,岩手銀行,0.05,0.05,0.05,0.15,0.05
8346,東邦銀行,0.05,0.05,0.05,0.15,0.05
8349,東北銀行,0.00,0.00,0.00,0.00,0.00
8350,みちのく銀行,0.05,0.05,0.05,0.15,0.05
8354,ふくおかフィナンシャルグループ,0.05,0.05,0.05,-,0.05
8358,スルガ銀行,0.00,0.00,0.00,0.00,0.00
8359,八十二銀行,0.00,0.00,-,0.00,0.05
8360,山梨中央銀行,0.00,0.00,0.00,0.00,0.00
8361,大垣共立銀行,0.05,0.05,0.05,0.15,0.05
8362,福井銀行,0.05,0.05,0.05,0.15,0.05
8363,北國銀行,0.05,0.05,0.05,0.15,0.05
8364,清水銀行,0.05,0.05,0.05,0.15,0.05
8365,富山銀行,0.05,0.05,0.05,0.15,0.05
8366,滋賀銀行,0.05,0.05,0.05,0.15,0.05
8367,南都銀行,0.05,0.05,0.05,0.15,0.05
8369,京都銀行,0.05,0.10,0.10,0.30,0.00
8370,紀陽銀行,0.05,0.05,0.05,0.15,0.05
8379,広島銀行,0.00,0.05,0.00,0.15,0.00
8382,中国銀行,0.05,0.05,0.05,0.15,0.05
8383,鳥取銀行,0.00,0.00,0.00,0.00,0.00
8385,伊予銀行,0.05,0.05,0.05,0.15,0.05
8386,百十四銀行,0.05,0.05,0.05,0.15,0.05
8387,四国銀行,0.00,0.00,0.00,0.00,0.00
8388,阿波銀行,0.05,0.05,0.05,0.15,0.05
8392,大分銀行,0.05,0.05,0.05,0.15,0.05
8393,宮崎銀行,0.05,0.05,0.05,0.15,0.05
8395,佐賀銀行,0.05,0.05,0.05,0.15,0.05
8397,沖縄銀行,0.05,0.05,0.05,0.15,0.05
8399,琉球銀行,0.05,0.05,0.05,0.15,0.05
8410,セブン銀行,0.00,-,-,-,0.00
8521,長野銀行,0.00,0.00,0.05,0.00,0.00
8527,愛知銀行,0.05,0.05,0.05,0.15,0.05
8530,中京銀行,0.05,0.05,0.05,0.15,0.05
8537,大光銀行,0.05,0.05,0.05,0.15,0.05
8541,愛媛銀行,0.05,0.05,0.05,0.15,0.05
8542,トマト銀行,0.05,0.05,0.05,0.15,0.05
8544,京葉銀行,0.00,0.05,0.05,0.00,0.05
8550,栃木銀行,0.00,-,0.00,-,-
8551,北日本銀行,0.05,0.05,0.05,0.15,0.05
8558,東和銀行,0.05,0.05,0.05,0.15,0.05
8563,大東銀行,0.05,0.05,0.05,0.15,0.05
8566,リコーリース,0.00,0.00,-,-,-
8572,アコム,0.00,-,-,-,0.00
8595,ジャフコ,0.00,0.00,0.00,0.00,0.05
8601,大和証券グループ本社,0.00,0.00,0.00,0.15,0.05
8613,丸三証券,0.00,0.00,0.00,0.00,0.00
8614,東洋証券,0.00,-,0.00,0.00,0.00
8617,光世証券,0.00,0.00,0.00,0.00,0.00
8622,水戸証券,0.00,-,-,-,-
8624,いちよし証券,0.00,0.00,0.00,0.00,0.00
8628,松井証券,0.00,0.00,0.00,0.00,0.00
8697,日本取引所グループ,0.05,0.05,0.05,0.15,0.05
8698,マネックスグループ,0.05,0.05,0.00,0.15,0.05
8708,藍澤證券,0.05,0.05,0.05,0.15,0.05
8714,池田泉州ホールディングス,0.00,-,0.00,-,0.00
8715,アニコム　ホールディングス,0.10,0.10,0.10,0.30,0.10
8725,ＭＳ＆ＡＤインシュアランスグループホールディングス,0.00,0.00,0.00,0.15,0.05
8750,第一生命ホールディングス,0.05,0.05,0.00,0.15,0.00
8793,ＮＥＣキャピタルソリューション,0.00,0.00,0.00,0.00,0.00
8795,Ｔ＆Ｄホールディングス,0.05,-,-,-,0.00
8798,アドバンスクリエイト,0.05,0.05,0.05,0.15,0.05
8801,三井不動産,0.05,0.00,0.05,0.00,0.05
8802,三菱地所,0.05,0.00,0.00,0.00,0.00
8803,平和不動産,0.05,0.10,0.10,0.30,0.10
8804,東京建物,0.00,0.00,0.00,-,-
8806,ダイビル,0.05,0.05,0.05,-,-
8830,住友不動産,0.05,0.05,0.05,0.00,0.05
8841,テーオーシー,0.00,0.00,0.00,0.00,0.00
8850,スターツコーポレーション,0.00,0.00,0.00,0.00,0.00
8860,フジ住宅,0.00,0.00,0.00,0.00,0.00
8871,ゴールドクレスト,0.00,0.00,0.00,0.00,0.00
8892,日本エスコン,0.00,0.00,0.05,0.00,0.00
8904,ＡＶＡＮＴＩＡ,0.00,0.05,0.00,0.15,0.00
8917,ファースト住建,0.05,0.05,0.05,0.15,0.05
8919,カチタス,0.00,0.00,0.00,0.00,0.00
8923,トーセイ,0.00,0.00,0.00,0.00,0.00
8928,穴吹興産,0.00,0.00,0.00,0.15,0.00
8935,エフ・ジェー・ネクスト,0.00,0.00,0.00,0.00,0.00
8940,インテリックス,0.00,0.00,0.00,-,0.05
8999,グランディハウス,0.00,-,0.00,-,0.00
9001,東武鉄道,0.10,0.10,0.10,0.30,0.10
9003,相鉄ホールディングス,0.05,0.05,0.05,0.15,0.05
9005,東急,0.00,0.00,-,-,0.00
9006,京浜急行電鉄,0.05,0.05,0.05,0.15,0.05
9007,小田急電鉄,0.05,0.05,0.05,0.15,0.05
9008,京王電鉄,0.10,0.10,0.10,0.30,0.10
9009,京成電鉄,0.05,0.00,0.00,0.00,0.05
9010,富士急行,0.10,0.10,0.10,0.60,0.10
9014,新京成電鉄,0.05,-,0.00,0.00,0.00
9021,西日本旅客鉄道,0.00,0.00,-,-,0.15
9022,東海旅客鉄道,0.30,0.30,0.30,1.05,0.35
9025,鴻池運輸,0.00,-,-,-,-
9031,西日本鉄道,0.05,0.05,0.05,0.30,0.05
9039,サカイ引越センター,0.00,-,0.00,0.00,0.00
9041,近鉄グループホールディングス,0.10,0.10,0.10,0.30,0.10
9042,阪急阪神ホールディングス,0.10,0.10,0.10,0.30,0.10
9044,南海電気鉄道,0.00,0.00,0.00,0.00,0.00
9045,京阪ホールディングス,0.10,0.10,0.10,0.30,0.10
9046,神戸電鉄,0.10,0.10,0.10,0.30,0.10
9048,名古屋鉄道,0.10,0.10,0.05,0.30,0.10
9052,山陽電気鉄道,0.05,0.05,0.05,0.15,0.05
9062,日本通運,0.00,-,-,0.00,-
9064,ヤマトホールディングス,0.00,0.05,0.00,0.00,0.00
9066,日新,0.00,0.00,0.00,0.00,0.00
9069,センコーグループホールディングス,0.00,0.00,0.00,0.00,0.00
9070,トナミホールディングス,0.10,0.00,0.10,0.00,0.10
9072,ニッコンホールディングス,0.05,0.05,0.05,0.15,0.05
9074,日本石油輸送,0.00,0.00,0.00,0.00,0.00
9075,福山通運,0.10,0.10,0.10,0.30,0.10
9076,セイノーホールディングス,0.00,0.00,0.00,0.00,-
9081,神奈川中央交通,0.10,0.10,0.10,0.30,0.10
9086,日立物流,0.05,0.05,0.00,0.15,0.05
9090,丸和運輸機関,0.10,0.10,0.10,0.30,0.10
9101,日本郵船,0.05,0.05,0.05,0.15,0.05
9104,商船三井,0.00,0.00,0.00,0.00,0.05
9142,九州旅客鉄道,0.05,0.05,0.00,0.00,0.00
9143,ＳＧホールディングス,0.05,0.00,0.05,0.30,0.00
9201,日本航空,0.00,0.00,0.00,0.15,0.05
9202,ＡＮＡホールディングス,0.05,0.05,0.05,0.15,0.05
9262,シルバーライフ,0.00,0.00,0.00,0.15,0.00
9274,国際紙パルプ商事,0.05,0.05,0.05,0.15,0.00
9278,ブックオフグループホールディングス,0.05,0.05,0.05,0.15,0.05
9301,三菱倉庫,0.00,0.00,0.00,0.00,0.00
9306,東陽倉庫,0.05,0.05,0.05,0.15,0.05
9308,乾汽船,0.05,0.05,0.05,0.15,0.05
9310,日本トランスシティ,0.05,0.05,0.05,0.15,0.05
9364,上組,0.05,0.00,0.00,0.00,0.00
9375,近鉄エクスプレス,0.00,0.05,0.00,0.15,0.05
9401,東京放送ホールディングス,0.05,0.05,0.05,0.15,0.05
9404,日本テレビホールディングス,0.05,-,0.00,-,0.05
9405,朝日放送グループホールディングス,0.05,0.05,0.05,0.15,0.05
9413,テレビ東京ホールディングス,0.05,0.05,0.05,0.15,0.05
9414,日本ＢＳ放送,0.05,0.05,0.00,0.00,0.00
9419,ワイヤレスゲート,0.05,0.05,0.05,0.15,1.40
9422,コネクシオ,0.05,0.05,0.05,0.00,-
9424,日本通信,0.00,0.00,-,0.00,0.00
9433,ＫＤＤＩ,0.00,0.00,-,-,-
9437,ＮＴＴドコモ,0.00,0.00,0.00,0.30,0.00
9449,ＧＭＯインターネット,0.05,0.05,0.05,0.15,0.05
9450,ファイバーゲート,0.00,0.05,0.05,0.15,0.05
9475,昭文社ホールディングス,0.05,-,0.05,-,-
9503,関西電力,0.00,-,-,-,-
9504,中国電力,0.05,0.05,0.05,0.15,0.05
9505,北陸電力,0.00,0.00,-,-,-
9506,東北電力,0.00,0.00,-,0.00,-
9508,九州電力,0.00,0.00,0.00,0.00,0.00
9511,沖縄電力,0.05,0.05,-,0.15,0.00
9513,電源開発,0.00,-,0.00,-,0.00
9517,イーレックス,0.00,0.00,0.00,0.00,0.00
9531,東京瓦斯,0.00,-,-,0.00,-
9532,大阪瓦斯,0.05,0.05,0.05,0.15,0.05
9533,東邦瓦斯,0.25,0.35,0.30,0.90,0.15
9534,北海道瓦斯,0.05,0.05,0.05,0.15,0.05
9536,西部瓦斯,0.05,0.05,0.05,0.15,0.05
9543,静岡ガス,0.05,0.05,0.05,0.15,0.05
9551,メタウォーター,0.00,0.00,0.00,0.00,0.00
9601,松竹,0.20,0.20,0.20,0.60,0.20
9602,東宝,0.10,0.10,0.10,0.30,0.10
9603,エイチ・アイ・エス,0.05,0.05,0.05,0.15,0.05
9605,東映,0.20,0.25,0.25,0.60,0.25
9616,共立メンテナンス,0.10,0.05,0.05,0.15,0.05
9622,スペース,0.05,0.05,0.05,0.15,0.05
9627,アインホールディングス,0.10,0.10,0.10,0.30,0.05
9628,燦ホールディングス,0.00,0.00,0.00,0.00,0.00
9633,東京テアトル,0.05,0.05,0.05,0.15,0.05
9663,ナガワ,0.15,0.15,0.15,0.45,0.15
9671,よみうりランド,0.10,0.10,0.10,0.30,0.10
9672,東京都競馬,0.10,0.10,0.10,0.30,0.10
9675,常磐興産,0.05,0.05,0.05,0.15,0.05
9681,東京ドーム,0.05,0.05,0.05,0.15,0.05
9697,カプコン,0.10,0.05,0.10,0.15,0.05
9706,日本空港ビルデング,0.10,0.10,0.10,0.30,0.10
9722,藤田観光,0.05,0.05,0.05,0.15,0.05
9726,ＫＮＴ−ＣＴホールディングス,0.50,0.50,0.15,0.15,0.05
9728,日本管財,0.05,0.00,0.05,0.15,0.05
9729,トーカイ,0.05,0.05,0.05,0.15,0.05
9735,セコム,0.10,0.00,0.00,0.00,0.00
9749,富士ソフト,0.00,-,0.00,-,-
9760,進学会ホールディングス,0.00,0.00,-,-,-
9766,コナミホールディングス,0.05,0.05,0.05,0.15,0.05
9793,ダイセキ,0.00,0.00,-,-,-
9824,泉州電業,0.00,0.05,-,0.15,-
9828,元気寿司,0.05,0.05,0.00,0.15,0.05
9830,トラスコ中山,0.05,0.00,-,0.00,0.00
9831,ヤマダ電機,0.05,0.05,0.00,0.15,0.05
9843,ニトリホールディングス,0.30,0.30,0.30,0.90,0.30
9850,グルメ杵屋,0.05,0.05,0.05,0.15,0.05
9861,吉野家ホールディングス,0.00,0.05,0.05,0.15,0.05
9872,北恵,0.00,0.05,0.05,0.00,0.05
9887,松屋フーズホールディングス,0.10,0.10,0.10,0.30,0.10
9896,ＪＫホールディングス,0.05,0.05,0.05,0.15,0.05
9900,サガミホールディングス,0.05,0.05,0.05,0.15,0.05
9902,日伝,0.05,0.05,0.05,0.15,0.05
9919,関西スーパーマーケット,0.05,0.05,0.05,0.15,0.00
9930,北沢産業,0.05,0.05,0.05,0.15,0.05
9936,王将フードサービス,0.10,0.10,0.10,0.30,0.10
9945,プレナス,0.05,0.05,0.05,0.15,0.05
9946,ミニストップ,0.05,0.05,0.05,0.15,0.05
9962,ミスミグループ本社,0.05,0.05,0.05,0.15,0.05
9979,大庄,0.05,0.05,0.05,0.15,0.05
9982,タキヒヨー,0.05,0.05,0.05,0.15,0.05
9983,ファーストリテイリング,0.90,0.85,0.85,2.55,0.85
9984,ソフトバンクグループ,0.10,0.10,0.05,0.30,0.10
9994,やまや,0.05,0.05,0.05,0.15,0.05
